// Generated by tools/generate_font_assets.py from Inter 4.1 and Atkinson Hyperlegible (OFL-1.1).
// Nibbles encode ink coverage; assets are rasterized at final physical size.
#pragma once
#include <stdint.h>
namespace ui::fonts {
struct Glyph { uint32_t offset; uint8_t width; uint8_t height; int8_t xOffset; int8_t yOffset; uint8_t advance; };
struct Font { const Glyph* glyphs; const uint8_t* bitmap; uint8_t ascent; uint8_t descent; uint8_t lineHeight; };
static constexpr Glyph kCaptionGlyphs[] = {
  {0, 4, 0, 0, 0, 4},
  {0, 5, 11, 0, -11, 5},
  {28, 8, 11, 0, -11, 8},
  {72, 10, 11, 0, -11, 10},
  {127, 10, 13, 0, -12, 10},
  {192, 15, 11, 0, -11, 15},
  {275, 10, 11, 0, -11, 10},
  {330, 5, 11, 0, -11, 5},
  {358, 6, 13, 0, -11, 6},
  {397, 6, 13, 0, -11, 6},
  {436, 8, 11, 0, -11, 8},
  {480, 10, 8, 0, -8, 10},
  {520, 5, 4, 0, -1, 5},
  {530, 7, 6, 0, -6, 7},
  {551, 5, 3, 0, -3, 5},
  {559, 6, 13, 0, -11, 6},
  {598, 10, 11, 0, -11, 10},
  {653, 6, 11, 0, -11, 6},
  {686, 9, 11, 0, -11, 9},
  {736, 10, 11, 0, -11, 10},
  {791, 10, 11, 0, -11, 10},
  {846, 9, 11, 0, -11, 9},
  {896, 10, 11, 0, -11, 10},
  {951, 9, 11, 0, -11, 9},
  {1001, 10, 11, 0, -11, 10},
  {1056, 10, 11, 0, -11, 10},
  {1111, 5, 9, 0, -9, 5},
  {1134, 5, 12, 0, -9, 5},
  {1164, 10, 9, 0, -9, 10},
  {1209, 10, 7, 0, -7, 10},
  {1244, 10, 9, 0, -9, 10},
  {1289, 8, 11, 0, -11, 8},
  {1333, 15, 14, 0, -11, 15},
  {1438, 11, 11, 0, -11, 11},
  {1499, 10, 11, 0, -11, 10},
  {1554, 11, 11, 0, -11, 11},
  {1615, 11, 11, 0, -11, 11},
  {1676, 9, 11, 0, -11, 9},
  {1726, 9, 11, 0, -11, 9},
  {1776, 11, 11, 0, -11, 11},
  {1837, 11, 11, 0, -11, 11},
  {1898, 4, 11, 0, -11, 4},
  {1920, 9, 11, 0, -11, 9},
  {1970, 11, 11, 0, -11, 11},
  {2031, 8, 11, 0, -11, 8},
  {2075, 14, 11, 0, -11, 14},
  {2152, 11, 11, 0, -11, 11},
  {2213, 12, 11, 0, -11, 12},
  {2279, 10, 11, 0, -11, 10},
  {2334, 12, 12, 0, -11, 12},
  {2406, 10, 11, 0, -11, 10},
  {2461, 10, 11, 0, -11, 10},
  {2516, 10, 11, 0, -11, 10},
  {2571, 11, 11, 0, -11, 11},
  {2632, 11, 11, 0, -11, 11},
  {2693, 15, 11, 0, -11, 15},
  {2776, 11, 11, 0, -11, 11},
  {2837, 11, 11, 0, -11, 11},
  {2898, 10, 11, 0, -11, 10},
  {2953, 6, 13, 0, -11, 6},
  {2992, 6, 13, 0, -11, 6},
  {3031, 6, 13, 0, -11, 6},
  {3070, 7, 11, 0, -11, 7},
  {3109, 8, 2, 0, -1, 7},
  {3117, 5, 12, 0, -12, 5},
  {3147, 9, 8, 0, -8, 9},
  {3183, 9, 11, 0, -11, 9},
  {3233, 9, 8, 0, -8, 9},
  {3269, 9, 11, 0, -11, 9},
  {3319, 9, 8, 0, -8, 9},
  {3355, 6, 11, 0, -11, 6},
  {3388, 9, 11, 0, -8, 9},
  {3438, 9, 11, 0, -11, 9},
  {3488, 4, 11, 0, -11, 4},
  {3510, 5, 14, -1, -11, 4},
  {3545, 9, 11, 0, -11, 9},
  {3595, 4, 11, 0, -11, 4},
  {3617, 14, 8, 0, -8, 14},
  {3673, 9, 8, 0, -8, 9},
  {3709, 9, 8, 0, -8, 9},
  {3745, 9, 11, 0, -8, 9},
  {3795, 9, 11, 0, -8, 9},
  {3845, 6, 9, 0, -9, 6},
  {3872, 8, 8, 0, -8, 8},
  {3904, 6, 10, 0, -10, 5},
  {3934, 9, 8, 0, -8, 9},
  {3970, 9, 8, 0, -8, 9},
  {4006, 13, 8, 0, -8, 13},
  {4058, 9, 8, 0, -8, 9},
  {4094, 9, 11, 0, -8, 9},
  {4144, 8, 8, 0, -8, 8},
  {4176, 7, 14, 0, -11, 7},
  {4225, 5, 18, 0, -15, 5},
  {4270, 7, 14, 0, -11, 7},
  {4319, 10, 6, 0, -6, 10},
};
static constexpr uint8_t kCaptionBitmap[] = {
  0xF0, 0xEF, 0x00, 0xFF, 0x0E, 0xF0, 0xEF, 0x00, 0xFF, 0x0E, 0xF0, 0xEF, 0x00, 0xFF, 0x0E, 0xF0,
  0xDF, 0x00, 0x00, 0x00, 0x00, 0x00, 0x00, 0xFF, 0x0E, 0xF0, 0xEF, 0x00, 0xE0, 0xEF, 0xFF, 0x0E,
  0xE0, 0xDF, 0xFE, 0x0D, 0xE0, 0xDF, 0xFE, 0x0D, 0xE0, 0xDF, 0xFE, 0x00, 0x00, 0x00, 0x00, 0x00,
  0x00, 0x00, 0x00, 0x00, 0x00, 0x00, 0x00, 0x00, 0x00, 0x00, 0x00, 0x00, 0x00, 0x00, 0x00, 0x00,
  0x00, 0x00, 0x00, 0x00, 0x00, 0x00, 0x00, 0x00, 0x00, 0xF0, 0x0E, 0xF0, 0x0D, 0x00, 0xF0, 0x0D,
  0xFE, 0x00, 0x00, 0xFE, 0x00, 0xFE, 0x00, 0xF0, 0xFF, 0xFF, 0xFF, 0xEF, 0xF0, 0xFF, 0xFF, 0xFF,
  0x0F, 0x00, 0xFF, 0x00, 0xFF, 0x00, 0x00, 0xFF, 0x00, 0xEF, 0x00, 0xFF, 0xFF, 0xFF, 0xFF, 0x0F,
  0xFE, 0xFF, 0xFF, 0xFF, 0x0D, 0xE0, 0x0F, 0xF0, 0x0F, 0x00, 0xF0, 0x0F, 0xF0, 0x0F, 0x00, 0x00,
  0x00, 0xEF, 0x00, 0x00, 0x00, 0xFE, 0xFF, 0xEF, 0x00, 0xE0, 0xFF, 0xFF, 0xFF, 0x0E, 0xF0, 0x0F,
  0xEF, 0xFD, 0x0F, 0xF0, 0x0F, 0xEF, 0x00, 0x00, 0xF0, 0xFF, 0xFF, 0x00, 0x00, 0x00, 0xFE, 0xFF,
  0xFF, 0x00, 0x00, 0x00, 0xFF, 0xFF, 0x0F, 0xD0, 0x00, 0xEF, 0xF0, 0x0F, 0xF0, 0x0F, 0xEF, 0xF0,
  0x0F, 0xF0, 0xFF, 0xFF, 0xFF, 0x0F, 0x00, 0xFF, 0xFF, 0xEF, 0x00, 0x00, 0x00, 0xEF, 0x00, 0x00,
  0x00, 0xFF, 0xDF, 0x00, 0x00, 0xFF, 0x00, 0x00, 0xFE, 0xFF, 0x0F, 0x00, 0xFE, 0x00, 0x00, 0xF0,
  0x0F, 0xFE, 0x00, 0xFD, 0x0D, 0x00, 0x00, 0xFE, 0xF0, 0x0F, 0xF0, 0x0F, 0x00, 0x00, 0x00, 0xFF,
  0xFF, 0xF0, 0x0F, 0x00, 0x00, 0x00, 0x00, 0xEE, 0xD0, 0xDF, 0x00, 0x00, 0x00, 0x00, 0x00, 0x00,
  0xFF, 0xD0, 0xFF, 0x0F, 0x00, 0x00, 0x00, 0xFF, 0x00, 0xFF, 0xFF, 0x0E, 0x00, 0x00, 0xFD, 0x00,
  0xF0, 0x0E, 0xFF, 0x00, 0x00, 0xF0, 0x0E, 0x00, 0xFF, 0xFF, 0x0E, 0x00, 0xF0, 0x0F, 0x00, 0xD0,
  0xFF, 0x0F, 0x00, 0x00, 0xFD, 0xFF, 0x0D, 0x00, 0x00, 0xFF, 0xFF, 0x0F, 0x00, 0xE0, 0xEF, 0xE0,
  0x0F, 0x00, 0xD0, 0xFF, 0xF0, 0x0F, 0x00, 0x00, 0xFF, 0xFF, 0x0E, 0x00, 0x00, 0xFF, 0xEF, 0x00,
  0x00, 0xF0, 0xFF, 0xFF, 0xF0, 0x0F, 0xFD, 0x0F, 0xFE, 0xFF, 0x0F, 0xFD, 0x0F, 0xE0, 0xFF, 0x0F,
  0xF0, 0xFF, 0xFF, 0xFF, 0x0F, 0x00, 0xFF, 0xFF, 0xFE, 0xEF, 0xE0, 0xEF, 0x00, 0xFE, 0x0D, 0xE0,
  0xDF, 0x00, 0xFE, 0x0D, 0x00, 0x00, 0x00, 0x00, 0x00, 0x00, 0x00, 0x00, 0x00, 0x00, 0x00, 0x00,
  0x00, 0x00, 0x00, 0x00, 0x00, 0x00, 0x00, 0xF0, 0x0F, 0x00, 0xFF, 0x0E, 0x00, 0xFF, 0x00, 0x00,
  0xFF, 0x00, 0xE0, 0xFF, 0x00, 0xF0, 0xEF, 0x00, 0xF0, 0xEF, 0x00, 0xF0, 0xEF, 0x00, 0xE0, 0xEF,
  0x00, 0xD0, 0xFF, 0x00, 0x00, 0xFF, 0x00, 0x00, 0xFF, 0x0E, 0x00, 0xF0, 0x0F, 0xFD, 0x0F, 0x00,
  0xF0, 0x0F, 0x00, 0xE0, 0xEF, 0x00, 0xD0, 0xFF, 0x00, 0x00, 0xFF, 0x00, 0x00, 0xFF, 0x00, 0x00,
  0xFF, 0x0D, 0x00, 0xFF, 0x00, 0x00, 0xFF, 0x00, 0x00, 0xFF, 0x00, 0xE0, 0xFF, 0x00, 0xF0, 0x0F,
  0x00, 0xFD, 0x0F, 0x00, 0x00, 0xF0, 0x0F, 0x00, 0xF0, 0xFF, 0xEF, 0x0F, 0xD0, 0xFF, 0xFF, 0x0E,
  0xD0, 0xFF, 0xFF, 0x0D, 0xF0, 0xFF, 0xEF, 0x0F, 0x00, 0xF0, 0x0F, 0x00, 0x00, 0x00, 0x00, 0x00,
  0x00, 0x00, 0x00, 0x00, 0x00, 0x00, 0x00, 0x00, 0x00, 0x00, 0x00, 0x00, 0x00, 0x00, 0x00, 0x00,
  0x00, 0x00, 0xFF, 0x00, 0x00, 0x00, 0x00, 0xFF, 0x00, 0x00, 0xE0, 0xFF, 0xFF, 0xFF, 0x0E, 0xF0,
  0xFF, 0xFF, 0xFF, 0x0F, 0x00, 0x00, 0xFF, 0x00, 0x00, 0x00, 0x00, 0xFF, 0x00, 0x00, 0x00, 0x00,
  0xFF, 0x00, 0x00, 0x00, 0x00, 0x00, 0x00, 0x00, 0xF0, 0xEF, 0x00, 0xFF, 0x00, 0xF0, 0x0F, 0x00,
  0xEF, 0x00, 0xE0, 0xFF, 0xEF, 0x00, 0xFF, 0xFF, 0x0F, 0x00, 0x00, 0x00, 0x00, 0x00, 0x00, 0x00,
  0x00, 0x00, 0x00, 0x00, 0x00, 0x00, 0x00, 0x00, 0x00, 0x00, 0xFF, 0x0E, 0xF0, 0xDF, 0x00, 0x00,
  0x00, 0x0F, 0x00, 0xF0, 0x0F, 0x00, 0xF0, 0x0F, 0x00, 0xF0, 0x0F, 0x00, 0xFE, 0x0D, 0x00, 0xFF,
  0x00, 0x00, 0xFF, 0x00, 0xD0, 0xEF, 0x00, 0xE0, 0x0F, 0x00, 0xF0, 0x0F, 0x00, 0xF0, 0x0F, 0x00,
  0xFE, 0x0E, 0x00, 0xFF, 0x00, 0x00, 0x00, 0xFD, 0xFF, 0x0F, 0x00, 0x00, 0xFF, 0xFF, 0xFF, 0x00,
  0xF0, 0xEF, 0x00, 0xFE, 0x0F, 0xF0, 0x0F, 0x00, 0xF0, 0x0F, 0xFD, 0x0F, 0x00, 0xF0, 0x0F, 0xFD,
  0x0F, 0x00, 0xF0, 0x0F, 0xFD, 0x0F, 0x00, 0xF0, 0x0F, 0xF0, 0x0F, 0x00, 0xF0, 0x0F, 0xF0, 0xEF,
  0x00, 0xFE, 0x0F, 0xD0, 0xFF, 0xFF, 0xFF, 0x00, 0x00, 0xFD, 0xFF, 0x0F, 0x00, 0x00, 0xFF, 0xDF,
  0xF0, 0xFF, 0xDF, 0xFE, 0xFE, 0xDF, 0x00, 0xF0, 0xDF, 0x00, 0xF0, 0xDF, 0x00, 0xF0, 0xDF, 0x00,
  0xF0, 0xDF, 0x00, 0xF0, 0xDF, 0x00, 0xF0, 0xDF, 0x00, 0xF0, 0xDF, 0x00, 0xF0, 0xDF, 0x00, 0xFE,
  0xFF, 0x0F, 0x00, 0xFE, 0xFF, 0xFF, 0x0F, 0xF0, 0x0F, 0x00, 0xFF, 0x00, 0xEE, 0x00, 0xF0, 0xDF,
  0x00, 0x00, 0x00, 0xFF, 0x00, 0x00, 0x00, 0xFF, 0x0E, 0x00, 0x00, 0xFF, 0x0F, 0x00, 0x00, 0xFF,
  0x0F, 0x00, 0x00, 0xFF, 0x0F, 0x00, 0x00, 0xFF, 0xFF, 0xFF, 0xDF, 0xF0, 0xFF, 0xFF, 0xFF, 0x0E,
  0x00, 0xFE, 0xFF, 0x0F, 0x00, 0xE0, 0xFF, 0xFF, 0xFF, 0x00, 0xF0, 0x0F, 0x00, 0xFF, 0x0D, 0x00,
  0x00, 0x00, 0xFF, 0x0E, 0x00, 0x00, 0xD0, 0xFF, 0x00, 0x00, 0xE0, 0xFF, 0x0F, 0x00, 0x00, 0xD0,
  0xFF, 0xFF, 0x00, 0x00, 0x00, 0x00, 0xFE, 0x0F, 0xF0, 0x0F, 0x00, 0xFE, 0x0F, 0xF0, 0xFF, 0xFF,
  0xFF, 0x0D, 0x00, 0xFF, 0xFF, 0xDF, 0x00, 0x00, 0x00, 0xF0, 0xFF, 0x00, 0x00, 0x00, 0xFF, 0xFF,
  0x00, 0x00, 0x00, 0xFF, 0xFF, 0x00, 0x00, 0xF0, 0xDF, 0xFF, 0x00, 0x00, 0xFE, 0x0F, 0xFF, 0x00,
  0x00, 0xFF, 0x00, 0xFF, 0x00, 0xF0, 0xEF, 0x00, 0xFF, 0x00, 0xF0, 0xFF, 0xFF, 0xFF, 0x0F, 0xFD,
  0xFF, 0xFF, 0xFF, 0xDF, 0x00, 0x00, 0x00, 0xFF, 0x00, 0x00, 0x00, 0x00, 0xFF, 0x00, 0xF0, 0xFF,
  0xFF, 0xFF, 0x00, 0xFF, 0xFF, 0xFF, 0x0E, 0xF0, 0x0F, 0x00, 0x00, 0x00, 0xFF, 0x00, 0x00, 0x00,
  0xF0, 0xFF, 0xFF, 0x0F, 0x00, 0xFF, 0xFF, 0xFF, 0x0F, 0x00, 0x00, 0x00, 0xFF, 0x0D, 0x00, 0x00,
  0xF0, 0xEF, 0xF0, 0x0F, 0x00, 0xFF, 0x0D, 0xFF, 0xFF, 0xFF, 0x0F, 0x00, 0xFF, 0xFF, 0x0F, 0x00,
  0x00, 0xF0, 0xFF, 0x0F, 0x00, 0x00, 0xFF, 0xFF, 0xFF, 0x00, 0xF0, 0xEF, 0x00, 0xFE, 0x0F, 0xF0,
  0x0F, 0x00, 0x00, 0x00, 0xF0, 0xEF, 0xFF, 0xEF, 0x00, 0xFD, 0xFF, 0xFF, 0xFF, 0x0D, 0xFD, 0xDF,
  0x00, 0xFE, 0x0F, 0xF0, 0x0F, 0x00, 0xF0, 0x0F, 0xF0, 0xDF, 0x00, 0xFE, 0x0F, 0xD0, 0xFF, 0xFF,
  0xFF, 0x00, 0x00, 0xFD, 0xFF, 0x0F, 0x00, 0xFE, 0xFF, 0xFF, 0xFF, 0xD0, 0xFF, 0xFF, 0xFF, 0x0F,
  0x00, 0x00, 0xE0, 0xFF, 0x00, 0x00, 0x00, 0xFF, 0x00, 0x00, 0x00, 0xFE, 0x0F, 0x00, 0x00, 0xF0,
  0x0F, 0x00, 0x00, 0xE0, 0xFF, 0x00, 0x00, 0x00, 0xFF, 0x00, 0x00, 0x00, 0xFE, 0x0F, 0x00, 0x00,
  0xF0, 0x0F, 0x00, 0x00, 0xE0, 0xFF, 0x00, 0x00, 0x00, 0x00, 0xFE, 0xFF, 0x0F, 0x00, 0xE0, 0xFF,
  0xFF, 0xFF, 0x00, 0xF0, 0xDF, 0x00, 0xFF, 0x0E, 0xF0, 0xDF, 0x00, 0xFF, 0x0D, 0x00, 0xFF, 0xFF,
  0xFF, 0x00, 0x00, 0xFF, 0xFF, 0xEF, 0x00, 0xF0, 0xEF, 0x00, 0xFF, 0x0E, 0xFD, 0x0F, 0x00, 0xFD,
  0x0F, 0xF0, 0x0F, 0x00, 0xFE, 0x0F, 0xF0, 0xFF, 0xFF, 0xFF, 0x0D, 0x00, 0xFE, 0xFF, 0xDF, 0x00,
  0x00, 0xFE, 0xFF, 0x0F, 0x00, 0xE0, 0xFF, 0xFF, 0xFF, 0x00, 0xF0, 0x0F, 0x00, 0xFF, 0x0E, 0xFD,
  0x0F, 0x00, 0xFD, 0x0F, 0xF0, 0x0F, 0x00, 0xFE, 0x0F, 0xF0, 0xEF, 0xD0, 0xFF, 0x0F, 0xD0, 0xFF,
  0xFF, 0xFF, 0x0F, 0x00, 0xE0, 0xDE, 0xFD, 0x0F, 0xF0, 0x0F, 0x00, 0xFF, 0x0D, 0xF0, 0xFF, 0xFF,
  0xFF, 0x00, 0x00, 0xFE, 0xFF, 0x0E, 0x00, 0x00, 0x00, 0x00, 0xFF, 0x0E, 0xF0, 0xDF, 0x00, 0x00,
  0x00, 0x00, 0x00, 0x00, 0x00, 0x00, 0x00, 0x00, 0x00, 0xFF, 0x0E, 0xF0, 0xDF, 0x00, 0x00, 0x00,
  0x00, 0xFE, 0x0F, 0xE0, 0xEF, 0x00, 0x00, 0x00, 0x00, 0x00, 0x00, 0x00, 0x00, 0x00, 0x00, 0x00,
  0x00, 0x00, 0xF0, 0xEF, 0x00, 0xFF, 0x00, 0xF0, 0x0F, 0x00, 0xEF, 0x00, 0x00, 0x00, 0x00, 0x00,
  0x00, 0x00, 0x00, 0x00, 0xFF, 0x0F, 0x00, 0x00, 0xFF, 0xFF, 0x0D, 0xD0, 0xFF, 0xFF, 0x0D, 0x00,
  0xF0, 0xFF, 0x00, 0x00, 0x00, 0xE0, 0xFF, 0xEF, 0x00, 0x00, 0x00, 0xE0, 0xFF, 0xFF, 0x00, 0x00,
  0x00, 0xE0, 0xFF, 0x0F, 0x00, 0x00, 0x00, 0xE0, 0x0E, 0xE0, 0xFF, 0xFF, 0xFF, 0x0F, 0xD0, 0xFF,
  0xFF, 0xFF, 0x0D, 0x00, 0x00, 0x00, 0x00, 0x00, 0xD0, 0xFF, 0xFF, 0xFF, 0x0D, 0xE0, 0xFF, 0xFF,
  0xFF, 0x0F, 0x00, 0x00, 0x00, 0x00, 0x00, 0x00, 0x00, 0x00, 0x00, 0x00, 0x00, 0x00, 0x00, 0x00,
  0x00, 0xE0, 0xFF, 0x00, 0x00, 0x00, 0xD0, 0xFF, 0xFF, 0x00, 0x00, 0x00, 0xD0, 0xFF, 0xFF, 0x0D,
  0x00, 0x00, 0x00, 0xFF, 0x0F, 0x00, 0x00, 0xFE, 0xFF, 0x0F, 0x00, 0xFE, 0xFF, 0x0F, 0x00, 0xE0,
  0xFF, 0x0E, 0x00, 0x00, 0xD0, 0x0E, 0x00, 0x00, 0x00, 0x00, 0xFF, 0xFF, 0x00, 0xF0, 0xFF, 0xFF,
  0x0F, 0xFE, 0x0F, 0xF0, 0xEF, 0x00, 0x00, 0xF0, 0xEF, 0x00, 0x00, 0xFF, 0x0F, 0x00, 0xF0, 0xFF,
  0x00, 0x00, 0xF0, 0x0F, 0x00, 0x00, 0xF0, 0x0E, 0x00, 0x00, 0x00, 0x00, 0x00, 0x00, 0xFE, 0x0F,
  0x00, 0x00, 0xFD, 0x0F, 0x00, 0x00, 0x00, 0xFE, 0xFF, 0xFF, 0x0E, 0x00, 0x00, 0x00, 0xFF, 0xFF,
  0xFF, 0xFF, 0x0F, 0x00, 0x00, 0xFF, 0x0E, 0x00, 0x00, 0xFD, 0x0F, 0x00, 0xFE, 0x0E, 0x00, 0x00,
  0x00, 0xFD, 0x0F, 0xF0, 0x0F, 0xE0, 0xFF, 0xFF, 0x0F, 0xFF, 0x00, 0xFF, 0xE0, 0xFF, 0xFF, 0xFF,
  0xE0, 0x0F, 0xFD, 0x0E, 0xFF, 0x00, 0xF0, 0x0F, 0xFE, 0xDD, 0xEF, 0xF0, 0x0F, 0x00, 0xFF, 0xE0,
  0x0F, 0xF0, 0x0F, 0xFF, 0x00, 0xF0, 0x0F, 0xFF, 0x00, 0xFF, 0xE0, 0xFF, 0xFF, 0xFF, 0xFF, 0x0F,
  0xF0, 0xEF, 0xE0, 0xFF, 0x0F, 0xFF, 0x0F, 0x00, 0xF0, 0xEF, 0x00, 0x00, 0x00, 0x00, 0x00, 0x00,
  0xF0, 0xFF, 0xFF, 0xFF, 0x0F, 0x00, 0x00, 0x00, 0xE0, 0xFF, 0xFF, 0xFF, 0x00, 0x00, 0x00, 0x00,
  0xFF, 0x0F, 0x00, 0x00, 0x00, 0xFE, 0xFF, 0x00, 0x00, 0x00, 0xF0, 0xFF, 0xFF, 0x00, 0x00, 0x00,
  0xFF, 0xF0, 0x0F, 0x00, 0x00, 0xFE, 0x0F, 0xFF, 0x0D, 0x00, 0xF0, 0xEF, 0xF0, 0xFF, 0x00, 0x00,
  0xFF, 0x00, 0xFD, 0x0F, 0x00, 0xFE, 0xFF, 0xFF, 0xFF, 0x0D, 0xF0, 0xFF, 0xFF, 0xFF, 0xFF, 0x00,
  0xFF, 0x00, 0x00, 0xF0, 0x0F, 0xFE, 0x0F, 0x00, 0x00, 0xFF, 0x0E, 0xF0, 0xFF, 0xFF, 0xEF, 0x00,
  0xF0, 0xFF, 0xFF, 0xFF, 0x0E, 0xF0, 0x0F, 0x00, 0xFE, 0x0F, 0xF0, 0x0F, 0x00, 0xFD, 0x0F, 0xF0,
  0x0F, 0x00, 0xFF, 0x0E, 0xF0, 0xFF, 0xFF, 0xEF, 0x00, 0xF0, 0xFF, 0xFF, 0xFF, 0x0F, 0xF0, 0x0F,
  0x00, 0xF0, 0x0F, 0xF0, 0x0F, 0x00, 0xF0, 0x0F, 0xF0, 0xFF, 0xFF, 0xFF, 0x0F, 0xF0, 0xFF, 0xFF,
  0xFF, 0x00, 0x00, 0xE0, 0xFF, 0xFF, 0x0D, 0x00, 0xF0, 0xFF, 0xFF, 0xFF, 0x0E, 0xF0, 0xFF, 0x00,
  0xD0, 0xFF, 0x00, 0xFF, 0x00, 0x00, 0xE0, 0x0F, 0xF0, 0x0F, 0x00, 0x00, 0x00, 0xD0, 0xFF, 0x00,
  0x00, 0x00, 0x00, 0xF0, 0x0F, 0x00, 0x00, 0x00, 0x00, 0xFF, 0x00, 0x00, 0xE0, 0x0F, 0xF0, 0xFF,
  0x00, 0x00, 0xFF, 0x00, 0xF0, 0xFF, 0xFF, 0xFF, 0x0E, 0x00, 0xE0, 0xFF, 0xFF, 0x0D, 0x00, 0xF0,
  0xFF, 0xFF, 0xEF, 0x00, 0x00, 0xFF, 0xFF, 0xFF, 0xFF, 0x00, 0xF0, 0x0F, 0x00, 0xF0, 0xEF, 0x00,
  0xFF, 0x00, 0x00, 0xFD, 0x0F, 0xF0, 0x0F, 0x00, 0x00, 0xFF, 0x00, 0xFF, 0x00, 0x00, 0xF0, 0x0F,
  0xF0, 0x0F, 0x00, 0x00, 0xFF, 0x00, 0xFF, 0x00, 0x00, 0xFD, 0x0F, 0xF0, 0x0F, 0x00, 0xF0, 0xEF,
  0x00, 0xFF, 0xFF, 0xFF, 0xFF, 0x00, 0xF0, 0xFF, 0xFF, 0xEF, 0x00, 0x00, 0xF0, 0xFF, 0xFF, 0xFF,
  0x0D, 0xFF, 0xFF, 0xFF, 0x0F, 0xF0, 0x0F, 0x00, 0x00, 0x00, 0xFF, 0x00, 0x00, 0x00, 0xF0, 0x0F,
  0x00, 0x00, 0x00, 0xFF, 0xFF, 0xFF, 0x0F, 0xF0, 0xFF, 0xFF, 0xEF, 0x00, 0xFF, 0x00, 0x00, 0x00,
  0xF0, 0x0F, 0x00, 0x00, 0x00, 0xFF, 0xFF, 0xFF, 0x0F, 0xF0, 0xFF, 0xFF, 0xFF, 0x0D, 0xF0, 0xFF,
  0xFF, 0xFF, 0x00, 0xFF, 0xFF, 0xFF, 0x0F, 0xF0, 0x0F, 0x00, 0x00, 0x00, 0xFF, 0x00, 0x00, 0x00,
  0xF0, 0x0F, 0x00, 0x00, 0x00, 0xFF, 0xFF, 0xFF, 0x0F, 0xF0, 0xFF, 0xFF, 0xDF, 0x00, 0xFF, 0x00,
  0x00, 0x00, 0xF0, 0x0F, 0x00, 0x00, 0x00, 0xFF, 0x00, 0x00, 0x00, 0xF0, 0x0F, 0x00, 0x00, 0x00,
  0x00, 0xE0, 0xFF, 0xFF, 0x0D, 0x00, 0xF0, 0xFF, 0xFF, 0xFF, 0x0E, 0xF0, 0xFF, 0x00, 0xD0, 0xFF,
  0x00, 0xFF, 0x00, 0x00, 0xE0, 0x0F, 0xF0, 0x0F, 0x00, 0x00, 0x00, 0xD0, 0xFF, 0x00, 0xE0, 0xFF,
  0xDF, 0xF0, 0x0F, 0x00, 0xFF, 0xFF, 0x0E, 0xFF, 0x00, 0x00, 0xF0, 0xEF, 0xF0, 0xFF, 0x00, 0x00,
  0xFF, 0x00, 0xF0, 0xFF, 0xFF, 0xFF, 0x0E, 0x00, 0xE0, 0xFF, 0xFF, 0x0D, 0x00, 0xF0, 0x0F, 0x00,
  0x00, 0xFF, 0x00, 0xFF, 0x00, 0x00, 0xF0, 0x0F, 0xF0, 0x0F, 0x00, 0x00, 0xFF, 0x00, 0xFF, 0x00,
  0x00, 0xF0, 0x0F, 0xF0, 0x0F, 0x00, 0x00, 0xFF, 0x00, 0xFF, 0xFF, 0xFF, 0xFF, 0x0F, 0xF0, 0xFF,
  0xFF, 0xFF, 0xFF, 0x00, 0xFF, 0x00, 0x00, 0xF0, 0x0F, 0xF0, 0x0F, 0x00, 0x00, 0xFF, 0x00, 0xFF,
  0x00, 0x00, 0xF0, 0x0F, 0xF0, 0x0F, 0x00, 0x00, 0xFF, 0x00, 0xF0, 0x0F, 0xF0, 0x0F, 0xF0, 0x0F,
  0xF0, 0x0F, 0xF0, 0x0F, 0xF0, 0x0F, 0xF0, 0x0F, 0xF0, 0x0F, 0xF0, 0x0F, 0xF0, 0x0F, 0xF0, 0x0F,
  0x00, 0x00, 0xE0, 0xFF, 0x00, 0x00, 0x00, 0xFE, 0x0F, 0x00, 0x00, 0xE0, 0xFF, 0x00, 0x00, 0x00,
  0xFE, 0x0F, 0x00, 0x00, 0xE0, 0xFF, 0x00, 0x00, 0x00, 0xFE, 0x0F, 0x00, 0x00, 0xE0, 0xFF, 0xE0,
  0xEF, 0x00, 0xFE, 0x0F, 0xFD, 0x0F, 0xF0, 0xEF, 0x00, 0xFF, 0xFF, 0xFF, 0x00, 0x00, 0xFF, 0xFF,
  0x0D, 0x00, 0xF0, 0x0F, 0x00, 0xF0, 0xFF, 0x00, 0xFF, 0x00, 0xF0, 0xFF, 0x00, 0xF0, 0x0F, 0xE0,
  0xFF, 0x00, 0x00, 0xFF, 0xE0, 0xFF, 0x00, 0x00, 0xF0, 0xDF, 0xFF, 0x0D, 0x00, 0x00, 0xFF, 0xFF,
  0xEF, 0x00, 0x00, 0xF0, 0xFF, 0xFE, 0x0F, 0x00, 0x00, 0xFF, 0x0D, 0xFF, 0x0F, 0x00, 0xF0, 0x0F,
  0x00, 0xFF, 0x0E, 0x00, 0xFF, 0x00, 0xD0, 0xFF, 0x00, 0xF0, 0x0F, 0x00, 0xE0, 0xFF, 0x00, 0xF0,
  0x0F, 0x00, 0x00, 0xF0, 0x0F, 0x00, 0x00, 0xF0, 0x0F, 0x00, 0x00, 0xF0, 0x0F, 0x00, 0x00, 0xF0,
  0x0F, 0x00, 0x00, 0xF0, 0x0F, 0x00, 0x00, 0xF0, 0x0F, 0x00, 0x00, 0xF0, 0x0F, 0x00, 0x00, 0xF0,
  0x0F, 0x00, 0x00, 0xF0, 0xFF, 0xFF, 0xFF, 0xF0, 0xFF, 0xFF, 0xFF, 0xF0, 0xFF, 0x0D, 0x00, 0xE0,
  0xFF, 0x0F, 0xF0, 0xFF, 0x0F, 0x00, 0xF0, 0xFF, 0x0F, 0xF0, 0xFF, 0x0F, 0x00, 0xF0, 0xFF, 0x0F,
  0xF0, 0xFF, 0xDF, 0x00, 0xFE, 0xFF, 0x0F, 0xF0, 0xDF, 0xFF, 0x00, 0xFF, 0xFD, 0x0F, 0xF0, 0x0F,
  0xFF, 0xD0, 0xFF, 0xFD, 0x0F, 0xF0, 0x0F, 0xFF, 0xEE, 0xEF, 0xFD, 0x0F, 0xF0, 0x0F, 0xFD, 0xFF,
  0x0F, 0xFD, 0x0F, 0xF0, 0x0F, 0xF0, 0xFF, 0x0F, 0xFD, 0x0F, 0xF0, 0x0F, 0xE0, 0xFF, 0x0D, 0xFD,
  0x0F, 0xF0, 0x0F, 0x00, 0xFF, 0x00, 0xFD, 0x0F, 0xF0, 0xFF, 0x00, 0x00, 0xFF, 0x0D, 0xFF, 0xDF,
  0x00, 0xF0, 0xDF, 0xF0, 0xFF, 0x0F, 0x00, 0xFF, 0x0D, 0xFF, 0xFF, 0x0E, 0xF0, 0xDF, 0xF0, 0x0F,
  0xFF, 0x00, 0xFF, 0x0D, 0xFF, 0xE0, 0xFF, 0xF0, 0xDF, 0xF0, 0x0F, 0xF0, 0xEF, 0xFF, 0x0D, 0xFF,
  0x00, 0xF0, 0xFF, 0xDF, 0xF0, 0x0F, 0x00, 0xFF, 0xFF, 0x0D, 0xFF, 0x00, 0x00, 0xFF, 0xDF, 0xF0,
  0x0F, 0x00, 0xD0, 0xFF, 0x0D, 0x00, 0xE0, 0xFF, 0xFF, 0x0D, 0x00, 0x00, 0xFF, 0xFF, 0xFF, 0xEF,
  0x00, 0xF0, 0xFF, 0x00, 0x00, 0xFF, 0x00, 0xF0, 0x0F, 0x00, 0x00, 0xFF, 0x0E, 0xF0, 0x0F, 0x00,
  0x00, 0xFE, 0x0F, 0xFD, 0x0F, 0x00, 0x00, 0xFD, 0x0F, 0xF0, 0x0F, 0x00, 0x00, 0xFE, 0x0F, 0xF0,
  0x0F, 0x00, 0x00, 0xFF, 0x0E, 0xF0, 0xFF, 0x00, 0x00, 0xFF, 0x00, 0x00, 0xFF, 0xFF, 0xFF, 0xEF,
  0x00, 0x00, 0xE0, 0xFF, 0xFF, 0x0D, 0x00, 0xF0, 0xFF, 0xFF, 0xEF, 0x00, 0xF0, 0xFF, 0xFF, 0xFF,
  0x0E, 0xF0, 0x0F, 0x00, 0xFD, 0x0F, 0xF0, 0x0F, 0x00, 0xF0, 0x0F, 0xF0, 0x0F, 0x00, 0xF0, 0x0F,
  0xF0, 0x0F, 0x00, 0xFF, 0x0F, 0xF0, 0xFF, 0xFF, 0xFF, 0x00, 0xF0, 0xFF, 0xEF, 0x0D, 0x00, 0xF0,
  0x0F, 0x00, 0x00, 0x00, 0xF0, 0x0F, 0x00, 0x00, 0x00, 0xF0, 0x0F, 0x00, 0x00, 0x00, 0x00, 0xE0,
  0xFF, 0xFF, 0x0D, 0x00, 0x00, 0xFF, 0xFF, 0xFF, 0xEF, 0x00, 0xF0, 0xFF, 0x00, 0xE0, 0xFF, 0x00,
  0xF0, 0x0F, 0x00, 0x00, 0xFF, 0x0E, 0xF0, 0x0F, 0x00, 0x00, 0xFE, 0x0F, 0xFD, 0x0F, 0x00, 0x00,
  0xFD, 0x0F, 0xF0, 0x0F, 0x00, 0x00, 0xFE, 0x0F, 0xF0, 0x0F, 0xE0, 0x0F, 0xFF, 0x0E, 0xF0, 0xFF,
  0x00, 0xFF, 0xFF, 0x00, 0x00, 0xFF, 0xFF, 0xFF, 0xEF, 0x00, 0x00, 0xE0, 0xFF, 0xFF, 0xEF, 0x00,
  0x00, 0x00, 0x00, 0x00, 0xFF, 0x00, 0xF0, 0xFF, 0xFF, 0xEF, 0x00, 0xF0, 0xFF, 0xFF, 0xFF, 0x0E,
  0xF0, 0x0F, 0x00, 0xFD, 0x0F, 0xF0, 0x0F, 0x00, 0xF0, 0x0F, 0xF0, 0x0F, 0x00, 0xFD, 0x0F, 0xF0,
  0xFF, 0xFF, 0xFF, 0x0E, 0xF0, 0xFF, 0xFF, 0xEF, 0x00, 0xF0, 0x0F, 0xF0, 0xFF, 0x00, 0xF0, 0x0F,
  0x00, 0xFF, 0x00, 0xF0, 0x0F, 0x00, 0xFF, 0x0F, 0xF0, 0x0F, 0x00, 0xF0, 0x0F, 0x00, 0xFE, 0xFF,
  0xEF, 0x00, 0xE0, 0xFF, 0xFF, 0xFF, 0x0E, 0xF0, 0x0F, 0x00, 0xF0, 0x0F, 0xF0, 0xDF, 0x00, 0x00,
  0x00, 0xF0, 0xFF, 0xEF, 0x00, 0x00, 0x00, 0xFF, 0xFF, 0xFF, 0x00, 0x00, 0x00, 0xFD, 0xFF, 0x0F,
  0xD0, 0x00, 0x00, 0xF0, 0x0F, 0xF0, 0x0F, 0x00, 0xF0, 0x0F, 0xF0, 0xFF, 0xFF, 0xFF, 0x0E, 0x00,
  0xFE, 0xFF, 0xEF, 0x00, 0xFE, 0xFF, 0xFF, 0xFF, 0xDF, 0xFD, 0xFF, 0xFF, 0xFF, 0x0F, 0x00, 0x00,
  0xFF, 0x00, 0x00, 0x00, 0x00, 0xFF, 0x00, 0x00, 0x00, 0x00, 0xFF, 0x00, 0x00, 0x00, 0x00, 0xFF,
  0x00, 0x00, 0x00, 0x00, 0xFF, 0x00, 0x00, 0x00, 0x00, 0xFF, 0x00, 0x00, 0x00, 0x00, 0xFF, 0x00,
  0x00, 0x00, 0x00, 0xFF, 0x00, 0x00, 0x00, 0x00, 0xFF, 0x00, 0x00, 0xF0, 0x0F, 0x00, 0x00, 0xFF,
  0x00, 0xFF, 0x00, 0x00, 0xF0, 0x0F, 0xF0, 0x0F, 0x00, 0x00, 0xFF, 0x00, 0xFF, 0x00, 0x00, 0xF0,
  0x0F, 0xF0, 0x0F, 0x00, 0x00, 0xFF, 0x00, 0xFF, 0x00, 0x00, 0xF0, 0x0F, 0xF0, 0x0F, 0x00, 0x00,
  0xFF, 0x00, 0xFF, 0x00, 0x00, 0xF0, 0x0F, 0xF0, 0xFF, 0x00, 0xE0, 0xFF, 0x00, 0xF0, 0xFF, 0xFF,
  0xFF, 0x00, 0x00, 0xF0, 0xFF, 0xFF, 0x00, 0x00, 0xFE, 0x0F, 0x00, 0x00, 0xFF, 0x0E, 0xFF, 0x00,
  0x00, 0xF0, 0x0F, 0xF0, 0xEF, 0x00, 0xE0, 0xFF, 0x00, 0xFE, 0x0F, 0x00, 0xFF, 0x0E, 0x00, 0xFF,
  0x00, 0xF0, 0x0F, 0x00, 0xF0, 0xEF, 0xE0, 0xFF, 0x00, 0x00, 0xFE, 0x0F, 0xFF, 0x0D, 0x00, 0x00,
  0xFF, 0xF0, 0x0F, 0x00, 0x00, 0xF0, 0xEF, 0xFF, 0x00, 0x00, 0x00, 0xFD, 0xFF, 0x0D, 0x00, 0x00,
  0x00, 0xFF, 0x0F, 0x00, 0x00, 0xFF, 0x0F, 0x00, 0xFF, 0x0F, 0x00, 0xFD, 0xDF, 0xFF, 0x00, 0xF0,
  0xFF, 0x00, 0xF0, 0xFF, 0xF0, 0x0F, 0x00, 0xFF, 0xEF, 0x00, 0xFF, 0x0D, 0xFF, 0x0E, 0xFD, 0xFF,
  0x0F, 0xF0, 0x0F, 0xE0, 0xFF, 0xF0, 0xDF, 0xFF, 0xD0, 0xFF, 0x00, 0xF0, 0x0F, 0xFF, 0xF0, 0x0F,
  0xFF, 0x0E, 0x00, 0xFF, 0xF0, 0x0F, 0xFE, 0xFD, 0xDF, 0x00, 0xF0, 0xEF, 0xEF, 0xD0, 0xFF, 0xFF,
  0x00, 0x00, 0xFE, 0xFF, 0x0D, 0xF0, 0xFF, 0x0F, 0x00, 0x00, 0xFF, 0x0F, 0x00, 0xFF, 0xEF, 0x00,
  0x00, 0xF0, 0xFF, 0x00, 0xE0, 0xFF, 0x00, 0x00, 0xF0, 0xDF, 0x00, 0xE0, 0xFF, 0x00, 0xFD, 0x0F,
  0x00, 0xFF, 0x00, 0x00, 0xFF, 0x0F, 0xFF, 0x0E, 0x00, 0x00, 0xFF, 0xFE, 0x0F, 0x00, 0x00, 0xD0,
  0xFF, 0x0F, 0x00, 0x00, 0x00, 0xF0, 0xFF, 0x00, 0x00, 0x00, 0xE0, 0xFF, 0xEF, 0x00, 0x00, 0x00,
  0xFF, 0xFD, 0x0F, 0x00, 0x00, 0xFF, 0x0E, 0xFF, 0x0F, 0x00, 0xFF, 0x0F, 0x00, 0xFF, 0x0E, 0xFD,
  0x0F, 0x00, 0xD0, 0xFF, 0x00, 0xFE, 0x0F, 0x00, 0xD0, 0xFF, 0x00, 0xFF, 0x0E, 0x00, 0xFF, 0x0E,
  0x00, 0xFF, 0x00, 0xFD, 0x0F, 0x00, 0xF0, 0xFF, 0xF0, 0xDF, 0x00, 0x00, 0xF0, 0xEF, 0xFF, 0x00,
  0x00, 0x00, 0xFE, 0xFF, 0x00, 0x00, 0x00, 0x00, 0xFF, 0x0F, 0x00, 0x00, 0x00, 0xF0, 0xEF, 0x00,
  0x00, 0x00, 0x00, 0xFF, 0x0E, 0x00, 0x00, 0x00, 0xF0, 0xEF, 0x00, 0x00, 0x00, 0x00, 0xFF, 0x0E,
  0x00, 0x00, 0xF0, 0xFF, 0xFF, 0xFF, 0x0F, 0xF0, 0xFF, 0xFF, 0xFF, 0x0F, 0x00, 0x00, 0x00, 0xFF,
  0x00, 0x00, 0x00, 0xF0, 0xEF, 0x00, 0x00, 0x00, 0xFF, 0x0F, 0x00, 0x00, 0xD0, 0xFF, 0x00, 0x00,
  0x00, 0xF0, 0xDF, 0x00, 0x00, 0x00, 0xFF, 0x0F, 0x00, 0x00, 0xD0, 0xFF, 0x00, 0x00, 0x00, 0xF0,
  0xFF, 0xFF, 0xFF, 0x0E, 0xF0, 0xFF, 0xFF, 0xFF, 0x0F, 0xF0, 0xFF, 0x0F, 0xF0, 0xFF, 0x0E, 0xF0,
  0xDF, 0x00, 0xF0, 0xDF, 0x00, 0xF0, 0xDF, 0x00, 0xF0, 0xDF, 0x00, 0xF0, 0xDF, 0x00, 0xF0, 0xDF,
  0x00, 0xF0, 0xDF, 0x00, 0xF0, 0xDF, 0x00, 0xF0, 0xDF, 0x00, 0xF0, 0xFF, 0x0E, 0xF0, 0xFF, 0x0F,
  0xEE, 0x00, 0x00, 0xFE, 0x0D, 0x00, 0xFD, 0x0E, 0x00, 0xF0, 0x0F, 0x00, 0xF0, 0x0F, 0x00, 0xE0,
  0xEF, 0x00, 0x00, 0xFF, 0x00, 0x00, 0xFF, 0x00, 0x00, 0xFF, 0x00, 0x00, 0xFD, 0x0E, 0x00, 0xF0,
  0x0F, 0x00, 0xF0, 0x0F, 0x00, 0xE0, 0xDF, 0xFD, 0xFF, 0x00, 0xF0, 0xFF, 0x00, 0x00, 0xFF, 0x00,
  0x00, 0xFF, 0x00, 0x00, 0xFF, 0x00, 0x00, 0xFF, 0x00, 0x00, 0xFF, 0x00, 0x00, 0xFF, 0x00, 0x00,
  0xFF, 0x00, 0x00, 0xFF, 0x00, 0x00, 0xFF, 0x00, 0xF0, 0xFF, 0x00, 0xFD, 0xFF, 0x00, 0x00, 0xF0,
  0x0D, 0x00, 0xF0, 0xFF, 0x00, 0xD0, 0xEF, 0xEF, 0x00, 0xFF, 0xF0, 0x0F, 0xFD, 0x0E, 0xF0, 0x0E,
  0x00, 0x00, 0x00, 0x00, 0x00, 0x00, 0x00, 0x00, 0x00, 0x00, 0x00, 0x00, 0x00, 0x00, 0x00, 0x00,
  0x00, 0x00, 0x00, 0x00, 0x00, 0xFF, 0xFF, 0xFF, 0x0F, 0xFF, 0xFF, 0xFF, 0x0F, 0x00, 0x00, 0x00,
  0xFE, 0x0D, 0x00, 0xFF, 0x00, 0x00, 0x00, 0x00, 0x00, 0x00, 0x00, 0x00, 0x00, 0x00, 0x00, 0x00,
  0x00, 0x00, 0x00, 0x00, 0x00, 0x00, 0x00, 0x00, 0x00, 0x00, 0x00, 0x00, 0xFF, 0xFF, 0x0E, 0x00,
  0xFF, 0xFF, 0xFF, 0x0D, 0xD0, 0x0D, 0xE0, 0xFF, 0x00, 0xE0, 0xFF, 0xFF, 0x0F, 0xF0, 0xFF, 0xEE,
  0xFF, 0xE0, 0xEF, 0x00, 0xFE, 0x0F, 0xFD, 0xFF, 0xFF, 0xFF, 0x00, 0xFE, 0xFF, 0xFE, 0x0F, 0xF0,
  0x0F, 0x00, 0x00, 0x00, 0xFF, 0x00, 0x00, 0x00, 0xF0, 0x0F, 0x00, 0x00, 0x00, 0xFF, 0xFD, 0xFF,
  0x0D, 0xF0, 0xFF, 0xFF, 0xFF, 0x00, 0xFF, 0x0D, 0xF0, 0xEF, 0xF0, 0x0F, 0x00, 0xFD, 0x0F, 0xFF,
  0x00, 0xD0, 0xFF, 0xF0, 0xDF, 0x00, 0xFF, 0x0E, 0xFF, 0xFF, 0xFF, 0x0F, 0xF0, 0xDF, 0xFF, 0xDF,
  0x00, 0x00, 0xFE, 0xFF, 0x0F, 0x00, 0xFF, 0xFF, 0xFF, 0x0F, 0xF0, 0x0F, 0x00, 0xFF, 0xD0, 0xFF,
  0x00, 0x00, 0x00, 0xFD, 0x0F, 0x00, 0x00, 0x00, 0xFF, 0x00, 0xF0, 0x0F, 0xF0, 0xFF, 0xFF, 0xFF,
  0x00, 0xE0, 0xFF, 0xFF, 0x00, 0x00, 0x00, 0x00, 0xFF, 0x0E, 0x00, 0x00, 0xF0, 0xEF, 0x00, 0x00,
  0x00, 0xFF, 0x0E, 0xF0, 0xFF, 0xFF, 0xEF, 0xF0, 0xFF, 0xFF, 0xFF, 0x0E, 0xFF, 0x00, 0xF0, 0xEF,
  0xFD, 0x0F, 0x00, 0xFF, 0xDE, 0xFF, 0x00, 0xF0, 0xEF, 0xF0, 0x0F, 0x00, 0xFF, 0x0E, 0xFF, 0xFF,
  0xFF, 0xEF, 0x00, 0xFF, 0xFF, 0xFF, 0x0E, 0x00, 0xFE, 0xFF, 0x0E, 0x00, 0xFF, 0xFF, 0xFF, 0x0F,
  0xF0, 0x0F, 0x00, 0xFF, 0xD0, 0xFF, 0xFF, 0xFF, 0xDF, 0xFD, 0xFF, 0xFF, 0xFF, 0x00, 0xFF, 0x00,
  0xD0, 0x0D, 0xF0, 0xFF, 0xFF, 0xFF, 0x00, 0xE0, 0xFF, 0xFF, 0x00, 0x00, 0xFE, 0xEF, 0xD0, 0xFF,
  0xDF, 0xE0, 0xFF, 0x00, 0xFF, 0xFF, 0xEF, 0xFE, 0xFF, 0x0F, 0xE0, 0xFF, 0x00, 0xE0, 0xFF, 0x00,
  0xE0, 0xFF, 0x00, 0xE0, 0xFF, 0x00, 0xE0, 0xFF, 0x00, 0xE0, 0xFF, 0x00, 0x00, 0xFF, 0xFF, 0xFF,
  0x0E, 0xFF, 0xFF, 0xFF, 0xEF, 0xF0, 0x0F, 0x00, 0xFF, 0xDE, 0xFF, 0x00, 0xF0, 0xEF, 0xFD, 0x0F,
  0x00, 0xFF, 0x0E, 0xFF, 0x00, 0xF0, 0xEF, 0xF0, 0xFF, 0xFF, 0xFF, 0x0E, 0xF0, 0xFF, 0xFF, 0xEF,
  0x00, 0x00, 0x00, 0xFF, 0x0D, 0xFF, 0xFF, 0xFF, 0x0F, 0x00, 0xFF, 0xFF, 0x0F, 0x00, 0xF0, 0x0F,
  0x00, 0x00, 0x00, 0xFF, 0x00, 0x00, 0x00, 0xF0, 0x0F, 0x00, 0x00, 0x00, 0xFF, 0xFD, 0xFF, 0x00,
  0xF0, 0xFF, 0xFF, 0xFF, 0x00, 0xFF, 0x00, 0xF0, 0x0F, 0xF0, 0x0F, 0x00, 0xFF, 0x00, 0xFF, 0x00,
  0xF0, 0x0F, 0xF0, 0x0F, 0x00, 0xFF, 0x00, 0xFF, 0x00, 0xF0, 0x0F, 0xF0, 0x0F, 0x00, 0xFF, 0x00,
  0xE0, 0x0E, 0xF0, 0x0F, 0x00, 0x00, 0xF0, 0x0F, 0xF0, 0x0F, 0xF0, 0x0F, 0xF0, 0x0F, 0xF0, 0x0F,
  0xF0, 0x0F, 0xF0, 0x0F, 0xF0, 0x0F, 0x00, 0xEE, 0x00, 0xF0, 0x0F, 0x00, 0x00, 0x00, 0xF0, 0x0F,
  0x00, 0xFF, 0x00, 0xF0, 0x0F, 0x00, 0xFF, 0x00, 0xF0, 0x0F, 0x00, 0xFF, 0x00, 0xF0, 0x0F, 0x00,
  0xFF, 0x00, 0xF0, 0x0F, 0xF0, 0xFF, 0xE0, 0xFF, 0x00, 0xF0, 0x0F, 0x00, 0x00, 0x00, 0xFF, 0x00,
  0x00, 0x00, 0xF0, 0x0F, 0x00, 0x00, 0x00, 0xFF, 0x00, 0xFE, 0x0F, 0xF0, 0x0F, 0xFE, 0x0F, 0x00,
  0xFF, 0xFD, 0x0F, 0x00, 0xF0, 0xFF, 0xDF, 0x00, 0x00, 0xFF, 0xFF, 0x0F, 0x00, 0xF0, 0x0F, 0xFF,
  0x0F, 0x00, 0xFF, 0x00, 0xFF, 0x0D, 0xF0, 0x0F, 0xD0, 0xFF, 0x00, 0xF0, 0x0F, 0xF0, 0x0F, 0xF0,
  0x0F, 0xF0, 0x0F, 0xF0, 0x0F, 0xF0, 0x0F, 0xF0, 0x0F, 0xF0, 0x0F, 0xF0, 0x0F, 0xF0, 0x0F, 0xF0,
  0x0F, 0xF0, 0xEF, 0xFF, 0x0E, 0xFF, 0xEF, 0x00, 0xF0, 0xFF, 0xFF, 0xFF, 0xFF, 0xFF, 0x0D, 0xF0,
  0x0F, 0xD0, 0xFF, 0x00, 0xFE, 0x0E, 0xF0, 0x0F, 0x00, 0xFF, 0x00, 0xFE, 0x0F, 0xF0, 0x0F, 0x00,
  0xFF, 0x00, 0xFE, 0x0F, 0xF0, 0x0F, 0x00, 0xFF, 0x00, 0xFE, 0x0F, 0xF0, 0x0F, 0x00, 0xFF, 0x00,
  0xFE, 0x0F, 0xF0, 0x0F, 0x00, 0xFF, 0x00, 0xFE, 0x0F, 0xF0, 0xDF, 0xFF, 0x0F, 0x00, 0xFF, 0xFF,
  0xFF, 0x0F, 0xF0, 0x0F, 0x00, 0xFF, 0x00, 0xFF, 0x00, 0xF0, 0x0F, 0xF0, 0x0F, 0x00, 0xFF, 0x00,
  0xFF, 0x00, 0xF0, 0x0F, 0xF0, 0x0F, 0x00, 0xFF, 0x00, 0xFF, 0x00, 0xF0, 0x0F, 0x00, 0xFE, 0xFF,
  0x0F, 0x00, 0xFF, 0xFF, 0xFF, 0x0F, 0xF0, 0x0F, 0x00, 0xFF, 0xDD, 0xFF, 0x00, 0xF0, 0xEF, 0xFD,
  0x0F, 0x00, 0xFF, 0x0E, 0xFF, 0x00, 0xF0, 0xDF, 0xF0, 0xFF, 0xFF, 0xFF, 0x00, 0xE0, 0xFF, 0xFF,
  0x00, 0xF0, 0xDF, 0xFF, 0xDF, 0x00, 0xFF, 0xFF, 0xFF, 0x0F, 0xF0, 0xDF, 0x00, 0xFF, 0x0E, 0xFF,
  0x00, 0xD0, 0xFF, 0xF0, 0x0F, 0x00, 0xFD, 0x0F, 0xFF, 0x0D, 0xF0, 0xEF, 0xF0, 0xFF, 0xFF, 0xFF,
  0x00, 0xFF, 0xFD, 0xFF, 0x0D, 0xF0, 0x0F, 0x00, 0x00, 0x00, 0xFF, 0x00, 0x00, 0x00, 0xF0, 0x0F,
  0x00, 0x00, 0x00, 0x00, 0xFF, 0xFF, 0xFF, 0x0E, 0xFF, 0xFF, 0xFF, 0xEF, 0xF0, 0x0F, 0x00, 0xFF,
  0xDE, 0xFF, 0x00, 0xF0, 0xEF, 0xFD, 0x0F, 0x00, 0xFF, 0x0E, 0xFF, 0x00, 0xF0, 0xEF, 0xF0, 0xFF,
  0xFF, 0xFF, 0x0E, 0xF0, 0xFF, 0xFF, 0xEF, 0x00, 0x00, 0x00, 0xFF, 0x0E, 0x00, 0x00, 0xF0, 0xEF,
  0x00, 0x00, 0x00, 0xFF, 0x0E, 0x00, 0x00, 0x00, 0xF0, 0xEF, 0xFF, 0xF0, 0xFF, 0xEF, 0xF0, 0x0F,
  0x00, 0xF0, 0x0F, 0x00, 0xF0, 0x0F, 0x00, 0xF0, 0x0F, 0x00, 0xF0, 0x0F, 0x00, 0xF0, 0x0F, 0x00,
  0x00, 0xFF, 0xFF, 0x0D, 0xF0, 0xFF, 0xFF, 0x0F, 0xF0, 0x0F, 0xD0, 0x0E, 0xF0, 0xFF, 0xEF, 0x00,
  0x00, 0xFD, 0xFF, 0xDF, 0xE0, 0x0D, 0xE0, 0xFF, 0xF0, 0xFF, 0xFF, 0xEF, 0xD0, 0xFF, 0xFF, 0x0E,
  0xF0, 0xDF, 0x00, 0xF0, 0xDF, 0x00, 0xFF, 0xFF, 0x0F, 0xFE, 0xFF, 0x0E, 0xF0, 0xDF, 0x00, 0xF0,
  0xDF, 0x00, 0xF0, 0xDF, 0x00, 0xF0, 0xDF, 0x00, 0xF0, 0xFF, 0x0E, 0x00, 0xFF, 0x0F, 0xF0, 0x0F,
  0x00, 0xFF, 0x00, 0xFF, 0x00, 0xF0, 0x0F, 0xF0, 0x0F, 0x00, 0xFF, 0x00, 0xFF, 0x00, 0xF0, 0x0F,
  0xF0, 0x0F, 0x00, 0xFF, 0x00, 0xFF, 0x00, 0xF0, 0x0F, 0xF0, 0xFF, 0xFF, 0xFF, 0x00, 0xF0, 0xFF,
  0xFE, 0x0F, 0xFF, 0x0E, 0x00, 0xFF, 0x0E, 0xFF, 0x00, 0xF0, 0x0F, 0xF0, 0x0F, 0xE0, 0xFF, 0x00,
  0xFE, 0x0F, 0xFF, 0x0D, 0x00, 0xFF, 0xF0, 0x0F, 0x00, 0xF0, 0xEF, 0xEF, 0x00, 0x00, 0xFD, 0xFF,
  0x00, 0x00, 0x00, 0xFF, 0x0F, 0x00, 0xFF, 0x0E, 0xF0, 0xEF, 0x00, 0xFF, 0xD0, 0xFF, 0x00, 0xFF,
  0x0F, 0xF0, 0x0F, 0xF0, 0x0F, 0xFD, 0xFF, 0xE0, 0xFF, 0x00, 0xFF, 0xFD, 0xEF, 0x0F, 0xFF, 0x0D,
  0xD0, 0xEF, 0xFF, 0xF0, 0xFE, 0x0F, 0x00, 0xF0, 0xFF, 0x0E, 0xFF, 0xFF, 0x00, 0x00, 0xFF, 0x0F,
  0xF0, 0xFF, 0x0D, 0x00, 0xE0, 0xFF, 0x00, 0xFD, 0x0F, 0x00, 0xF0, 0x0F, 0xE0, 0xFF, 0x00, 0xFF,
  0x0F, 0xFF, 0x00, 0x00, 0xFF, 0xFF, 0x0E, 0x00, 0xD0, 0xFF, 0x0F, 0x00, 0x00, 0xFD, 0xFF, 0x00,
  0x00, 0xF0, 0xEF, 0xEF, 0x00, 0xF0, 0xEF, 0xF0, 0x0F, 0xD0, 0xFF, 0x00, 0xFD, 0x0F, 0xFF, 0x0E,
  0x00, 0xFF, 0x0E, 0xFF, 0x00, 0xF0, 0x0F, 0xF0, 0x0F, 0xE0, 0xFF, 0x00, 0xFE, 0x0F, 0xFF, 0x00,
  0x00, 0xFF, 0xF0, 0x0F, 0x00, 0xF0, 0xFF, 0xEF, 0x00, 0x00, 0xFD, 0xFF, 0x00, 0x00, 0x00, 0xFF,
  0x0F, 0x00, 0x00, 0xF0, 0xDF, 0x00, 0x00, 0xFE, 0xFF, 0x00, 0x00, 0xF0, 0xFF, 0x00, 0x00, 0x00,
  0xF0, 0xFF, 0xFF, 0xEF, 0xE0, 0xFF, 0xFF, 0xDF, 0x00, 0x00, 0xFF, 0x0E, 0x00, 0xE0, 0xFF, 0x00,
  0x00, 0xFD, 0x0F, 0x00, 0x00, 0xFF, 0x0D, 0x00, 0xF0, 0xFF, 0xFF, 0xDF, 0xF0, 0xFF, 0xFF, 0xFF,
  0x00, 0xE0, 0xFF, 0x00, 0x00, 0xFF, 0x0F, 0x00, 0xFD, 0x0F, 0x00, 0xE0, 0xEF, 0x00, 0x00, 0xFE,
  0x0E, 0x00, 0xF0, 0xDF, 0x00, 0xF0, 0xEF, 0x00, 0x00, 0xFF, 0x0F, 0x00, 0x00, 0xFE, 0x0E, 0x00,
  0xE0, 0xEF, 0x00, 0x00, 0xFE, 0x0E, 0x00, 0xD0, 0xFF, 0x00, 0x00, 0xF0, 0xFF, 0x00, 0x00, 0xE0,
  0x0E, 0x00, 0xDF, 0x00, 0xFD, 0x0F, 0xD0, 0xFF, 0x00, 0xFD, 0x0F, 0xD0, 0xFF, 0x00, 0xFD, 0x0F,
  0xD0, 0xFF, 0x00, 0xFD, 0x0F, 0xD0, 0xFF, 0x00, 0xFD, 0x0F, 0xD0, 0xFF, 0x00, 0xFD, 0x0F, 0xD0,
  0xFF, 0x00, 0xFD, 0x0F, 0xD0, 0xFF, 0x00, 0xFD, 0x0F, 0xD0, 0xFF, 0x00, 0xFD, 0x0F, 0xFD, 0xDF,
  0x00, 0x00, 0xFF, 0x0F, 0x00, 0x00, 0xFF, 0x00, 0x00, 0xF0, 0x0F, 0x00, 0x00, 0xFF, 0x00, 0x00,
  0xE0, 0xFF, 0x00, 0x00, 0xF0, 0xFF, 0x00, 0x00, 0xFF, 0x0E, 0x00, 0xFF, 0x0D, 0x00, 0xF0, 0x0F,
  0x00, 0x00, 0xFF, 0x00, 0x00, 0xF0, 0x0F, 0x00, 0xFD, 0xFF, 0x00, 0x00, 0xDE, 0x00, 0x00, 0x00,
  0xFF, 0x0F, 0xF0, 0x0F, 0xF0, 0xFF, 0xFF, 0xFF, 0x0F, 0xF0, 0x0F, 0xF0, 0xFF, 0x00, 0x00, 0x00,
  0x00, 0x00, 0x00, 0x00, 0x00, 0x00, 0x00, 0x00, 0x00, 0x00, 0x00, 0x00, 0x00,
};
static constexpr Font kCaption{kCaptionGlyphs, kCaptionBitmap, 15, 4, 19};
static constexpr Glyph kBodyGlyphs[] = {
  {0, 5, 0, 0, 0, 5},
  {0, 6, 13, 0, -13, 6},
  {39, 9, 13, 0, -13, 9},
  {98, 12, 13, 0, -13, 12},
  {176, 12, 17, 0, -15, 12},
  {278, 18, 13, 0, -13, 18},
  {395, 12, 13, 0, -13, 12},
  {473, 6, 13, 0, -13, 6},
  {512, 7, 16, 0, -14, 7},
  {568, 7, 16, 0, -14, 7},
  {624, 10, 13, 0, -13, 10},
  {689, 12, 10, 0, -10, 12},
  {749, 6, 5, 0, -2, 6},
  {764, 8, 7, 0, -7, 8},
  {792, 6, 3, 0, -3, 6},
  {801, 7, 16, 0, -14, 7},
  {857, 12, 13, 0, -13, 12},
  {935, 8, 13, 0, -13, 8},
  {987, 11, 13, 0, -13, 11},
  {1059, 11, 13, 0, -13, 11},
  {1131, 12, 13, 0, -13, 12},
  {1209, 11, 13, 0, -13, 11},
  {1281, 12, 13, 0, -13, 12},
  {1359, 10, 13, 0, -13, 10},
  {1424, 12, 13, 0, -13, 12},
  {1502, 12, 13, 0, -13, 12},
  {1580, 6, 10, 0, -10, 6},
  {1610, 6, 13, 0, -10, 6},
  {1649, 12, 11, 0, -11, 12},
  {1715, 12, 8, 0, -8, 12},
  {1763, 12, 11, 0, -11, 12},
  {1829, 10, 13, 0, -13, 10},
  {1894, 18, 17, 0, -13, 18},
  {2047, 13, 13, 0, -13, 13},
  {2132, 12, 13, 0, -13, 12},
  {2210, 13, 13, 0, -13, 13},
  {2295, 13, 13, 0, -13, 13},
  {2380, 11, 13, 0, -13, 11},
  {2452, 11, 13, 0, -13, 11},
  {2524, 13, 13, 0, -13, 13},
  {2609, 13, 13, 0, -13, 13},
  {2694, 5, 13, 0, -13, 5},
  {2727, 10, 13, 0, -13, 10},
  {2792, 13, 13, 0, -13, 13},
  {2877, 10, 13, 0, -13, 10},
  {2942, 17, 13, 0, -13, 17},
  {3053, 14, 13, 0, -13, 14},
  {3144, 14, 13, 0, -13, 14},
  {3235, 12, 13, 0, -13, 12},
  {3313, 14, 14, 0, -13, 14},
  {3411, 12, 13, 0, -13, 12},
  {3489, 12, 13, 0, -13, 12},
  {3567, 12, 13, 0, -13, 12},
  {3645, 13, 13, 0, -13, 13},
  {3730, 13, 13, 0, -13, 13},
  {3815, 18, 13, 0, -13, 18},
  {3932, 13, 13, 0, -13, 13},
  {4017, 13, 13, 0, -13, 13},
  {4102, 12, 13, 0, -13, 12},
  {4180, 7, 16, 0, -14, 7},
  {4236, 7, 16, 0, -14, 7},
  {4292, 7, 16, 0, -14, 7},
  {4348, 9, 13, 0, -13, 9},
  {4407, 9, 2, 0, 0, 8},
  {4416, 6, 14, 0, -14, 6},
  {4458, 10, 10, 0, -10, 10},
  {4508, 11, 13, 0, -13, 11},
  {4580, 10, 10, 0, -10, 10},
  {4630, 11, 13, 0, -13, 11},
  {4702, 11, 10, 0, -10, 11},
  {4757, 7, 13, 0, -13, 7},
  {4803, 11, 14, 0, -10, 11},
  {4880, 11, 13, 0, -13, 11},
  {4952, 5, 14, 0, -14, 5},
  {4987, 6, 18, -1, -14, 5},
  {5041, 11, 13, 0, -13, 10},
  {5113, 5, 13, 0, -13, 5},
  {5146, 16, 10, 0, -10, 16},
  {5226, 11, 10, 0, -10, 11},
  {5281, 11, 10, 0, -10, 11},
  {5336, 11, 14, 0, -10, 11},
  {5413, 11, 14, 0, -10, 11},
  {5490, 7, 11, 0, -11, 7},
  {5529, 10, 10, 0, -10, 10},
  {5579, 7, 13, 0, -13, 6},
  {5625, 11, 10, 0, -10, 11},
  {5680, 11, 10, 0, -10, 11},
  {5735, 15, 10, 0, -10, 15},
  {5810, 10, 10, 0, -10, 10},
  {5860, 11, 14, 0, -10, 11},
  {5937, 10, 10, 0, -10, 10},
  {5987, 8, 17, 0, -13, 8},
  {6055, 6, 22, 0, -18, 6},
  {6121, 8, 17, 0, -13, 8},
  {6189, 12, 7, 0, -7, 12},
};
static constexpr uint8_t kBodyBitmap[] = {
  0xE0, 0xFF, 0x00, 0xE0, 0xFF, 0x00, 0xE0, 0xFF, 0x00, 0xD0, 0xFF, 0x00, 0xD0, 0xFF, 0x00, 0xD0,
  0xFF, 0x00, 0xD0, 0xFF, 0x00, 0xD0, 0xFF, 0x00, 0xD0, 0xFF, 0x00, 0x00, 0x00, 0x00, 0x00, 0xFF,
  0x00, 0xF0, 0xFF, 0x0D, 0xD0, 0xFF, 0x00, 0x00, 0xFF, 0xF0, 0xFF, 0x00, 0xF0, 0x0F, 0xFF, 0x0F,
  0x00, 0xFF, 0xF0, 0xEF, 0x00, 0xF0, 0x0F, 0xFE, 0x0E, 0x00, 0xFF, 0xE0, 0xEF, 0x00, 0x00, 0x00,
  0x00, 0x00, 0x00, 0x00, 0x00, 0x00, 0x00, 0x00, 0x00, 0x00, 0x00, 0x00, 0x00, 0x00, 0x00, 0x00,
  0x00, 0x00, 0x00, 0x00, 0x00, 0x00, 0x00, 0x00, 0x00, 0x00, 0x00, 0x00, 0x00, 0x00, 0x00, 0x00,
  0x00, 0x00, 0x00, 0xE0, 0xEF, 0x00, 0xFF, 0x00, 0x00, 0xF0, 0x0F, 0x00, 0xFF, 0x00, 0x00, 0xF0,
  0x0F, 0xD0, 0xFF, 0x00, 0xF0, 0xFF, 0xFF, 0xFF, 0xFF, 0xDF, 0xF0, 0xFF, 0xFF, 0xFF, 0xFF, 0x0F,
  0x00, 0xFD, 0x0F, 0xF0, 0x0F, 0x00, 0x00, 0xFE, 0x0E, 0xF0, 0x0F, 0x00, 0x00, 0xFF, 0x0D, 0xF0,
  0x0F, 0x00, 0xFF, 0xFF, 0xFF, 0xFF, 0xFF, 0x0F, 0xFF, 0xFF, 0xFF, 0xFF, 0xFF, 0x0E, 0x00, 0xFF,
  0x00, 0xFE, 0x0E, 0x00, 0xD0, 0xFF, 0x00, 0xFF, 0x00, 0x00, 0xE0, 0xEF, 0x00, 0xFF, 0x00, 0x00,
  0x00, 0x00, 0xF0, 0x0E, 0x00, 0x00, 0x00, 0x00, 0xF0, 0x0E, 0x00, 0x00, 0x00, 0xF0, 0xFF, 0xFF,
  0x0F, 0x00, 0x00, 0xFF, 0xFF, 0xFF, 0xFF, 0x00, 0xF0, 0xFF, 0xFD, 0xDE, 0xFF, 0x0E, 0xF0, 0xFF,
  0xF0, 0x0E, 0xFE, 0x0E, 0xF0, 0xFF, 0xFD, 0x0E, 0x00, 0x00, 0xD0, 0xFF, 0xFF, 0xDF, 0x00, 0x00,
  0x00, 0xF0, 0xFF, 0xFF, 0xDF, 0x00, 0x00, 0x00, 0xF0, 0xFF, 0xFF, 0x0D, 0x00, 0x00, 0xF0, 0x0E,
  0xFF, 0x0F, 0xF0, 0xDF, 0xF0, 0x0E, 0xFF, 0x0F, 0xF0, 0xFF, 0xF0, 0xDE, 0xFF, 0x0F, 0xE0, 0xFF,
  0xFF, 0xFF, 0xFF, 0x00, 0x00, 0xFD, 0xFF, 0xFF, 0x0F, 0x00, 0x00, 0x00, 0xF0, 0x0E, 0x00, 0x00,
  0x00, 0x00, 0xF0, 0x0E, 0x00, 0x00, 0x00, 0xFD, 0xFF, 0x0D, 0x00, 0x00, 0xFF, 0x00, 0x00, 0x00,
  0xFF, 0xFF, 0x0F, 0x00, 0xE0, 0xEF, 0x00, 0x00, 0xD0, 0xFF, 0xF0, 0xDF, 0x00, 0xF0, 0x0F, 0x00,
  0x00, 0xD0, 0xFF, 0xF0, 0xDF, 0x00, 0xFF, 0x00, 0x00, 0x00, 0x00, 0xFF, 0xFF, 0x0F, 0xE0, 0xDF,
  0x00, 0x00, 0x00, 0x00, 0xFD, 0xFF, 0x0D, 0xFD, 0x0F, 0x00, 0x00, 0x00, 0x00, 0x00, 0x00, 0x00,
  0xFF, 0x00, 0xFF, 0x0F, 0x00, 0x00, 0x00, 0x00, 0xF0, 0xDF, 0xF0, 0xFF, 0xFF, 0x00, 0x00, 0x00,
  0x00, 0xFD, 0x0E, 0xF0, 0x0F, 0xFF, 0x0D, 0x00, 0x00, 0x00, 0xFF, 0x00, 0xFD, 0x0E, 0xFE, 0x0D,
  0x00, 0x00, 0xF0, 0x0F, 0x00, 0xF0, 0x0F, 0xFF, 0x0D, 0x00, 0x00, 0xFE, 0x0E, 0x00, 0xF0, 0xFF,
  0xFF, 0x00, 0x00, 0x00, 0xFF, 0x00, 0x00, 0x00, 0xFF, 0xDF, 0x00, 0x00, 0xF0, 0xFF, 0xDF, 0x00,
  0x00, 0x00, 0xFF, 0xFF, 0xFF, 0x0D, 0x00, 0x00, 0xFF, 0x0D, 0xFF, 0x0F, 0x00, 0x00, 0xFF, 0x00,
  0xFE, 0x0F, 0x00, 0x00, 0xFF, 0xDE, 0xFF, 0x0D, 0x00, 0x00, 0xFD, 0xFF, 0xEF, 0x00, 0x00, 0x00,
  0xFD, 0xFF, 0x0E, 0x00, 0x00, 0xE0, 0xFF, 0xFF, 0x0F, 0xF0, 0x0F, 0xF0, 0xEF, 0xF0, 0xFF, 0xFE,
  0x0F, 0xFD, 0x0F, 0x00, 0xFF, 0xFF, 0x0F, 0xF0, 0xFF, 0x00, 0xFD, 0xFF, 0x00, 0xF0, 0xFF, 0xFF,
  0xFF, 0xFF, 0x0F, 0x00, 0xFE, 0xFF, 0xEF, 0xF0, 0xEF, 0x00, 0xFF, 0x00, 0x00, 0xFF, 0x00, 0x00,
  0xFF, 0x00, 0x00, 0xFF, 0x00, 0x00, 0xFF, 0x00, 0x00, 0x00, 0x00, 0x00, 0x00, 0x00, 0x00, 0x00,
  0x00, 0x00, 0x00, 0x00, 0x00, 0x00, 0x00, 0x00, 0x00, 0x00, 0x00, 0x00, 0x00, 0x00, 0x00, 0x00,
  0x00, 0xE0, 0xFF, 0x00, 0x00, 0xFF, 0x0E, 0x00, 0xFD, 0x0F, 0x00, 0xF0, 0xFF, 0x00, 0x00, 0xFF,
  0x0E, 0x00, 0xF0, 0xDF, 0x00, 0xD0, 0xFF, 0x00, 0x00, 0xFE, 0x0F, 0x00, 0xE0, 0xFF, 0x00, 0x00,
  0xFD, 0x0F, 0x00, 0x00, 0xFF, 0x00, 0x00, 0xF0, 0xEF, 0x00, 0x00, 0xFF, 0x0F, 0x00, 0xE0, 0xFF,
  0x00, 0x00, 0xF0, 0xEF, 0x00, 0x00, 0xFE, 0x0F, 0xF0, 0x0F, 0x00, 0x00, 0xFF, 0x0F, 0x00, 0xE0,
  0xFF, 0x00, 0x00, 0xF0, 0xDF, 0x00, 0x00, 0xFF, 0x0F, 0x00, 0xF0, 0xFF, 0x00, 0x00, 0xFE, 0x0F,
  0x00, 0xE0, 0xFF, 0x00, 0x00, 0xFD, 0x0F, 0x00, 0xE0, 0xFF, 0x00, 0x00, 0xFE, 0x0F, 0x00, 0xF0,
  0xFF, 0x00, 0x00, 0xFF, 0x0E, 0x00, 0xFD, 0x0F, 0x00, 0xF0, 0xFF, 0x00, 0x00, 0xFF, 0x00, 0x00,
  0x00, 0x00, 0xFF, 0x00, 0x00, 0x00, 0x0F, 0xFF, 0xF0, 0x00, 0xE0, 0xFF, 0xFF, 0xFF, 0x00, 0x00,
  0xF0, 0xFF, 0x0F, 0x00, 0xE0, 0xFF, 0xFF, 0xFF, 0x00, 0xD0, 0x0F, 0xFF, 0xFD, 0x00, 0x00, 0x00,
  0xFF, 0x00, 0x00, 0x00, 0x00, 0x00, 0x00, 0x00, 0x00, 0x00, 0x00, 0x00, 0x00, 0x00, 0x00, 0x00,
  0x00, 0x00, 0x00, 0x00, 0x00, 0x00, 0x00, 0x00, 0x00, 0x00, 0x00, 0x00, 0x00, 0x00, 0x00, 0x00,
  0x00, 0x00, 0x00, 0xF0, 0x0F, 0x00, 0x00, 0x00, 0x00, 0xF0, 0x0F, 0x00, 0x00, 0x00, 0x00, 0xF0,
  0x0F, 0x00, 0x00, 0x00, 0x00, 0xF0, 0x0F, 0x00, 0x00, 0xE0, 0xFF, 0xFF, 0xFF, 0xFF, 0x0E, 0xD0,
  0xFF, 0xFF, 0xFF, 0xFF, 0x0E, 0x00, 0x00, 0xF0, 0x0F, 0x00, 0x00, 0x00, 0x00, 0xF0, 0x0F, 0x00,
  0x00, 0x00, 0x00, 0xF0, 0x0F, 0x00, 0x00, 0x00, 0x00, 0x00, 0x00, 0x00, 0x00, 0xD0, 0xFF, 0x00,
  0xE0, 0xFF, 0x00, 0xF0, 0xEF, 0x00, 0xF0, 0x0F, 0x00, 0xF0, 0x0F, 0x00, 0xF0, 0xFF, 0xFF, 0x0F,
  0xF0, 0xFF, 0xFF, 0x0F, 0x00, 0x00, 0x00, 0x00, 0x00, 0x00, 0x00, 0x00, 0x00, 0x00, 0x00, 0x00,
  0x00, 0x00, 0x00, 0x00, 0x00, 0x00, 0x00, 0x00, 0x00, 0xFF, 0x00, 0xF0, 0xFF, 0x0D, 0xD0, 0xFF,
  0x00, 0x00, 0x00, 0xFD, 0x0D, 0x00, 0xF0, 0xDF, 0x00, 0x00, 0xFF, 0x00, 0x00, 0xFD, 0x0F, 0x00,
  0xF0, 0xEF, 0x00, 0x00, 0xFF, 0x00, 0x00, 0xF0, 0x0F, 0x00, 0xE0, 0xFF, 0x00, 0x00, 0xFF, 0x0E,
  0x00, 0xF0, 0x0F, 0x00, 0xD0, 0xFF, 0x00, 0x00, 0xFE, 0x0F, 0x00, 0xF0, 0xDF, 0x00, 0x00, 0xFF,
  0x00, 0x00, 0xFD, 0x0F, 0x00, 0xF0, 0xEF, 0x00, 0x00, 0x00, 0xE0, 0xFF, 0xFF, 0x0D, 0x00, 0x00,
  0xFF, 0xFF, 0xFF, 0xEF, 0x00, 0xD0, 0xFF, 0x0E, 0xF0, 0xFF, 0x00, 0xF0, 0xFF, 0x00, 0x00, 0xFF,
  0x0F, 0xF0, 0xEF, 0x00, 0x00, 0xFF, 0x0F, 0xF0, 0xEF, 0x00, 0x00, 0xFE, 0x0F, 0xF0, 0xDF, 0x00,
  0x00, 0xFE, 0x0F, 0xF0, 0xEF, 0x00, 0x00, 0xFE, 0x0F, 0xF0, 0xEF, 0x00, 0x00, 0xFF, 0x0F, 0xF0,
  0xFF, 0x00, 0x00, 0xFF, 0x0F, 0xD0, 0xFF, 0x0E, 0xF0, 0xFF, 0x00, 0x00, 0xFF, 0xFF, 0xFF, 0xEF,
  0x00, 0x00, 0xE0, 0xFF, 0xFF, 0x0D, 0x00, 0x00, 0xF0, 0xFF, 0x0D, 0xE0, 0xFF, 0xFF, 0x0D, 0xF0,
  0xEF, 0xFF, 0x0D, 0xF0, 0x00, 0xFF, 0x0D, 0x00, 0x00, 0xFF, 0x0D, 0x00, 0x00, 0xFF, 0x0D, 0x00,
  0x00, 0xFF, 0x0D, 0x00, 0x00, 0xFF, 0x0D, 0x00, 0x00, 0xFF, 0x0D, 0x00, 0x00, 0xFF, 0x0D, 0x00,
  0x00, 0xFF, 0x0D, 0x00, 0x00, 0xFF, 0x0D, 0x00, 0x00, 0xFF, 0x0D, 0x00, 0xF0, 0xFF, 0xFF, 0x00,
  0x00, 0xF0, 0xFF, 0xFF, 0xFF, 0x00, 0xF0, 0xFF, 0x00, 0xF0, 0xFF, 0x00, 0xFF, 0x0E, 0x00, 0xFE,
  0x0F, 0x00, 0x00, 0x00, 0xE0, 0xFF, 0x00, 0x00, 0x00, 0x00, 0xFF, 0x0E, 0x00, 0x00, 0x00, 0xFF,
  0x0F, 0x00, 0x00, 0x00, 0xFF, 0x0F, 0x00, 0x00, 0x00, 0xFF, 0x0F, 0x00, 0x00, 0x00, 0xFF, 0x0F,
  0x00, 0x00, 0x00, 0xFF, 0x0F, 0x00, 0x00, 0x00, 0xFF, 0xFF, 0xFF, 0xFF, 0x0F, 0xF0, 0xFF, 0xFF,
  0xFF, 0xFF, 0x00, 0x00, 0xF0, 0xFF, 0xFF, 0x0D, 0x00, 0xF0, 0xFF, 0xFF, 0xFF, 0x0E, 0xF0, 0xFF,
  0x00, 0xF0, 0xFF, 0x00, 0xED, 0x0D, 0x00, 0xFD, 0x0F, 0x00, 0x00, 0x00, 0xF0, 0xFF, 0x00, 0x00,
  0xF0, 0xFF, 0xFF, 0x00, 0x00, 0x00, 0xFF, 0xFF, 0xDF, 0x00, 0x00, 0x00, 0x00, 0xFF, 0x0F, 0x00,
  0x00, 0x00, 0x00, 0xFF, 0x0E, 0xFF, 0x0D, 0x00, 0xF0, 0xEF, 0xF0, 0xFF, 0x00, 0xF0, 0xFF, 0x0D,
  0xFD, 0xFF, 0xFF, 0xFF, 0x0F, 0x00, 0xF0, 0xFF, 0xFF, 0x0E, 0x00, 0x00, 0x00, 0x00, 0xFF, 0xEF,
  0x00, 0x00, 0x00, 0xE0, 0xFF, 0xEF, 0x00, 0x00, 0x00, 0xF0, 0xFF, 0xEF, 0x00, 0x00, 0x00, 0xFF,
  0xFF, 0xEF, 0x00, 0x00, 0xD0, 0xFF, 0xF0, 0xEF, 0x00, 0x00, 0xF0, 0xEF, 0xF0, 0xEF, 0x00, 0x00,
  0xFE, 0x0F, 0xF0, 0xEF, 0x00, 0x00, 0xFF, 0x0D, 0xF0, 0xEF, 0x00, 0xF0, 0xFF, 0x00, 0xF0, 0xEF,
  0x00, 0xF0, 0xFF, 0xFF, 0xFF, 0xFF, 0x0F, 0xF0, 0xFF, 0xFF, 0xFF, 0xFF, 0x0F, 0x00, 0x00, 0x00,
  0xF0, 0xEF, 0x00, 0x00, 0x00, 0x00, 0xF0, 0xEF, 0x00, 0xD0, 0xFF, 0xFF, 0xFF, 0xEF, 0x00, 0xFD,
  0xFF, 0xFF, 0xFF, 0x0E, 0xE0, 0xFF, 0x00, 0x00, 0x00, 0x00, 0xFF, 0x0F, 0x00, 0x00, 0x00, 0xF0,
  0xFF, 0xFF, 0xFF, 0x00, 0x00, 0xFF, 0xFF, 0xFF, 0xFF, 0x00, 0xE0, 0xFF, 0x00, 0xFE, 0xFF, 0x00,
  0x00, 0x00, 0x00, 0xFE, 0x0F, 0x00, 0x00, 0x00, 0xD0, 0xFF, 0x00, 0xFF, 0x0D, 0x00, 0xFE, 0x0F,
  0xF0, 0xFF, 0x00, 0xF0, 0xFF, 0x00, 0xFD, 0xFF, 0xFF, 0xFF, 0x00, 0x00, 0xF0, 0xFF, 0xFF, 0x00,
  0x00, 0x00, 0xD0, 0xFF, 0xFF, 0x0E, 0x00, 0x00, 0xFE, 0xFF, 0xFF, 0xFF, 0x00, 0x00, 0xFF, 0x0E,
  0xE0, 0xFF, 0x0D, 0xF0, 0xFF, 0x00, 0x00, 0xDD, 0x00, 0xF0, 0xEF, 0xFD, 0xFF, 0x0E, 0x00, 0xF0,
  0xFF, 0xFF, 0xFF, 0xEF, 0x00, 0xF0, 0xFF, 0x0F, 0xF0, 0xFF, 0x00, 0xF0, 0xFF, 0x00, 0x00, 0xFF,
  0x0E, 0xF0, 0xEF, 0x00, 0x00, 0xFF, 0x0F, 0xF0, 0xFF, 0x00, 0x00, 0xFF, 0x0E, 0xE0, 0xFF, 0x0E,
  0xF0, 0xFF, 0x00, 0x00, 0xFF, 0xFF, 0xFF, 0xEF, 0x00, 0x00, 0xE0, 0xFF, 0xFF, 0x0D, 0x00, 0xFD,
  0xFF, 0xFF, 0xFF, 0xFF, 0xFD, 0xFF, 0xFF, 0xFF, 0xFF, 0x00, 0x00, 0x00, 0xF0, 0xEF, 0x00, 0x00,
  0x00, 0xFF, 0x0F, 0x00, 0x00, 0x00, 0xFF, 0x0E, 0x00, 0x00, 0xF0, 0xFF, 0x00, 0x00, 0x00, 0xF0,
  0xEF, 0x00, 0x00, 0x00, 0xFF, 0x0F, 0x00, 0x00, 0x00, 0xFF, 0x0E, 0x00, 0x00, 0xF0, 0xFF, 0x00,
  0x00, 0x00, 0xF0, 0xEF, 0x00, 0x00, 0x00, 0xFF, 0x0F, 0x00, 0x00, 0x00, 0xFF, 0x0E, 0x00, 0x00,
  0x00, 0xF0, 0xFF, 0xFF, 0x0D, 0x00, 0x00, 0xFF, 0xFF, 0xFF, 0xEF, 0x00, 0xE0, 0xFF, 0x0D, 0xF0,
  0xFF, 0x00, 0xF0, 0xFF, 0x00, 0xD0, 0xFF, 0x00, 0xD0, 0xFF, 0x0D, 0xF0, 0xFF, 0x00, 0x00, 0xFE,
  0xFF, 0xFF, 0x0F, 0x00, 0x00, 0xFF, 0xFF, 0xFF, 0x0F, 0x00, 0xE0, 0xFF, 0x0E, 0xF0, 0xFF, 0x00,
  0xF0, 0xEF, 0x00, 0x00, 0xFF, 0x0E, 0xF0, 0xEF, 0x00, 0x00, 0xFF, 0x0F, 0xF0, 0xFF, 0x00, 0xE0,
  0xFF, 0x0E, 0xD0, 0xFF, 0xFF, 0xFF, 0xFF, 0x00, 0x00, 0xF0, 0xFF, 0xFF, 0x0E, 0x00, 0x00, 0xF0,
  0xFF, 0xFF, 0x00, 0x00, 0x00, 0xFF, 0xFF, 0xFF, 0xDF, 0x00, 0xF0, 0xFF, 0x00, 0xF0, 0xFF, 0x00,
  0xF0, 0xDF, 0x00, 0x00, 0xFF, 0x0D, 0xF0, 0xDF, 0x00, 0x00, 0xFF, 0x0E, 0xF0, 0xFF, 0x00, 0xF0,
  0xFF, 0x0F, 0xD0, 0xFF, 0xFF, 0xFF, 0xFF, 0x0F, 0x00, 0xFD, 0xFF, 0x0F, 0xFF, 0x0F, 0x00, 0x00,
  0x00, 0x00, 0xFF, 0x0E, 0xF0, 0xEF, 0x00, 0xD0, 0xFF, 0x00, 0xF0, 0xFF, 0x00, 0xF0, 0xFF, 0x00,
  0x00, 0xFF, 0xFF, 0xFF, 0x0F, 0x00, 0x00, 0xF0, 0xFF, 0xFF, 0x00, 0x00, 0x00, 0xFF, 0x00, 0xF0,
  0xFF, 0x0D, 0xD0, 0xFF, 0x00, 0x00, 0x00, 0x00, 0x00, 0x00, 0x00, 0x00, 0x00, 0x00, 0x00, 0x00,
  0x00, 0x00, 0xFF, 0x00, 0xF0, 0xFF, 0x0D, 0xD0, 0xFF, 0x00, 0x00, 0xFF, 0x00, 0xE0, 0xFF, 0x0E,
  0x00, 0xFF, 0x00, 0x00, 0x00, 0x00, 0x00, 0x00, 0x00, 0x00, 0x00, 0x00, 0x00, 0x00, 0x00, 0x00,
  0x00, 0x00, 0xD0, 0xFF, 0x00, 0xE0, 0xFF, 0x00, 0xF0, 0xEF, 0x00, 0xF0, 0x0F, 0x00, 0xF0, 0x0F,
  0x00, 0x00, 0x00, 0x00, 0x00, 0x00, 0x00, 0x00, 0x00, 0x00, 0x00, 0xFE, 0x0D, 0x00, 0x00, 0x00,
  0xFE, 0xFF, 0x0D, 0x00, 0x00, 0xFE, 0xFF, 0xEF, 0x00, 0x00, 0xFF, 0xFF, 0xDF, 0x00, 0x00, 0xF0,
  0xFF, 0x0F, 0x00, 0x00, 0x00, 0xE0, 0xFF, 0xFF, 0x00, 0x00, 0x00, 0x00, 0xF0, 0xFF, 0xFF, 0x0D,
  0x00, 0x00, 0x00, 0xF0, 0xFF, 0xFF, 0x00, 0x00, 0x00, 0x00, 0xF0, 0xFF, 0x0D, 0x00, 0x00, 0x00,
  0x00, 0xE0, 0x00, 0xD0, 0xFF, 0xFF, 0xFF, 0xFF, 0x0D, 0x00, 0xFF, 0xFF, 0xFF, 0xFF, 0x0D, 0x00,
  0x00, 0x00, 0x00, 0x00, 0x00, 0x00, 0x00, 0x00, 0x00, 0x00, 0x00, 0x00, 0xFF, 0xFF, 0xFF, 0xFF,
  0x0D, 0xD0, 0xFF, 0xFF, 0xFF, 0xFF, 0x0D, 0x00, 0x00, 0x00, 0x00, 0x00, 0x00, 0x00, 0x00, 0x00,
  0x00, 0x00, 0x00, 0x00, 0x00, 0x00, 0x00, 0x00, 0x00, 0x00, 0xEF, 0x00, 0x00, 0x00, 0x00, 0x00,
  0xFF, 0xEF, 0x00, 0x00, 0x00, 0x00, 0xFE, 0xFF, 0xFF, 0x00, 0x00, 0x00, 0x00, 0xFD, 0xFF, 0xFF,
  0x00, 0x00, 0x00, 0x00, 0xF0, 0xFF, 0x0F, 0x00, 0x00, 0x00, 0xFE, 0xFF, 0x0F, 0x00, 0x00, 0xFF,
  0xFF, 0xDF, 0x00, 0x00, 0xFF, 0xFF, 0x0F, 0x00, 0x00, 0x00, 0xFF, 0x0F, 0x00, 0x00, 0x00, 0x00,
  0x0E, 0x00, 0x00, 0x00, 0x00, 0x00, 0xFE, 0xFF, 0xDF, 0x00, 0xF0, 0xFF, 0xFF, 0xFF, 0x0D, 0xF0,
  0xEF, 0x00, 0xFF, 0x0F, 0xF0, 0x0F, 0x00, 0xFE, 0x0F, 0x00, 0x00, 0x00, 0xFF, 0x0F, 0x00, 0x00,
  0xFD, 0xFF, 0x00, 0x00, 0x00, 0xFF, 0x0F, 0x00, 0x00, 0xE0, 0xFF, 0x00, 0x00, 0x00, 0xE0, 0xEF,
  0x00, 0x00, 0x00, 0x00, 0x00, 0x00, 0x00, 0x00, 0xE0, 0xEF, 0x00, 0x00, 0x00, 0xF0, 0xFF, 0x00,
  0x00, 0x00, 0xF0, 0xFF, 0x00, 0x00, 0x00, 0x00, 0xE0, 0xFF, 0xFF, 0xFF, 0x0E, 0x00, 0x00, 0x00,
  0x00, 0xFF, 0xFF, 0xFF, 0xFF, 0xFF, 0x0D, 0x00, 0x00, 0xF0, 0xFF, 0x0E, 0x00, 0xD0, 0xFF, 0xDF,
  0x00, 0x00, 0xFF, 0x0F, 0x00, 0x00, 0x00, 0xE0, 0xFF, 0x00, 0xD0, 0xFF, 0x00, 0xF0, 0xFF, 0xFD,
  0x0F, 0xFF, 0x0E, 0xF0, 0xEF, 0x00, 0xFF, 0xFF, 0xFF, 0x0F, 0xF0, 0x0F, 0xF0, 0x0F, 0xF0, 0xFF,
  0x00, 0xFF, 0x0F, 0xF0, 0x0F, 0xF0, 0x0F, 0xF0, 0x0F, 0x00, 0xF0, 0x0F, 0xF0, 0x0F, 0xF0, 0x0F,
  0xF0, 0x0F, 0x00, 0xF0, 0x0F, 0xF0, 0x0F, 0xF0, 0x0F, 0xF0, 0x0F, 0x00, 0xF0, 0x0F, 0xF0, 0x0F,
  0xF0, 0x0F, 0xF0, 0xEF, 0x00, 0xFF, 0x0F, 0xFE, 0x0F, 0xF0, 0xEF, 0xD0, 0xFF, 0xFF, 0xFF, 0xFF,
  0xFF, 0x0D, 0xE0, 0xFF, 0x00, 0xFE, 0xFF, 0x0D, 0xFF, 0xEF, 0x00, 0x00, 0xFF, 0x0F, 0x00, 0x00,
  0x00, 0x00, 0x00, 0x00, 0x00, 0xF0, 0xFF, 0x0E, 0x00, 0x00, 0x0E, 0x00, 0x00, 0x00, 0x00, 0xFF,
  0xFF, 0xFF, 0xFF, 0xDF, 0x00, 0x00, 0x00, 0x00, 0xD0, 0xFF, 0xFF, 0xFF, 0x0E, 0x00, 0x00, 0x00,
  0x00, 0xF0, 0xFF, 0x00, 0x00, 0x00, 0x00, 0xF0, 0xFF, 0xFF, 0x00, 0x00, 0x00, 0x00, 0xFF, 0xFF,
  0x0F, 0x00, 0x00, 0x00, 0xFD, 0x0F, 0xFF, 0x0D, 0x00, 0x00, 0xF0, 0xFF, 0xF0, 0xFF, 0x00, 0x00,
  0x00, 0xFF, 0x0E, 0xFE, 0x0F, 0x00, 0x00, 0xFD, 0xDF, 0x00, 0xFF, 0x0E, 0x00, 0xF0, 0xFF, 0x00,
  0xF0, 0xFF, 0x00, 0x00, 0xFF, 0xFF, 0xFF, 0xFF, 0x0F, 0x00, 0xFE, 0xFF, 0xFF, 0xFF, 0xFF, 0x0E,
  0xF0, 0xFF, 0x00, 0x00, 0xF0, 0xFF, 0x00, 0xFF, 0x0F, 0x00, 0x00, 0xFE, 0x0F, 0xFE, 0x0F, 0x00,
  0x00, 0x00, 0xFF, 0x0E, 0xF0, 0xFF, 0xFF, 0xFF, 0x0F, 0x00, 0xF0, 0xFF, 0xFF, 0xFF, 0xFF, 0x00,
  0xF0, 0xFF, 0x00, 0xD0, 0xFF, 0x0E, 0xF0, 0xFF, 0x00, 0x00, 0xFF, 0x0F, 0xF0, 0xFF, 0x00, 0xE0,
  0xFF, 0x0D, 0xF0, 0xFF, 0xFF, 0xFF, 0xDF, 0x00, 0xF0, 0xFF, 0xFF, 0xFF, 0xFF, 0x00, 0xF0, 0xFF,
  0x00, 0xE0, 0xFF, 0x0F, 0xF0, 0xFF, 0x00, 0x00, 0xFE, 0x0F, 0xF0, 0xFF, 0x00, 0x00, 0xFE, 0x0F,
  0xF0, 0xFF, 0x00, 0x00, 0xFF, 0x0F, 0xF0, 0xFF, 0xFF, 0xFF, 0xFF, 0x0D, 0xF0, 0xFF, 0xFF, 0xFF,
  0xDF, 0x00, 0x00, 0x00, 0xFE, 0xFF, 0xEF, 0x00, 0x00, 0xD0, 0xFF, 0xFF, 0xFF, 0xFF, 0x00, 0x00,
  0xFF, 0x0F, 0x00, 0xFD, 0xFF, 0x00, 0xFE, 0x0F, 0x00, 0x00, 0xFD, 0xDF, 0xF0, 0xFF, 0x00, 0x00,
  0x00, 0xDD, 0x00, 0xFF, 0x0E, 0x00, 0x00, 0x00, 0x00, 0xF0, 0xDF, 0x00, 0x00, 0x00, 0x00, 0x00,
  0xFF, 0x0E, 0x00, 0x00, 0x00, 0x00, 0xF0, 0xFF, 0x00, 0x00, 0x00, 0xED, 0x00, 0xFE, 0x0F, 0x00,
  0x00, 0xFD, 0xDF, 0x00, 0xFF, 0x0F, 0x00, 0xFD, 0xFF, 0x00, 0xD0, 0xFF, 0xFF, 0xFF, 0xFF, 0x00,
  0x00, 0x00, 0xFF, 0xFF, 0xEF, 0x00, 0x00, 0xF0, 0xFF, 0xFF, 0xFF, 0x0E, 0x00, 0x00, 0xFF, 0xFF,
  0xFF, 0xFF, 0xDF, 0x00, 0xF0, 0xFF, 0x00, 0xD0, 0xFF, 0x0F, 0x00, 0xFF, 0x0F, 0x00, 0x00, 0xFF,
  0x0E, 0xF0, 0xFF, 0x00, 0x00, 0xE0, 0xFF, 0x00, 0xFF, 0x0F, 0x00, 0x00, 0xFD, 0x0F, 0xF0, 0xFF,
  0x00, 0x00, 0xD0, 0xFF, 0x00, 0xFF, 0x0F, 0x00, 0x00, 0xFD, 0x0F, 0xF0, 0xFF, 0x00, 0x00, 0xE0,
  0xFF, 0x00, 0xFF, 0x0F, 0x00, 0x00, 0xFF, 0x0E, 0xF0, 0xFF, 0x00, 0xD0, 0xFF, 0x0F, 0x00, 0xFF,
  0xFF, 0xFF, 0xFF, 0xDF, 0x00, 0xF0, 0xFF, 0xFF, 0xFF, 0x0E, 0x00, 0x00, 0xF0, 0xFF, 0xFF, 0xFF,
  0xFF, 0x00, 0xFF, 0xFF, 0xFF, 0xFF, 0x0F, 0xF0, 0xFF, 0x00, 0x00, 0x00, 0x00, 0xFF, 0x0F, 0x00,
  0x00, 0x00, 0xF0, 0xFF, 0x00, 0x00, 0x00, 0x00, 0xFF, 0xFF, 0xFF, 0xFF, 0x0E, 0xF0, 0xFF, 0xFF,
  0xFF, 0xEF, 0x00, 0xFF, 0x0F, 0x00, 0x00, 0x00, 0xF0, 0xFF, 0x00, 0x00, 0x00, 0x00, 0xFF, 0x0F,
  0x00, 0x00, 0x00, 0xF0, 0xFF, 0x00, 0x00, 0x00, 0x00, 0xFF, 0xFF, 0xFF, 0xFF, 0x0F, 0xF0, 0xFF,
  0xFF, 0xFF, 0xFF, 0x00, 0xF0, 0xFF, 0xFF, 0xFF, 0xFF, 0x00, 0xFF, 0xFF, 0xFF, 0xFF, 0x0F, 0xF0,
  0xFF, 0x00, 0x00, 0x00, 0x00, 0xFF, 0x0F, 0x00, 0x00, 0x00, 0xF0, 0xFF, 0x00, 0x00, 0x00, 0x00,
  0xFF, 0x0F, 0x00, 0x00, 0x00, 0xF0, 0xFF, 0xFF, 0xFF, 0x0F, 0x00, 0xFF, 0xFF, 0xFF, 0xFF, 0x00,
  0xF0, 0xFF, 0x00, 0x00, 0x00, 0x00, 0xFF, 0x0F, 0x00, 0x00, 0x00, 0xF0, 0xFF, 0x00, 0x00, 0x00,
  0x00, 0xFF, 0x0F, 0x00, 0x00, 0x00, 0xF0, 0xFF, 0x00, 0x00, 0x00, 0x00, 0x00, 0x00, 0xFE, 0xFF,
  0xEF, 0x00, 0x00, 0x00, 0xFF, 0xFF, 0xFF, 0xFF, 0x00, 0x00, 0xFF, 0xDF, 0x00, 0xFD, 0xFF, 0x00,
  0xFE, 0x0F, 0x00, 0x00, 0xFD, 0xDF, 0xF0, 0xFF, 0x00, 0x00, 0x00, 0x00, 0x00, 0xFF, 0x0E, 0x00,
  0x00, 0x00, 0x00, 0xF0, 0xDF, 0x00, 0xF0, 0xFF, 0xFF, 0x0F, 0xFF, 0x0E, 0x00, 0xFF, 0xFF, 0xFF,
  0xF0, 0xFF, 0x00, 0x00, 0x00, 0xFF, 0x0E, 0xFE, 0x0F, 0x00, 0x00, 0xFD, 0xDF, 0x00, 0xFF, 0x0F,
  0x00, 0xFD, 0xFF, 0x00, 0xD0, 0xFF, 0xFF, 0xFF, 0xFF, 0x00, 0x00, 0x00, 0xFF, 0xFF, 0xEF, 0x00,
  0x00, 0xF0, 0xFF, 0x00, 0x00, 0xD0, 0xFF, 0x00, 0xFF, 0x0F, 0x00, 0x00, 0xFD, 0x0F, 0xF0, 0xFF,
  0x00, 0x00, 0xD0, 0xFF, 0x00, 0xFF, 0x0F, 0x00, 0x00, 0xFD, 0x0F, 0xF0, 0xFF, 0x00, 0x00, 0xD0,
  0xFF, 0x00, 0xFF, 0xFF, 0xFF, 0xFF, 0xFF, 0x0F, 0xF0, 0xFF, 0xFF, 0xFF, 0xFF, 0xFF, 0x00, 0xFF,
  0x0F, 0x00, 0x00, 0xFD, 0x0F, 0xF0, 0xFF, 0x00, 0x00, 0xD0, 0xFF, 0x00, 0xFF, 0x0F, 0x00, 0x00,
  0xFD, 0x0F, 0xF0, 0xFF, 0x00, 0x00, 0xD0, 0xFF, 0x00, 0xFF, 0x0F, 0x00, 0x00, 0xFD, 0x0F, 0xF0,
  0xFF, 0x00, 0x00, 0xD0, 0xFF, 0x00, 0xF0, 0xFF, 0x00, 0xFF, 0x0F, 0xF0, 0xFF, 0x00, 0xFF, 0x0F,
  0xF0, 0xFF, 0x00, 0xFF, 0x0F, 0xF0, 0xFF, 0x00, 0xFF, 0x0F, 0xF0, 0xFF, 0x00, 0xFF, 0x0F, 0xF0,
  0xFF, 0x00, 0xFF, 0x0F, 0xF0, 0xFF, 0x00, 0x00, 0x00, 0x00, 0xFD, 0x0F, 0x00, 0x00, 0x00, 0xFD,
  0x0F, 0x00, 0x00, 0x00, 0xFD, 0x0F, 0x00, 0x00, 0x00, 0xFD, 0x0F, 0x00, 0x00, 0x00, 0xFD, 0x0F,
  0x00, 0x00, 0x00, 0xFD, 0x0F, 0x00, 0x00, 0x00, 0xFD, 0x0F, 0x00, 0x00, 0x00, 0xFD, 0x0F, 0xFD,
  0x0F, 0x00, 0xFD, 0x0F, 0xFD, 0x0F, 0x00, 0xFD, 0x0F, 0xF0, 0xFF, 0x00, 0xFF, 0x0F, 0xF0, 0xFF,
  0xFF, 0xFF, 0x0E, 0x00, 0xFE, 0xFF, 0xDF, 0x00, 0xF0, 0xFF, 0x00, 0x00, 0xFD, 0xFF, 0x00, 0xFF,
  0x0F, 0x00, 0xF0, 0xFF, 0x00, 0xF0, 0xFF, 0x00, 0xF0, 0xFF, 0x00, 0x00, 0xFF, 0x0F, 0xF0, 0xFF,
  0x00, 0x00, 0xF0, 0xFF, 0xF0, 0xFF, 0x00, 0x00, 0x00, 0xFF, 0xFF, 0xFF, 0x0D, 0x00, 0x00, 0xF0,
  0xFF, 0xFF, 0xFF, 0x00, 0x00, 0x00, 0xFF, 0xFF, 0xFF, 0xEF, 0x00, 0x00, 0xF0, 0xFF, 0x0D, 0xFF,
  0x0F, 0x00, 0x00, 0xFF, 0x0F, 0x00, 0xFF, 0x0F, 0x00, 0xF0, 0xFF, 0x00, 0xD0, 0xFF, 0x0E, 0x00,
  0xFF, 0x0F, 0x00, 0xF0, 0xFF, 0x00, 0xF0, 0xFF, 0x00, 0x00, 0xF0, 0xFF, 0x00, 0xF0, 0xFF, 0x00,
  0x00, 0x00, 0xF0, 0xFF, 0x00, 0x00, 0x00, 0xF0, 0xFF, 0x00, 0x00, 0x00, 0xF0, 0xFF, 0x00, 0x00,
  0x00, 0xF0, 0xFF, 0x00, 0x00, 0x00, 0xF0, 0xFF, 0x00, 0x00, 0x00, 0xF0, 0xFF, 0x00, 0x00, 0x00,
  0xF0, 0xFF, 0x00, 0x00, 0x00, 0xF0, 0xFF, 0x00, 0x00, 0x00, 0xF0, 0xFF, 0x00, 0x00, 0x00, 0xF0,
  0xFF, 0x00, 0x00, 0x00, 0xF0, 0xFF, 0xFF, 0xFF, 0xEF, 0xF0, 0xFF, 0xFF, 0xFF, 0xEF, 0xF0, 0xFF,
  0x0F, 0x00, 0x00, 0xE0, 0xFF, 0xDF, 0x00, 0xFF, 0xFF, 0x0E, 0x00, 0x00, 0xFF, 0xFF, 0x0D, 0xF0,
  0xFF, 0xFF, 0x00, 0x00, 0xF0, 0xFF, 0xDF, 0x00, 0xFF, 0xFF, 0x0F, 0x00, 0xF0, 0xFF, 0xFF, 0x0D,
  0xF0, 0xFF, 0xFF, 0x0F, 0x00, 0xFF, 0xFE, 0xDF, 0x00, 0xFF, 0xEF, 0xFF, 0x00, 0xFD, 0x0F, 0xFF,
  0x0D, 0xF0, 0xFF, 0xF0, 0xDF, 0xF0, 0xFF, 0xF0, 0xDF, 0x00, 0xFF, 0x0F, 0xFF, 0x0F, 0xFF, 0x0E,
  0xFF, 0x0D, 0xF0, 0xFF, 0xE0, 0xFF, 0xFD, 0x0F, 0xF0, 0xDF, 0x00, 0xFF, 0x0F, 0xF0, 0xFF, 0xFF,
  0x00, 0xFF, 0x0D, 0xF0, 0xFF, 0x00, 0xFF, 0xFF, 0x0D, 0xF0, 0xDF, 0x00, 0xFF, 0x0F, 0xD0, 0xFF,
  0x0F, 0x00, 0xFF, 0x0D, 0xF0, 0xFF, 0x00, 0xF0, 0xEF, 0x00, 0xF0, 0xDF, 0x00, 0xF0, 0xFF, 0x0D,
  0x00, 0x00, 0xFF, 0x0E, 0xF0, 0xFF, 0x0F, 0x00, 0x00, 0xFF, 0x0E, 0xF0, 0xFF, 0xFF, 0x00, 0x00,
  0xFF, 0x0E, 0xF0, 0xFF, 0xFF, 0x0D, 0x00, 0xFF, 0x0E, 0xF0, 0xFF, 0xFF, 0x0F, 0x00, 0xFF, 0x0E,
  0xF0, 0xFF, 0xF0, 0xEF, 0x00, 0xFF, 0x0E, 0xF0, 0xFF, 0xE0, 0xFF, 0x00, 0xFF, 0x0E, 0xF0, 0xFF,
  0x00, 0xFF, 0x0F, 0xFF, 0x0E, 0xF0, 0xFF, 0x00, 0xFD, 0xDF, 0xFF, 0x0E, 0xF0, 0xFF, 0x00, 0xF0,
  0xFF, 0xFF, 0x0E, 0xF0, 0xFF, 0x00, 0x00, 0xFF, 0xFF, 0x0E, 0xF0, 0xFF, 0x00, 0x00, 0xFD, 0xFF,
  0x0E, 0xF0, 0xFF, 0x00, 0x00, 0xF0, 0xFF, 0x0E, 0x00, 0x00, 0xFE, 0xFF, 0xEF, 0x00, 0x00, 0x00,
  0xFD, 0xFF, 0xFF, 0xFF, 0x0F, 0x00, 0x00, 0xFF, 0x0F, 0x00, 0xFD, 0xFF, 0x00, 0xE0, 0xFF, 0x00,
  0x00, 0x00, 0xFF, 0x0E, 0xF0, 0xFF, 0x00, 0x00, 0x00, 0xFF, 0x0F, 0xF0, 0xEF, 0x00, 0x00, 0x00,
  0xFF, 0x0F, 0xF0, 0xDF, 0x00, 0x00, 0x00, 0xFE, 0x0F, 0xF0, 0xEF, 0x00, 0x00, 0x00, 0xFF, 0x0F,
  0xF0, 0xFF, 0x00, 0x00, 0x00, 0xFF, 0x0F, 0xE0, 0xFF, 0x00, 0x00, 0x00, 0xFF, 0x0E, 0x00, 0xFF,
  0x0F, 0x00, 0xFD, 0xFF, 0x00, 0x00, 0xFD, 0xFF, 0xFF, 0xFF, 0x0F, 0x00, 0x00, 0x00, 0xFE, 0xFF,
  0xEF, 0x00, 0x00, 0xF0, 0xFF, 0xFF, 0xFF, 0x0F, 0x00, 0xF0, 0xFF, 0xFF, 0xFF, 0xFF, 0x00, 0xF0,
  0xFF, 0x00, 0xE0, 0xFF, 0x0E, 0xF0, 0xFF, 0x00, 0x00, 0xFF, 0x0F, 0xF0, 0xFF, 0x00, 0x00, 0xFF,
  0x0F, 0xF0, 0xFF, 0x00, 0x00, 0xFF, 0x0F, 0xF0, 0xFF, 0x00, 0xF0, 0xFF, 0x0E, 0xF0, 0xFF, 0xFF,
  0xFF, 0xFF, 0x00, 0xF0, 0xFF, 0xFF, 0xFF, 0x0E, 0x00, 0xF0, 0xFF, 0x00, 0x00, 0x00, 0x00, 0xF0,
  0xFF, 0x00, 0x00, 0x00, 0x00, 0xF0, 0xFF, 0x00, 0x00, 0x00, 0x00, 0xF0, 0xFF, 0x00, 0x00, 0x00,
  0x00, 0x00, 0x00, 0xFE, 0xFF, 0xEF, 0x00, 0x00, 0x00, 0xFD, 0xFF, 0xFF, 0xFF, 0x0F, 0x00, 0x00,
  0xFF, 0xEF, 0x00, 0xFE, 0xFF, 0x00, 0xE0, 0xFF, 0x00, 0x00, 0xD0, 0xFF, 0x0E, 0xF0, 0xFF, 0x00,
  0x00, 0x00, 0xFF, 0x0F, 0xF0, 0xEF, 0x00, 0x00, 0x00, 0xFF, 0x0F, 0xF0, 0xDF, 0x00, 0x00, 0x00,
  0xFE, 0x0F, 0xF0, 0xEF, 0x00, 0x00, 0x00, 0xFF, 0x0F, 0xF0, 0xFF, 0x00, 0xED, 0x0D, 0xFF, 0x0F,
  0xE0, 0xFF, 0x00, 0xF0, 0xEF, 0xFF, 0x0E, 0x00, 0xFF, 0xEF, 0xE0, 0xFF, 0xFF, 0x00, 0x00, 0xFD,
  0xFF, 0xFF, 0xFF, 0x0F, 0x00, 0x00, 0x00, 0xFE, 0xFF, 0xFF, 0xEF, 0x00, 0x00, 0x00, 0x00, 0x00,
  0x00, 0xFF, 0x0D, 0xF0, 0xFF, 0xFF, 0xFF, 0x0F, 0x00, 0xF0, 0xFF, 0xFF, 0xFF, 0xFF, 0x00, 0xF0,
  0xFF, 0x00, 0xD0, 0xFF, 0x0F, 0xF0, 0xFF, 0x00, 0x00, 0xFF, 0x0F, 0xF0, 0xFF, 0x00, 0x00, 0xFF,
  0x0F, 0xF0, 0xFF, 0x00, 0xD0, 0xFF, 0x0F, 0xF0, 0xFF, 0xFF, 0xFF, 0xFF, 0x00, 0xF0, 0xFF, 0xFF,
  0xFF, 0x0F, 0x00, 0xF0, 0xFF, 0x00, 0xFF, 0x0F, 0x00, 0xF0, 0xFF, 0x00, 0xF0, 0xEF, 0x00, 0xF0,
  0xFF, 0x00, 0xF0, 0xFF, 0x00, 0xF0, 0xFF, 0x00, 0x00, 0xFF, 0x0F, 0xF0, 0xFF, 0x00, 0x00, 0xFF,
  0x0F, 0x00, 0xE0, 0xFF, 0xFF, 0x0E, 0x00, 0x00, 0xFF, 0xFF, 0xFF, 0xFF, 0x00, 0xF0, 0xFF, 0x0D,
  0xD0, 0xFF, 0x0E, 0xF0, 0xFF, 0x00, 0x00, 0xFE, 0x0E, 0xF0, 0xFF, 0x0D, 0x00, 0x00, 0x00, 0xD0,
  0xFF, 0xFF, 0xDF, 0x00, 0x00, 0x00, 0xFD, 0xFF, 0xFF, 0xEF, 0x00, 0x00, 0x00, 0xE0, 0xFF, 0xFF,
  0x0E, 0x00, 0x00, 0x00, 0x00, 0xFF, 0x0F, 0xF0, 0xDF, 0x00, 0x00, 0xFF, 0x0F, 0xF0, 0xFF, 0x00,
  0xD0, 0xFF, 0x0F, 0xD0, 0xFF, 0xFF, 0xFF, 0xFF, 0x00, 0x00, 0xF0, 0xFF, 0xFF, 0x0F, 0x00, 0xFD,
  0xFF, 0xFF, 0xFF, 0xFF, 0x0F, 0xFD, 0xFF, 0xFF, 0xFF, 0xFF, 0x0F, 0x00, 0x00, 0xFD, 0x0F, 0x00,
  0x00, 0x00, 0x00, 0xFD, 0x0F, 0x00, 0x00, 0x00, 0x00, 0xFD, 0x0F, 0x00, 0x00, 0x00, 0x00, 0xFD,
  0x0F, 0x00, 0x00, 0x00, 0x00, 0xFD, 0x0F, 0x00, 0x00, 0x00, 0x00, 0xFD, 0x0F, 0x00, 0x00, 0x00,
  0x00, 0xFD, 0x0F, 0x00, 0x00, 0x00, 0x00, 0xFD, 0x0F, 0x00, 0x00, 0x00, 0x00, 0xFD, 0x0F, 0x00,
  0x00, 0x00, 0x00, 0xFD, 0x0F, 0x00, 0x00, 0x00, 0x00, 0xFD, 0x0F, 0x00, 0x00, 0xF0, 0xFF, 0x00,
  0x00, 0xE0, 0xFF, 0x00, 0xFF, 0x0F, 0x00, 0x00, 0xFE, 0x0F, 0xF0, 0xFF, 0x00, 0x00, 0xE0, 0xFF,
  0x00, 0xFF, 0x0F, 0x00, 0x00, 0xFE, 0x0F, 0xF0, 0xFF, 0x00, 0x00, 0xE0, 0xFF, 0x00, 0xFF, 0x0F,
  0x00, 0x00, 0xFE, 0x0F, 0xF0, 0xFF, 0x00, 0x00, 0xE0, 0xFF, 0x00, 0xFF, 0x0F, 0x00, 0x00, 0xFE,
  0x0F, 0xF0, 0xFF, 0x00, 0x00, 0xE0, 0xFF, 0x00, 0xFF, 0x0F, 0x00, 0x00, 0xFF, 0x0F, 0x00, 0xFF,
  0x0F, 0x00, 0xFE, 0xEF, 0x00, 0xE0, 0xFF, 0xFF, 0xFF, 0xFF, 0x00, 0x00, 0xD0, 0xFF, 0xFF, 0xEF,
  0x00, 0x00, 0xFE, 0x0F, 0x00, 0x00, 0x00, 0xFF, 0x0E, 0xFF, 0x0F, 0x00, 0x00, 0xFE, 0x0F, 0xF0,
  0xFF, 0x00, 0x00, 0xF0, 0xFF, 0x00, 0xFD, 0xDF, 0x00, 0x00, 0xFF, 0x0E, 0x00, 0xFF, 0x0F, 0x00,
  0xFE, 0x0F, 0x00, 0xF0, 0xFF, 0x00, 0xF0, 0xFF, 0x00, 0x00, 0xFD, 0xDF, 0x00, 0xFF, 0x0E, 0x00,
  0x00, 0xFF, 0x0F, 0xFE, 0x0F, 0x00, 0x00, 0xF0, 0xFF, 0xF0, 0xFF, 0x00, 0x00, 0x00, 0xF0, 0x0F,
  0xFF, 0x0E, 0x00, 0x00, 0x00, 0xFF, 0xFF, 0x0F, 0x00, 0x00, 0x00, 0xE0, 0xFF, 0xFF, 0x00, 0x00,
  0x00, 0x00, 0xF0, 0xFF, 0x0D, 0x00, 0x00, 0xFE, 0x0F, 0x00, 0xD0, 0xFF, 0x0F, 0x00, 0xF0, 0xFF,
  0xF0, 0xEF, 0x00, 0xE0, 0xFF, 0x0F, 0x00, 0xF0, 0xFF, 0xF0, 0xFF, 0x00, 0xF0, 0xFF, 0x0F, 0x00,
  0xFD, 0xDF, 0xF0, 0xFF, 0x00, 0xF0, 0xFF, 0xEF, 0x00, 0xFE, 0x0F, 0xE0, 0xFF, 0x00, 0xFD, 0xFF,
  0xFF, 0x00, 0xFF, 0x0F, 0x00, 0xFF, 0x0E, 0xFE, 0xDF, 0xFF, 0x00, 0xFF, 0x0E, 0x00, 0xFF, 0x0F,
  0xFF, 0x0E, 0xFF, 0xD0, 0xFF, 0x00, 0x00, 0xFF, 0x0F, 0xFF, 0x00, 0xFF, 0xEE, 0xFF, 0x00, 0x00,
  0xFD, 0xDF, 0xFF, 0x00, 0xFF, 0xFF, 0xFF, 0x00, 0x00, 0xF0, 0xFF, 0xFF, 0x00, 0xFD, 0xFF, 0xEF,
  0x00, 0x00, 0xF0, 0xFF, 0xEF, 0x00, 0xF0, 0xFF, 0x0F, 0x00, 0x00, 0xE0, 0xFF, 0x0F, 0x00, 0xF0,
  0xFF, 0x0F, 0x00, 0x00, 0x00, 0xFF, 0x0F, 0x00, 0xE0, 0xFF, 0x0F, 0x00, 0xF0, 0xFF, 0x00, 0x00,
  0xF0, 0xFF, 0x00, 0xF0, 0xFF, 0x00, 0xF0, 0xFF, 0x00, 0x00, 0xFE, 0xDF, 0xD0, 0xFF, 0x0E, 0x00,
  0x00, 0xFF, 0x0F, 0xFF, 0x0F, 0x00, 0x00, 0x00, 0xFF, 0xFF, 0x0F, 0x00, 0x00, 0x00, 0xE0, 0xFF,
  0xEF, 0x00, 0x00, 0x00, 0x00, 0xF0, 0xFF, 0x00, 0x00, 0x00, 0x00, 0xF0, 0xFF, 0xFF, 0x00, 0x00,
  0x00, 0xE0, 0xFF, 0xFE, 0xEF, 0x00, 0x00, 0x00, 0xFF, 0x0F, 0xFF, 0x0F, 0x00, 0x00, 0xFF, 0x0F,
  0x00, 0xFF, 0x0F, 0x00, 0xFE, 0xDF, 0x00, 0xD0, 0xFF, 0x0E, 0xFD, 0xFF, 0x00, 0x00, 0xF0, 0xFF,
  0x00, 0xFD, 0xEF, 0x00, 0x00, 0xF0, 0xFF, 0x00, 0xFF, 0x0F, 0x00, 0x00, 0xFF, 0x0F, 0x00, 0xFF,
  0x0F, 0x00, 0xFF, 0x0F, 0x00, 0xE0, 0xFF, 0x00, 0xFD, 0xDF, 0x00, 0x00, 0xF0, 0xFF, 0xF0, 0xFF,
  0x00, 0x00, 0x00, 0xFD, 0xFF, 0xFF, 0x00, 0x00, 0x00, 0x00, 0xFF, 0xFF, 0x0F, 0x00, 0x00, 0x00,
  0x00, 0xFF, 0x0F, 0x00, 0x00, 0x00, 0x00, 0xF0, 0xFF, 0x00, 0x00, 0x00, 0x00, 0x00, 0xFF, 0x0F,
  0x00, 0x00, 0x00, 0x00, 0xF0, 0xFF, 0x00, 0x00, 0x00, 0x00, 0x00, 0xFF, 0x0F, 0x00, 0x00, 0x00,
  0x00, 0xF0, 0xFF, 0x00, 0x00, 0x00, 0xF0, 0xFF, 0xFF, 0xFF, 0xFF, 0x0F, 0xF0, 0xFF, 0xFF, 0xFF,
  0xFF, 0x0F, 0x00, 0x00, 0x00, 0xF0, 0xFF, 0x00, 0x00, 0x00, 0x00, 0xFE, 0xDF, 0x00, 0x00, 0x00,
  0x00, 0xFF, 0x0F, 0x00, 0x00, 0x00, 0xF0, 0xFF, 0x00, 0x00, 0x00, 0x00, 0xFE, 0xDF, 0x00, 0x00,
  0x00, 0x00, 0xFF, 0x0E, 0x00, 0x00, 0x00, 0xF0, 0xFF, 0x00, 0x00, 0x00, 0x00, 0xFE, 0x0F, 0x00,
  0x00, 0x00, 0x00, 0xFF, 0x0D, 0x00, 0x00, 0x00, 0xF0, 0xFF, 0xFF, 0xFF, 0xFF, 0x0F, 0xF0, 0xFF,
  0xFF, 0xFF, 0xFF, 0x0F, 0xD0, 0xFF, 0xFF, 0x00, 0xFD, 0xFF, 0x0F, 0xD0, 0xFF, 0x00, 0x00, 0xFD,
  0x0F, 0x00, 0xD0, 0xFF, 0x00, 0x00, 0xFD, 0x0F, 0x00, 0xD0, 0xFF, 0x00, 0x00, 0xFD, 0x0F, 0x00,
  0xD0, 0xFF, 0x00, 0x00, 0xFD, 0x0F, 0x00, 0xD0, 0xFF, 0x00, 0x00, 0xFD, 0x0F, 0x00, 0xD0, 0xFF,
  0x00, 0x00, 0xFD, 0x0F, 0x00, 0xD0, 0xFF, 0xFF, 0x00, 0xFD, 0xFF, 0x0F, 0xFE, 0x00, 0x00, 0xE0,
  0xFF, 0x00, 0x00, 0xF0, 0x0F, 0x00, 0x00, 0xFF, 0x00, 0x00, 0xF0, 0xEF, 0x00, 0x00, 0xFE, 0x0F,
  0x00, 0x00, 0xFF, 0x00, 0x00, 0xF0, 0xDF, 0x00, 0x00, 0xFF, 0x0E, 0x00, 0xD0, 0xFF, 0x00, 0x00,
  0xF0, 0x0F, 0x00, 0x00, 0xFF, 0x0D, 0x00, 0xE0, 0xFF, 0x00, 0x00, 0xF0, 0x0F, 0x00, 0x00, 0xFF,
  0x00, 0x00, 0xF0, 0xEF, 0xF0, 0xFF, 0x0F, 0x00, 0xFF, 0xFF, 0x00, 0x00, 0xFD, 0x0F, 0x00, 0xD0,
  0xFF, 0x00, 0x00, 0xFD, 0x0F, 0x00, 0xD0, 0xFF, 0x00, 0x00, 0xFD, 0x0F, 0x00, 0xD0, 0xFF, 0x00,
  0x00, 0xFD, 0x0F, 0x00, 0xD0, 0xFF, 0x00, 0x00, 0xFD, 0x0F, 0x00, 0xD0, 0xFF, 0x00, 0x00, 0xFD,
  0x0F, 0x00, 0xD0, 0xFF, 0x00, 0xF0, 0xFF, 0x0F, 0x00, 0xFF, 0xFF, 0x00, 0x00, 0xE0, 0xDF, 0x00,
  0x00, 0x00, 0xFF, 0x0F, 0x00, 0x00, 0xFF, 0xFF, 0x0E, 0x00, 0xF0, 0x0F, 0xFF, 0x00, 0xF0, 0xDF,
  0xF0, 0xDF, 0x00, 0xFF, 0x00, 0xF0, 0x0F, 0x00, 0x00, 0x00, 0x00, 0x00, 0x00, 0x00, 0x00, 0x00,
  0x00, 0x00, 0x00, 0x00, 0x00, 0x00, 0x00, 0x00, 0x00, 0x00, 0x00, 0x00, 0x00, 0x00, 0x00, 0x00,
  0x00, 0x00, 0x00, 0x00, 0x00, 0x00, 0x00, 0xFF, 0xFF, 0xFF, 0xFF, 0xFE, 0xFF, 0xFF, 0xFF, 0xEF,
  0xD0, 0xFF, 0x00, 0x00, 0xFF, 0x00, 0x00, 0xF0, 0x0F, 0x00, 0x00, 0x00, 0x00, 0x00, 0x00, 0x00,
  0x00, 0x00, 0x00, 0x00, 0x00, 0x00, 0x00, 0x00, 0x00, 0x00, 0x00, 0x00, 0x00, 0x00, 0x00, 0x00,
  0x00, 0x00, 0x00, 0x00, 0x00, 0x00, 0x00, 0x00, 0x00, 0x00, 0x00, 0xFD, 0xFF, 0xEF, 0x00, 0xE0,
  0xFF, 0xFF, 0xFF, 0x0F, 0xF0, 0xFF, 0x00, 0xFE, 0x0F, 0x00, 0x00, 0x00, 0xFD, 0x0F, 0x00, 0xFE,
  0xFF, 0xFF, 0x0F, 0xF0, 0xFF, 0xFF, 0xFE, 0x0F, 0xFD, 0x0F, 0x00, 0xFD, 0x0F, 0xFD, 0x0F, 0x00,
  0xFF, 0x0F, 0xF0, 0xFF, 0xFF, 0xFF, 0x0F, 0x00, 0xFF, 0xFF, 0xF0, 0x0F, 0xF0, 0xFF, 0x00, 0x00,
  0x00, 0x00, 0xFF, 0x0F, 0x00, 0x00, 0x00, 0xF0, 0xFF, 0x00, 0x00, 0x00, 0x00, 0xFF, 0xEF, 0xFF,
  0xEF, 0x00, 0xF0, 0xFF, 0xFF, 0xFF, 0xEF, 0x00, 0xFF, 0xEF, 0x00, 0xFF, 0x0F, 0xF0, 0xFF, 0x00,
  0x00, 0xFF, 0x0D, 0xFF, 0x0F, 0x00, 0xF0, 0xEF, 0xF0, 0xFF, 0x00, 0x00, 0xFF, 0x0E, 0xFF, 0x0F,
  0x00, 0xF0, 0xDF, 0xF0, 0xFF, 0x0E, 0xF0, 0xFF, 0x00, 0xFF, 0xFF, 0xFF, 0xFF, 0x0E, 0xF0, 0xEF,
  0xFE, 0xFF, 0x0E, 0x00, 0x00, 0xF0, 0xFF, 0xFF, 0x00, 0x00, 0xFF, 0xFF, 0xFF, 0x0F, 0xF0, 0xFF,
  0x00, 0xF0, 0xEF, 0xF0, 0xEF, 0x00, 0xD0, 0x0E, 0xF0, 0x0F, 0x00, 0x00, 0x00, 0xF0, 0x0F, 0x00,
  0x00, 0x00, 0xF0, 0xEF, 0x00, 0xD0, 0x0E, 0xF0, 0xFF, 0x00, 0xF0, 0xEF, 0x00, 0xFF, 0xFF, 0xFF,
  0x0F, 0x00, 0xF0, 0xFF, 0xFF, 0x00, 0x00, 0x00, 0x00, 0xD0, 0xFF, 0x00, 0x00, 0x00, 0x00, 0xFD,
  0x0F, 0x00, 0x00, 0x00, 0xD0, 0xFF, 0x00, 0xD0, 0xFF, 0xFF, 0xFD, 0x0F, 0xD0, 0xFF, 0xFF, 0xFF,
  0xFF, 0x00, 0xFF, 0x0F, 0xD0, 0xFF, 0x0F, 0xF0, 0xEF, 0x00, 0xE0, 0xFF, 0x00, 0xFF, 0x00, 0x00,
  0xFD, 0x0F, 0xF0, 0x0F, 0x00, 0xD0, 0xFF, 0x00, 0xFF, 0x0E, 0x00, 0xFE, 0x0F, 0xF0, 0xFF, 0x00,
  0xFD, 0xFF, 0x00, 0xFD, 0xFF, 0xFF, 0xFF, 0x0F, 0x00, 0xFD, 0xFF, 0xDF, 0xFF, 0x00, 0x00, 0xF0,
  0xFF, 0xEF, 0x00, 0x00, 0xF0, 0xFF, 0xFF, 0xFF, 0x00, 0xF0, 0xFF, 0x00, 0xF0, 0xEF, 0x00, 0xFF,
  0x0D, 0x00, 0xFE, 0x0F, 0xF0, 0xFF, 0xFF, 0xFF, 0xFF, 0x00, 0xFF, 0xFF, 0xFF, 0xFF, 0x0F, 0xF0,
  0xDF, 0x00, 0x00, 0x00, 0x00, 0xFF, 0x0F, 0x00, 0xFF, 0x0E, 0x00, 0xFF, 0xFF, 0xFF, 0x0F, 0x00,
  0x00, 0xFF, 0xFF, 0x0F, 0x00, 0x00, 0xF0, 0xFF, 0x0F, 0xF0, 0xFF, 0xEF, 0x00, 0xFF, 0x0E, 0xF0,
  0xFF, 0xFF, 0xEF, 0xFF, 0xFF, 0xFF, 0x0E, 0xF0, 0xDF, 0x00, 0x00, 0xFF, 0x0D, 0x00, 0xF0, 0xDF,
  0x00, 0x00, 0xFF, 0x0D, 0x00, 0xF0, 0xDF, 0x00, 0x00, 0xFF, 0x0D, 0x00, 0xF0, 0xDF, 0x00, 0x00,
  0xFF, 0x0D, 0x00, 0x00, 0xFD, 0xFF, 0xDF, 0xFF, 0x00, 0xF0, 0xFF, 0xFF, 0xFF, 0x0F, 0xF0, 0xFF,
  0x00, 0xFD, 0xFF, 0x00, 0xFF, 0x0E, 0x00, 0xFE, 0x0F, 0xF0, 0xDF, 0x00, 0xD0, 0xFF, 0x00, 0xFF,
  0x00, 0x00, 0xFD, 0x0F, 0xF0, 0xEF, 0x00, 0xE0, 0xFF, 0x00, 0xFF, 0x0F, 0x00, 0xFF, 0x0F, 0xD0,
  0xFF, 0xFF, 0xFF, 0xFF, 0x00, 0xD0, 0xFF, 0xFF, 0xFD, 0x0F, 0x00, 0x00, 0x00, 0xD0, 0xFF, 0x00,
  0xFE, 0x0F, 0x00, 0xFF, 0x0F, 0xD0, 0xFF, 0xFF, 0xFF, 0xDF, 0x00, 0xD0, 0xFF, 0xFF, 0x0F, 0x00,
  0xF0, 0xEF, 0x00, 0x00, 0x00, 0x00, 0xFF, 0x0E, 0x00, 0x00, 0x00, 0xF0, 0xEF, 0x00, 0x00, 0x00,
  0x00, 0xFF, 0xEE, 0xFF, 0xDF, 0x00, 0xF0, 0xFF, 0xFF, 0xFF, 0xDF, 0x00, 0xFF, 0xDF, 0x00, 0xFF,
  0x0F, 0xF0, 0xFF, 0x00, 0xF0, 0xFF, 0x00, 0xFF, 0x0F, 0x00, 0xFE, 0x0F, 0xF0, 0xFF, 0x00, 0xE0,
  0xFF, 0x00, 0xFF, 0x0F, 0x00, 0xFE, 0x0F, 0xF0, 0xFF, 0x00, 0xE0, 0xFF, 0x00, 0xFF, 0x0F, 0x00,
  0xFE, 0x0F, 0xF0, 0xFF, 0x00, 0xE0, 0xFF, 0x00, 0xE0, 0xDF, 0x00, 0xFF, 0x0F, 0xF0, 0xEF, 0x00,
  0x00, 0x00, 0xF0, 0xFF, 0x00, 0xFF, 0x0F, 0xF0, 0xFF, 0x00, 0xFF, 0x0F, 0xF0, 0xFF, 0x00, 0xFF,
  0x0F, 0xF0, 0xFF, 0x00, 0xFF, 0x0F, 0xF0, 0xFF, 0x00, 0xFF, 0x0F, 0x00, 0xFE, 0x0D, 0x00, 0xFF,
  0x0F, 0x00, 0xFF, 0x0E, 0x00, 0x00, 0x00, 0x00, 0xFF, 0x0F, 0x00, 0xFF, 0x0F, 0x00, 0xFF, 0x0F,
  0x00, 0xFF, 0x0F, 0x00, 0xFF, 0x0F, 0x00, 0xFF, 0x0F, 0x00, 0xFF, 0x0F, 0x00, 0xFF, 0x0F, 0x00,
  0xFF, 0x0F, 0x00, 0xFF, 0x0F, 0x00, 0xFF, 0x0E, 0x00, 0xFF, 0x0E, 0xFE, 0xFF, 0x00, 0xFE, 0xDF,
  0x00, 0xF0, 0xFF, 0x00, 0x00, 0x00, 0x00, 0xFF, 0x0F, 0x00, 0x00, 0x00, 0xF0, 0xFF, 0x00, 0x00,
  0x00, 0x00, 0xFF, 0x0F, 0xD0, 0xFF, 0x0E, 0xF0, 0xFF, 0x00, 0xFF, 0x0F, 0x00, 0xFF, 0x0F, 0xFF,
  0x0F, 0x00, 0xF0, 0xFF, 0xFF, 0x0F, 0x00, 0x00, 0xFF, 0xFF, 0xDF, 0x00, 0x00, 0xF0, 0xFF, 0xFF,
  0x0F, 0x00, 0x00, 0xFF, 0x0F, 0xFF, 0x0F, 0x00, 0xF0, 0xFF, 0xE0, 0xFF, 0x0D, 0x00, 0xFF, 0x0F,
  0xF0, 0xFF, 0x00, 0xF0, 0xFF, 0x00, 0xF0, 0xFF, 0x00, 0xF0, 0xFF, 0x00, 0xFF, 0x0F, 0xF0, 0xFF,
  0x00, 0xFF, 0x0F, 0xF0, 0xFF, 0x00, 0xFF, 0x0F, 0xF0, 0xFF, 0x00, 0xFF, 0x0F, 0xF0, 0xFF, 0x00,
  0xFF, 0x0F, 0xF0, 0xFF, 0x00, 0xFF, 0x0F, 0xF0, 0xFF, 0x00, 0xF0, 0xEF, 0xFE, 0xFF, 0x00, 0xFF,
  0xFF, 0x00, 0xF0, 0xFF, 0xFF, 0xFF, 0xFE, 0xFF, 0xFF, 0x0F, 0xF0, 0xFF, 0x00, 0xFE, 0xFF, 0x00,
  0xFF, 0x0F, 0xF0, 0xFF, 0x00, 0xF0, 0xDF, 0x00, 0xFE, 0x0F, 0xF0, 0xFF, 0x00, 0xF0, 0xDF, 0x00,
  0xFD, 0x0F, 0xF0, 0xFF, 0x00, 0xF0, 0xDF, 0x00, 0xFD, 0x0F, 0xF0, 0xFF, 0x00, 0xF0, 0xDF, 0x00,
  0xFD, 0x0F, 0xF0, 0xFF, 0x00, 0xF0, 0xDF, 0x00, 0xFD, 0x0F, 0xF0, 0xFF, 0x00, 0xF0, 0xDF, 0x00,
  0xFD, 0x0F, 0xF0, 0xFF, 0x00, 0xF0, 0xDF, 0x00, 0xFD, 0x0F, 0xF0, 0xEF, 0xFE, 0xFF, 0x0D, 0x00,
  0xFF, 0xFF, 0xFF, 0xFF, 0x0D, 0xF0, 0xFF, 0x0D, 0xF0, 0xFF, 0x00, 0xFF, 0x0F, 0x00, 0xFF, 0x0F,
  0xF0, 0xFF, 0x00, 0xE0, 0xFF, 0x00, 0xFF, 0x0F, 0x00, 0xFE, 0x0F, 0xF0, 0xFF, 0x00, 0xE0, 0xFF,
  0x00, 0xFF, 0x0F, 0x00, 0xFE, 0x0F, 0xF0, 0xFF, 0x00, 0xE0, 0xFF, 0x00, 0xFF, 0x0F, 0x00, 0xFE,
  0x0F, 0x00, 0xF0, 0xFF, 0xFF, 0x00, 0x00, 0xF0, 0xFF, 0xFF, 0xFF, 0x00, 0xF0, 0xFF, 0x00, 0xF0,
  0xFF, 0x00, 0xFF, 0x0E, 0x00, 0xFE, 0x0F, 0xF0, 0xDF, 0x00, 0x00, 0xFF, 0x00, 0xFF, 0x00, 0x00,
  0xF0, 0x0F, 0xF0, 0xEF, 0x00, 0xE0, 0xFF, 0x00, 0xFF, 0x0F, 0x00, 0xFF, 0x0F, 0x00, 0xFF, 0xFF,
  0xFF, 0x0F, 0x00, 0x00, 0xFF, 0xFF, 0x0F, 0x00, 0xF0, 0xEF, 0xFE, 0xFF, 0x0E, 0x00, 0xFF, 0xFF,
  0xFF, 0xFF, 0x0E, 0xF0, 0xFF, 0x0E, 0xF0, 0xFF, 0x00, 0xFF, 0x0F, 0x00, 0xF0, 0xDF, 0xF0, 0xFF,
  0x00, 0x00, 0xFF, 0x0E, 0xFF, 0x0F, 0x00, 0xF0, 0xEF, 0xF0, 0xFF, 0x00, 0x00, 0xFF, 0x0D, 0xFF,
  0xEF, 0x00, 0xFF, 0x0F, 0xF0, 0xFF, 0xFF, 0xFF, 0xEF, 0x00, 0xFF, 0xEF, 0xFF, 0xEF, 0x00, 0xF0,
  0xFF, 0x00, 0x00, 0x00, 0x00, 0xFF, 0x0F, 0x00, 0x00, 0x00, 0xF0, 0xFF, 0x00, 0x00, 0x00, 0x00,
  0xFF, 0x0F, 0x00, 0x00, 0x00, 0x00, 0xFD, 0xFF, 0xDF, 0xFF, 0x00, 0xFD, 0xFF, 0xFF, 0xFF, 0x0F,
  0xF0, 0xFF, 0x00, 0xFD, 0xFF, 0x00, 0xFF, 0x0E, 0x00, 0xFE, 0x0F, 0xF0, 0x0F, 0x00, 0xD0, 0xFF,
  0x00, 0xFF, 0x00, 0x00, 0xFD, 0x0F, 0xF0, 0xEF, 0x00, 0xE0, 0xFF, 0x00, 0xFF, 0x0F, 0xD0, 0xFF,
  0x0F, 0xD0, 0xFF, 0xFF, 0xFF, 0xFF, 0x00, 0xD0, 0xFF, 0xFF, 0xFD, 0x0F, 0x00, 0x00, 0x00, 0xD0,
  0xFF, 0x00, 0x00, 0x00, 0x00, 0xFD, 0x0F, 0x00, 0x00, 0x00, 0xD0, 0xFF, 0x00, 0x00, 0x00, 0x00,
  0xFD, 0x0F, 0x00, 0x00, 0x00, 0x00, 0xFF, 0xFE, 0xFF, 0xF0, 0xFF, 0xFF, 0x0F, 0xFF, 0xDF, 0x00,
  0xF0, 0xFF, 0x00, 0x00, 0xFF, 0x0F, 0x00, 0xF0, 0xFF, 0x00, 0x00, 0xFF, 0x0F, 0x00, 0xF0, 0xFF,
  0x00, 0x00, 0xFF, 0x0F, 0x00, 0xF0, 0xFF, 0x00, 0x00, 0x00, 0xFE, 0xFF, 0xDF, 0x00, 0xE0, 0xFF,
  0xFF, 0xFF, 0x0E, 0xF0, 0xFF, 0x00, 0xFF, 0x0F, 0xF0, 0xFF, 0x00, 0x00, 0x00, 0xD0, 0xFF, 0xFF,
  0xDF, 0x00, 0x00, 0xE0, 0xFF, 0xFF, 0x0F, 0x00, 0x00, 0x00, 0xFE, 0x0F, 0xF0, 0xEF, 0x00, 0xFE,
  0x0F, 0xF0, 0xFF, 0xFF, 0xFF, 0x0F, 0x00, 0xFE, 0xFF, 0xEF, 0x00, 0xD0, 0xEF, 0x00, 0x00, 0xFE,
  0x0F, 0x00, 0xE0, 0xFF, 0x00, 0xF0, 0xFF, 0xFF, 0x0F, 0xFF, 0xFF, 0xFF, 0x00, 0xFE, 0x0F, 0x00,
  0xE0, 0xFF, 0x00, 0x00, 0xFE, 0x0F, 0x00, 0xE0, 0xFF, 0x00, 0x00, 0xFE, 0x0F, 0x00, 0xE0, 0xFF,
  0x00, 0x00, 0xF0, 0xFF, 0x0F, 0x00, 0xFE, 0xFF, 0x00, 0xF0, 0xFF, 0x00, 0xE0, 0xFF, 0x00, 0xFF,
  0x0F, 0x00, 0xFE, 0x0F, 0xF0, 0xFF, 0x00, 0xE0, 0xFF, 0x00, 0xFF, 0x0F, 0x00, 0xFE, 0x0F, 0xF0,
  0xFF, 0x00, 0xE0, 0xFF, 0x00, 0xFF, 0x0F, 0x00, 0xFE, 0x0F, 0xF0, 0xFF, 0x00, 0xF0, 0xFF, 0x00,
  0xFF, 0x0F, 0xD0, 0xFF, 0x0F, 0x00, 0xFF, 0xFF, 0xFF, 0xFF, 0x00, 0xD0, 0xFF, 0xEF, 0xFE, 0x0F,
  0xFE, 0x0F, 0x00, 0xE0, 0xFF, 0x00, 0xFF, 0x0D, 0x00, 0xFF, 0x0F, 0xF0, 0xFF, 0x00, 0xF0, 0xEF,
  0x00, 0xFE, 0x0F, 0xE0, 0xFF, 0x00, 0x00, 0xFF, 0x0D, 0xFF, 0x0F, 0x00, 0xF0, 0xFF, 0xF0, 0xDF,
  0x00, 0x00, 0xFD, 0xDF, 0xFF, 0x00, 0x00, 0x00, 0xFF, 0xFF, 0x0E, 0x00, 0x00, 0xF0, 0xFF, 0x0F,
  0x00, 0x00, 0x00, 0xF0, 0xFF, 0x00, 0x00, 0xFE, 0x0F, 0x00, 0xFF, 0x0F, 0x00, 0xFF, 0x0F, 0xFF,
  0x00, 0xF0, 0xFF, 0x00, 0xF0, 0xDF, 0xF0, 0xEF, 0x00, 0xFF, 0xDF, 0xE0, 0xFF, 0x00, 0xFF, 0x0F,
  0xFE, 0xFF, 0x0F, 0xFF, 0x0F, 0xD0, 0xFF, 0xF0, 0xDF, 0xFF, 0xF0, 0xEF, 0x00, 0xF0, 0x0F, 0xFF,
  0xF0, 0x0F, 0xFF, 0x00, 0x00, 0xFF, 0xFE, 0x0F, 0xFF, 0xFE, 0x0F, 0x00, 0xE0, 0xFF, 0xEF, 0xD0,
  0xFF, 0xFF, 0x00, 0x00, 0xF0, 0xFF, 0x00, 0xF0, 0xFF, 0x0D, 0x00, 0x00, 0xFF, 0x0F, 0x00, 0xFF,
  0x0F, 0x00, 0xF0, 0xEF, 0x00, 0xF0, 0xEF, 0xE0, 0xFF, 0x00, 0xFF, 0x0F, 0x00, 0xFF, 0xDF, 0xFF,
  0x00, 0x00, 0xFD, 0xFF, 0xEF, 0x00, 0x00, 0xF0, 0xFF, 0x0F, 0x00, 0x00, 0xF0, 0xFF, 0x0F, 0x00,
  0x00, 0xFE, 0xFF, 0xFF, 0x00, 0x00, 0xFF, 0xDE, 0xFF, 0x0D, 0xF0, 0xFF, 0x00, 0xFF, 0x0F, 0xFD,
  0xDF, 0x00, 0xF0, 0xEF, 0xFE, 0x0F, 0x00, 0xE0, 0xFF, 0x00, 0xFF, 0x0D, 0x00, 0xFF, 0x0F, 0xF0,
  0xFF, 0x00, 0xF0, 0xEF, 0x00, 0xFE, 0x0F, 0xE0, 0xFF, 0x00, 0x00, 0xFF, 0x0D, 0xFF, 0x0F, 0x00,
  0xF0, 0xFF, 0xF0, 0xDF, 0x00, 0x00, 0xFD, 0xDF, 0xFF, 0x00, 0x00, 0x00, 0xFF, 0xFF, 0x0E, 0x00,
  0x00, 0xF0, 0xFF, 0x0F, 0x00, 0x00, 0x00, 0xFD, 0xFF, 0x00, 0x00, 0x00, 0x00, 0xFF, 0x0E, 0x00,
  0x00, 0x00, 0xFE, 0x0F, 0x00, 0x00, 0xF0, 0xFF, 0xEF, 0x00, 0x00, 0x00, 0xFF, 0xEF, 0x00, 0x00,
  0x00, 0xF0, 0xFF, 0xFF, 0xFF, 0x0F, 0xF0, 0xFF, 0xFF, 0xFF, 0x0F, 0x00, 0x00, 0xE0, 0xFF, 0x0D,
  0x00, 0x00, 0xF0, 0xEF, 0x00, 0x00, 0x00, 0xFF, 0x0F, 0x00, 0x00, 0xF0, 0xFF, 0x00, 0x00, 0x00,
  0xFE, 0xDF, 0x00, 0x00, 0x00, 0xFF, 0x0F, 0x00, 0x00, 0xF0, 0xFF, 0xFF, 0xFF, 0x0F, 0xF0, 0xFF,
  0xFF, 0xFF, 0x0F, 0x00, 0x00, 0xFE, 0xDF, 0x00, 0xE0, 0xFF, 0xDF, 0x00, 0xF0, 0xFF, 0x00, 0x00,
  0xF0, 0xEF, 0x00, 0x00, 0xF0, 0xDF, 0x00, 0x00, 0xF0, 0xDF, 0x00, 0x00, 0xF0, 0x0F, 0x00, 0xF0,
  0xFF, 0x0E, 0x00, 0xF0, 0xFF, 0x0D, 0x00, 0x00, 0xFE, 0x0F, 0x00, 0x00, 0xF0, 0xDF, 0x00, 0x00,
  0xF0, 0xDF, 0x00, 0x00, 0xF0, 0xDF, 0x00, 0x00, 0xF0, 0xEF, 0x00, 0x00, 0xF0, 0xFF, 0x00, 0x00,
  0xD0, 0xFF, 0xDF, 0x00, 0x00, 0xFD, 0x0F, 0x00, 0xFE, 0x00, 0x00, 0xFF, 0x0D, 0x00, 0xFF, 0x0D,
  0x00, 0xFF, 0x0D, 0x00, 0xFF, 0x0D, 0x00, 0xFF, 0x0D, 0x00, 0xFF, 0x0D, 0x00, 0xFF, 0x0D, 0x00,
  0xFF, 0x0D, 0x00, 0xFF, 0x0D, 0x00, 0xFF, 0x0D, 0x00, 0xFF, 0x0D, 0x00, 0xFF, 0x0D, 0x00, 0xFF,
  0x0D, 0x00, 0xFF, 0x0D, 0x00, 0xFF, 0x0D, 0x00, 0xFF, 0x0D, 0x00, 0xFF, 0x0D, 0x00, 0xFF, 0x0D,
  0x00, 0xFF, 0x0D, 0x00, 0xFF, 0x0D, 0x00, 0xFF, 0x0D, 0xF0, 0xFF, 0x00, 0x00, 0xF0, 0xFF, 0x0F,
  0x00, 0x00, 0xFE, 0x0F, 0x00, 0x00, 0xF0, 0x0F, 0x00, 0x00, 0xF0, 0x0F, 0x00, 0x00, 0xF0, 0x0F,
  0x00, 0x00, 0xF0, 0xEF, 0x00, 0x00, 0xE0, 0xFF, 0x0F, 0x00, 0x00, 0xFF, 0x0F, 0x00, 0xF0, 0xFF,
  0x00, 0x00, 0xF0, 0x0F, 0x00, 0x00, 0xF0, 0x0F, 0x00, 0x00, 0xF0, 0x0F, 0x00, 0x00, 0xF0, 0x0F,
  0x00, 0x00, 0xFF, 0x0F, 0x00, 0xF0, 0xFF, 0x0E, 0x00, 0xF0, 0xEF, 0x00, 0x00, 0x00, 0xFE, 0xFF,
  0x00, 0xF0, 0x0E, 0x00, 0xFF, 0xFF, 0x0F, 0xFE, 0x0F, 0xE0, 0xFF, 0xF0, 0xFF, 0xFF, 0x0D, 0xE0,
  0xDF, 0x00, 0xFE, 0xEF, 0x00, 0x00, 0x00, 0x00, 0x00, 0x00, 0x00, 0x00, 0x00, 0x00, 0x00, 0x00,
  0x00, 0x00, 0x00, 0x00, 0x00, 0x00, 0x00,
};
static constexpr Font kBody{kBodyGlyphs, kBodyBitmap, 18, 5, 23};
static constexpr Glyph kCardHeadingGlyphs[] = {
  {0, 6, 0, 0, 0, 6},
  {0, 7, 16, 0, -16, 7},
  {56, 12, 16, 0, -16, 12},
  {152, 14, 16, 0, -16, 14},
  {264, 14, 20, 0, -18, 14},
  {404, 22, 16, 0, -16, 22},
  {580, 15, 16, 0, -16, 15},
  {700, 7, 16, 0, -16, 7},
  {756, 8, 20, 0, -17, 8},
  {836, 8, 20, 0, -17, 8},
  {916, 12, 16, 0, -16, 12},
  {1012, 15, 12, 0, -12, 15},
  {1102, 7, 6, 0, -1, 7},
  {1123, 10, 8, 0, -8, 10},
  {1163, 7, 3, 0, -3, 7},
  {1174, 8, 19, 0, -17, 8},
  {1250, 15, 16, 0, -16, 15},
  {1370, 9, 16, 0, -16, 9},
  {1442, 14, 16, 0, -16, 14},
  {1554, 14, 16, 0, -16, 14},
  {1666, 15, 16, 0, -16, 15},
  {1786, 13, 16, 0, -16, 13},
  {1890, 14, 16, 0, -16, 14},
  {2002, 13, 16, 0, -16, 13},
  {2106, 14, 16, 0, -16, 14},
  {2218, 14, 16, 0, -16, 14},
  {2330, 7, 11, 0, -11, 7},
  {2369, 7, 16, 0, -11, 7},
  {2425, 15, 13, 0, -13, 15},
  {2523, 15, 11, 0, -11, 15},
  {2606, 15, 13, 0, -13, 15},
  {2704, 12, 16, 0, -16, 12},
  {2800, 22, 20, 0, -16, 22},
  {3020, 16, 16, 0, -16, 16},
  {3148, 15, 16, 0, -16, 15},
  {3268, 16, 16, 0, -16, 16},
  {3396, 16, 16, 0, -16, 16},
  {3524, 13, 16, 0, -16, 13},
  {3628, 13, 16, 0, -16, 13},
  {3732, 16, 16, 0, -16, 16},
  {3860, 16, 16, 0, -16, 16},
  {3988, 6, 16, 0, -16, 6},
  {4036, 13, 16, 0, -16, 13},
  {4140, 15, 16, 0, -16, 15},
  {4260, 12, 16, 0, -16, 12},
  {4356, 20, 16, 0, -16, 20},
  {4516, 17, 16, 0, -16, 17},
  {4652, 17, 16, 0, -16, 17},
  {4788, 14, 16, 0, -16, 14},
  {4900, 17, 17, 0, -16, 17},
  {5045, 14, 16, 0, -16, 14},
  {5157, 14, 16, 0, -16, 14},
  {5269, 15, 16, 0, -16, 15},
  {5389, 16, 16, 0, -16, 16},
  {5517, 16, 16, 0, -16, 16},
  {5645, 22, 16, 0, -16, 22},
  {5821, 16, 16, 0, -16, 16},
  {5949, 16, 16, 0, -16, 16},
  {6077, 14, 16, 0, -16, 14},
  {6189, 8, 20, 0, -17, 8},
  {6269, 8, 19, 0, -17, 8},
  {6345, 8, 20, 0, -17, 8},
  {6425, 11, 16, 0, -16, 11},
  {6513, 11, 3, 0, -1, 10},
  {6530, 8, 16, 0, -16, 8},
  {6594, 13, 12, 0, -12, 13},
  {6672, 14, 16, 0, -16, 14},
  {6784, 13, 12, 0, -12, 13},
  {6862, 14, 16, 0, -16, 14},
  {6974, 13, 12, 0, -12, 13},
  {7052, 9, 17, 0, -17, 9},
  {7129, 14, 16, 0, -12, 14},
  {7241, 13, 16, 0, -16, 13},
  {7345, 6, 17, 0, -17, 6},
  {7396, 7, 21, -1, -17, 6},
  {7470, 13, 16, 0, -16, 13},
  {7574, 6, 16, 0, -16, 6},
  {7622, 20, 12, 0, -12, 20},
  {7742, 13, 12, 0, -12, 13},
  {7820, 13, 12, 0, -12, 13},
  {7898, 14, 16, 0, -12, 14},
  {8010, 14, 16, 0, -12, 14},
  {8122, 9, 13, 0, -13, 9},
  {8181, 12, 12, 0, -12, 12},
  {8253, 8, 15, 0, -15, 8},
  {8313, 13, 12, 0, -12, 13},
  {8391, 13, 12, 0, -12, 13},
  {8469, 18, 12, 0, -12, 18},
  {8577, 13, 12, 0, -12, 13},
  {8655, 13, 16, 0, -12, 13},
  {8759, 12, 12, 0, -12, 12},
  {8831, 10, 21, 0, -17, 10},
  {8936, 8, 26, 0, -21, 8},
  {9040, 10, 21, 0, -17, 10},
  {9145, 15, 9, 0, -9, 15},
};
static constexpr uint8_t kCardHeadingBitmap[] = {
  0x00, 0xFF, 0x0F, 0x00, 0xF0, 0xFF, 0x00, 0x00, 0xFF, 0x0F, 0x00, 0xF0, 0xFF, 0x00, 0x00, 0xFF,
  0x0F, 0x00, 0xF0, 0xFF, 0x00, 0x00, 0xFF, 0x0F, 0x00, 0xF0, 0xFF, 0x00, 0x00, 0xFF, 0x0F, 0x00,
  0xF0, 0xFF, 0x00, 0x00, 0xFF, 0x0F, 0x00, 0x00, 0x00, 0x00, 0x00, 0x00, 0x00, 0x00, 0xF0, 0xFF,
  0x00, 0x00, 0xFF, 0xDF, 0x00, 0xF0, 0xFF, 0x00, 0x00, 0xFF, 0x0F, 0xFE, 0xDF, 0x00, 0x00, 0xFF,
  0x0F, 0xFE, 0xDF, 0x00, 0x00, 0xFF, 0x0F, 0xFE, 0x0F, 0x00, 0x00, 0xFF, 0x0F, 0xFD, 0x0F, 0x00,
  0x00, 0xFF, 0x0F, 0xFD, 0x0F, 0x00, 0x00, 0xFF, 0x0F, 0xF0, 0x0F, 0x00, 0x00, 0x00, 0x00, 0x00,
  0x00, 0x00, 0x00, 0x00, 0x00, 0x00, 0x00, 0x00, 0x00, 0x00, 0x00, 0x00, 0x00, 0x00, 0x00, 0x00,
  0x00, 0x00, 0x00, 0x00, 0x00, 0x00, 0x00, 0x00, 0x00, 0x00, 0x00, 0x00, 0x00, 0x00, 0x00, 0x00,
  0x00, 0x00, 0x00, 0x00, 0x00, 0x00, 0x00, 0x00, 0x00, 0x00, 0x00, 0x00, 0x00, 0x00, 0x00, 0x00,
  0x00, 0x00, 0x00, 0x00, 0x00, 0x00, 0x00, 0x00, 0x00, 0x00, 0xFF, 0x0F, 0x00, 0xFF, 0x0D, 0x00,
  0x00, 0xFF, 0x0E, 0x00, 0xFF, 0x00, 0x00, 0x00, 0xFF, 0x0D, 0xD0, 0xFF, 0x00, 0x00, 0x00, 0xFF,
  0x00, 0xE0, 0xFF, 0x00, 0xF0, 0xFF, 0xFF, 0xFF, 0xFF, 0xFF, 0xFF, 0xF0, 0xFF, 0xFF, 0xFF, 0xFF,
  0xFF, 0xFF, 0xD0, 0xFD, 0xFF, 0xDD, 0xFD, 0xEF, 0x0D, 0x00, 0xF0, 0xEF, 0x00, 0xF0, 0x0F, 0x00,
  0x00, 0xF0, 0xDF, 0x00, 0xFD, 0x0F, 0x00, 0xD0, 0xFD, 0xEF, 0xDD, 0xFF, 0xDF, 0x0D, 0xFE, 0xFF,
  0xFF, 0xFF, 0xFF, 0xFF, 0x0F, 0xFF, 0xFF, 0xFF, 0xFF, 0xFF, 0xFF, 0x0F, 0x00, 0xFF, 0x0F, 0x00,
  0xFF, 0x0D, 0x00, 0x00, 0xFF, 0x0E, 0x00, 0xFF, 0x00, 0x00, 0x00, 0xFF, 0x0D, 0xD0, 0xFF, 0x00,
  0x00, 0x00, 0xFF, 0x00, 0xE0, 0xFF, 0x00, 0x00, 0x00, 0x00, 0x00, 0xFE, 0x00, 0x00, 0x00, 0x00,
  0x00, 0x00, 0xFE, 0x00, 0x00, 0x00, 0x00, 0x00, 0xFF, 0xFF, 0xFF, 0x0E, 0x00, 0x00, 0xFD, 0xFF,
  0xFF, 0xFF, 0xFF, 0x00, 0x00, 0xFF, 0xFF, 0xFF, 0xFF, 0xFF, 0x0F, 0xE0, 0xFF, 0x0F, 0xFE, 0x00,
  0xFF, 0x0F, 0xF0, 0xFF, 0x0E, 0xFE, 0x00, 0xEE, 0x0E, 0xE0, 0xFF, 0x0F, 0xFE, 0x00, 0x00, 0x00,
  0x00, 0xFF, 0xFF, 0xFF, 0x00, 0x00, 0x00, 0x00, 0xFD, 0xFF, 0xFF, 0xFF, 0x0E, 0x00, 0x00, 0x00,
  0xFE, 0xFF, 0xFF, 0xFF, 0x00, 0x00, 0x00, 0x00, 0xFE, 0xFF, 0xFF, 0x0F, 0x00, 0x00, 0x00, 0xFE,
  0x00, 0xFF, 0x0F, 0xF0, 0xFF, 0x00, 0xFE, 0x00, 0xFF, 0xDF, 0xF0, 0xFF, 0x0E, 0xFE, 0x00, 0xFF,
  0x0F, 0xE0, 0xFF, 0xFF, 0xFF, 0xFE, 0xFF, 0x0F, 0x00, 0xFF, 0xFF, 0xFF, 0xFF, 0xFF, 0x00, 0x00,
  0xD0, 0xFF, 0xFF, 0xFF, 0x0F, 0x00, 0x00, 0x00, 0x00, 0xFE, 0x00, 0x00, 0x00, 0x00, 0x00, 0x00,
  0xFE, 0x00, 0x00, 0x00, 0x00, 0xE0, 0xFF, 0xEF, 0x00, 0x00, 0x00, 0xF0, 0xDF, 0x00, 0x00, 0x00,
  0xFE, 0xFF, 0xFF, 0x0E, 0x00, 0x00, 0xFF, 0x0F, 0x00, 0x00, 0x00, 0xFF, 0xDF, 0xFF, 0x0F, 0x00,
  0xD0, 0xFF, 0x00, 0x00, 0x00, 0x00, 0xFF, 0x0D, 0xF0, 0x0F, 0x00, 0xF0, 0x0F, 0x00, 0x00, 0x00,
  0x00, 0xFF, 0xDF, 0xFF, 0x0F, 0x00, 0xFF, 0x0E, 0x00, 0x00, 0x00, 0x00, 0xFE, 0xFF, 0xFF, 0x0E,
  0xE0, 0xFF, 0x00, 0x00, 0x00, 0x00, 0x00, 0xE0, 0xFF, 0xEF, 0x00, 0xF0, 0x0F, 0x00, 0x00, 0x00,
  0x00, 0x00, 0x00, 0x00, 0x00, 0x00, 0xFF, 0x0E, 0x00, 0x00, 0x00, 0x00, 0x00, 0x00, 0x00, 0x00,
  0xE0, 0xFF, 0x00, 0xFD, 0xFF, 0x0E, 0x00, 0x00, 0x00, 0x00, 0x00, 0xF0, 0x0F, 0xD0, 0xFF, 0xFF,
  0xEF, 0x00, 0x00, 0x00, 0x00, 0x00, 0xFF, 0x0E, 0xF0, 0xFF, 0xFD, 0xFF, 0x00, 0x00, 0x00, 0x00,
  0xE0, 0xFF, 0x00, 0xF0, 0xDF, 0x00, 0xFF, 0x00, 0x00, 0x00, 0x00, 0xF0, 0x0F, 0x00, 0xF0, 0xDF,
  0x00, 0xFF, 0x00, 0x00, 0x00, 0x00, 0xFF, 0x0D, 0x00, 0xF0, 0xFF, 0xFD, 0xFF, 0x00, 0x00, 0x00,
  0xF0, 0xFF, 0x00, 0x00, 0xD0, 0xFF, 0xFF, 0xEF, 0x00, 0x00, 0x00, 0xFD, 0x0F, 0x00, 0x00, 0x00,
  0xFE, 0xFF, 0x0E, 0x00, 0x00, 0x00, 0xFF, 0xFF, 0x0F, 0x00, 0x00, 0x00, 0x00, 0xFF, 0xFF, 0xFF,
  0x0F, 0x00, 0x00, 0x00, 0xFE, 0xFF, 0xFD, 0xFF, 0x0E, 0x00, 0x00, 0xF0, 0xFF, 0x00, 0xF0, 0xFF,
  0x00, 0x00, 0x00, 0xFF, 0x0F, 0x00, 0xFF, 0x0E, 0x00, 0x00, 0x00, 0xFF, 0x0E, 0xFF, 0x0F, 0x00,
  0x00, 0x00, 0xE0, 0xFF, 0xFF, 0x0F, 0x00, 0x00, 0x00, 0x00, 0xFF, 0xFF, 0x0F, 0x00, 0x00, 0x00,
  0x00, 0xFF, 0xFF, 0xFF, 0x0E, 0xF0, 0xEF, 0x00, 0xFF, 0xFF, 0xF0, 0xFF, 0x0D, 0xFF, 0x0E, 0xF0,
  0xFF, 0x00, 0xF0, 0xFF, 0xFF, 0x0F, 0x00, 0xFF, 0x0F, 0x00, 0xFE, 0xFF, 0xFF, 0x00, 0xF0, 0xFF,
  0x00, 0x00, 0xFF, 0xFF, 0x0E, 0x00, 0xFF, 0xFF, 0xDE, 0xFE, 0xFF, 0xEF, 0x00, 0x00, 0xFF, 0xFF,
  0xFF, 0xFF, 0xFF, 0xDF, 0x00, 0x00, 0xFE, 0xFF, 0xFF, 0x00, 0xFF, 0x0F, 0x00, 0xFF, 0x0F, 0x00,
  0xF0, 0xFF, 0x00, 0x00, 0xFF, 0x0F, 0x00, 0xF0, 0xFF, 0x00, 0x00, 0xFF, 0x0F, 0x00, 0xF0, 0xFF,
  0x00, 0x00, 0x00, 0x00, 0x00, 0x00, 0x00, 0x00, 0x00, 0x00, 0x00, 0x00, 0x00, 0x00, 0x00, 0x00,
  0x00, 0x00, 0x00, 0x00, 0x00, 0x00, 0x00, 0x00, 0x00, 0x00, 0x00, 0x00, 0x00, 0x00, 0x00, 0x00,
  0x00, 0x00, 0x00, 0x00, 0x00, 0x00, 0xFF, 0x0F, 0x00, 0x00, 0xFF, 0x0F, 0x00, 0xE0, 0xFF, 0x0E,
  0x00, 0xF0, 0xFF, 0x00, 0x00, 0xF0, 0xFF, 0x00, 0x00, 0xFE, 0xFF, 0x00, 0x00, 0xFF, 0xDF, 0x00,
  0x00, 0xFF, 0x0F, 0x00, 0x00, 0xFF, 0x0F, 0x00, 0x00, 0xFF, 0x0F, 0x00, 0x00, 0xFF, 0x0F, 0x00,
  0x00, 0xFF, 0x0F, 0x00, 0x00, 0xFF, 0x0F, 0x00, 0x00, 0xFF, 0x0F, 0x00, 0x00, 0xFE, 0xEF, 0x00,
  0x00, 0xFD, 0xFF, 0x00, 0x00, 0xF0, 0xFF, 0x00, 0x00, 0xF0, 0xFF, 0x0E, 0x00, 0x00, 0xFF, 0x0F,
  0x00, 0x00, 0xFE, 0x0F, 0xF0, 0xFF, 0x00, 0x00, 0xF0, 0xFF, 0x0D, 0x00, 0xD0, 0xFF, 0x0F, 0x00,
  0x00, 0xFF, 0x0F, 0x00, 0x00, 0xFF, 0xDF, 0x00, 0x00, 0xFD, 0xFF, 0x00, 0x00, 0xF0, 0xFF, 0x00,
  0x00, 0xF0, 0xFF, 0x00, 0x00, 0xF0, 0xFF, 0x00, 0x00, 0xF0, 0xFF, 0x00, 0x00, 0xF0, 0xFF, 0x00,
  0x00, 0xF0, 0xFF, 0x00, 0x00, 0xF0, 0xFF, 0x00, 0x00, 0xF0, 0xFF, 0x00, 0x00, 0xF0, 0xFF, 0x00,
  0x00, 0xFE, 0xEF, 0x00, 0x00, 0xFF, 0x0F, 0x00, 0x00, 0xFF, 0x0F, 0x00, 0xF0, 0xFF, 0x0D, 0x00,
  0xF0, 0xFF, 0x00, 0x00, 0x00, 0x00, 0xF0, 0x0F, 0x00, 0x00, 0x00, 0x0D, 0xF0, 0x0F, 0xD0, 0x00,
  0x00, 0xFF, 0xFD, 0xDF, 0xFF, 0x00, 0x00, 0xFF, 0xFF, 0xFF, 0xFF, 0x00, 0x00, 0xD0, 0xFF, 0xFF,
  0x00, 0x00, 0x00, 0xFE, 0xFF, 0xFF, 0xEF, 0x00, 0x00, 0xFF, 0xFD, 0xEF, 0xFF, 0x00, 0x00, 0x0E,
  0xF0, 0x0F, 0xD0, 0x00, 0x00, 0x00, 0xF0, 0x0F, 0x00, 0x00, 0x00, 0x00, 0x00, 0x00, 0x00, 0x00,
  0x00, 0x00, 0x00, 0x00, 0x00, 0x00, 0x00, 0x00, 0x00, 0x00, 0x00, 0x00, 0x00, 0x00, 0x00, 0x00,
  0x00, 0x00, 0x00, 0x00, 0x00, 0x00, 0x00, 0x00, 0x00, 0x00, 0x00, 0x00, 0x00, 0x00, 0x00, 0x00,
  0x00, 0x00, 0x00, 0x00, 0x00, 0x00, 0x00, 0xFF, 0x0F, 0x00, 0x00, 0x00, 0x00, 0x00, 0xF0, 0xFF,
  0x00, 0x00, 0x00, 0x00, 0x00, 0x00, 0xFF, 0x0F, 0x00, 0x00, 0x00, 0x00, 0x00, 0xF0, 0xFF, 0x00,
  0x00, 0x00, 0x00, 0xDD, 0xDD, 0xFF, 0xDF, 0xDD, 0x0D, 0x00, 0xF0, 0xFF, 0xFF, 0xFF, 0xFF, 0xFF,
  0x00, 0x00, 0xFF, 0xFF, 0xFF, 0xFF, 0xFF, 0x0F, 0x00, 0x00, 0x00, 0xF0, 0xFF, 0x00, 0x00, 0x00,
  0x00, 0x00, 0x00, 0xFF, 0x0F, 0x00, 0x00, 0x00, 0x00, 0x00, 0xF0, 0xFF, 0x00, 0x00, 0x00, 0x00,
  0x00, 0x00, 0xFF, 0x0F, 0x00, 0x00, 0x00, 0x00, 0x00, 0x00, 0x00, 0x00, 0x00, 0x00, 0x00, 0xFF,
  0x0F, 0x00, 0xF0, 0xFF, 0x00, 0x00, 0xFF, 0x0E, 0x00, 0xFD, 0x0F, 0x00, 0xE0, 0xFF, 0x00, 0x00,
  0xFF, 0x0E, 0x00, 0x00, 0xDD, 0xDD, 0xDD, 0x00, 0xE0, 0xFF, 0xFF, 0xFF, 0x0F, 0xE0, 0xFF, 0xFF,
  0xFF, 0x0F, 0x00, 0x00, 0x00, 0x00, 0x00, 0x00, 0x00, 0x00, 0x00, 0x00, 0x00, 0x00, 0x00, 0x00,
  0x00, 0x00, 0x00, 0x00, 0x00, 0x00, 0x00, 0x00, 0x00, 0x00, 0x00, 0x00, 0xFF, 0x0F, 0x00, 0xF0,
  0xFF, 0x00, 0x00, 0xFF, 0x0F, 0x00, 0x00, 0x00, 0xF0, 0xFF, 0x00, 0x00, 0xF0, 0xFF, 0x00, 0x00,
  0xF0, 0xDF, 0x00, 0x00, 0xFE, 0x0F, 0x00, 0x00, 0xFF, 0x0F, 0x00, 0x00, 0xFF, 0x0E, 0x00, 0xD0,
  0xFF, 0x0D, 0x00, 0xF0, 0xFF, 0x00, 0x00, 0xF0, 0xFF, 0x00, 0x00, 0xF0, 0xEF, 0x00, 0x00, 0xFE,
  0x0F, 0x00, 0x00, 0xFF, 0x0F, 0x00, 0x00, 0xFF, 0x0F, 0x00, 0x00, 0xFF, 0x0D, 0x00, 0xE0, 0xFF,
  0x00, 0x00, 0xF0, 0xFF, 0x00, 0x00, 0xF0, 0xEF, 0x00, 0x00, 0xFD, 0xDF, 0x00, 0x00, 0xFF, 0x0F,
  0x00, 0x00, 0x00, 0x00, 0xFE, 0xFF, 0xFF, 0x00, 0x00, 0x00, 0x00, 0xFF, 0xFF, 0xFF, 0xFF, 0x0D,
  0x00, 0x00, 0xFF, 0xFF, 0xDE, 0xFF, 0xFF, 0x00, 0x00, 0xF0, 0xFF, 0x00, 0x00, 0xFF, 0xFF, 0x00,
  0xE0, 0xFF, 0x0F, 0x00, 0x00, 0xFF, 0x0F, 0x00, 0xFF, 0xDF, 0x00, 0x00, 0xF0, 0xFF, 0x00, 0xF0,
  0xFF, 0x00, 0x00, 0x00, 0xFF, 0xEF, 0x00, 0xFF, 0x0F, 0x00, 0x00, 0xF0, 0xFF, 0x0E, 0xF0, 0xFF,
  0x00, 0x00, 0x00, 0xFF, 0xEF, 0x00, 0xFF, 0x0F, 0x00, 0x00, 0xF0, 0xFF, 0x0E, 0xF0, 0xFF, 0x0D,
  0x00, 0x00, 0xFF, 0x0F, 0x00, 0xFE, 0xFF, 0x00, 0x00, 0xF0, 0xFF, 0x00, 0x00, 0xFF, 0x0F, 0x00,
  0xF0, 0xFF, 0x0F, 0x00, 0xF0, 0xFF, 0xEF, 0xFD, 0xFF, 0x0F, 0x00, 0x00, 0xF0, 0xFF, 0xFF, 0xFF,
  0xDF, 0x00, 0x00, 0x00, 0xE0, 0xFF, 0xFF, 0x0F, 0x00, 0x00, 0x00, 0xD0, 0xFF, 0xFF, 0x00, 0xE0,
  0xFF, 0xFF, 0x0F, 0xF0, 0xFF, 0xFF, 0xFF, 0x00, 0xFF, 0x0F, 0xFF, 0x0F, 0xF0, 0x0D, 0xF0, 0xFF,
  0x00, 0x00, 0x00, 0xFF, 0x0F, 0x00, 0x00, 0xF0, 0xFF, 0x00, 0x00, 0x00, 0xFF, 0x0F, 0x00, 0x00,
  0xF0, 0xFF, 0x00, 0x00, 0x00, 0xFF, 0x0F, 0x00, 0x00, 0xF0, 0xFF, 0x00, 0x00, 0x00, 0xFF, 0x0F,
  0x00, 0x00, 0xF0, 0xFF, 0x00, 0x00, 0x00, 0xFF, 0x0F, 0x00, 0x00, 0xF0, 0xFF, 0x00, 0x00, 0x00,
  0xFF, 0x0F, 0x00, 0x00, 0xFF, 0xFF, 0xEF, 0x00, 0x00, 0x00, 0xFD, 0xFF, 0xFF, 0xFF, 0x0F, 0x00,
  0x00, 0xFF, 0xFF, 0xED, 0xFF, 0xFF, 0x00, 0xE0, 0xFF, 0x0E, 0x00, 0xF0, 0xFF, 0x00, 0xF0, 0xFF,
  0x00, 0x00, 0xF0, 0xFF, 0x00, 0x00, 0x00, 0x00, 0x00, 0xF0, 0xFF, 0x00, 0x00, 0x00, 0x00, 0x00,
  0xFD, 0xFF, 0x00, 0x00, 0x00, 0x00, 0x00, 0xFF, 0xDF, 0x00, 0x00, 0x00, 0x00, 0xF0, 0xFF, 0x0E,
  0x00, 0x00, 0x00, 0x00, 0xFF, 0xFF, 0x00, 0x00, 0x00, 0x00, 0xF0, 0xFF, 0x0F, 0x00, 0x00, 0x00,
  0x00, 0xFF, 0xFF, 0x00, 0x00, 0x00, 0x00, 0xF0, 0xFF, 0x0F, 0x00, 0x00, 0x00, 0x00, 0xFF, 0xFF,
  0xDD, 0xDD, 0xDD, 0x00, 0xF0, 0xFF, 0xFF, 0xFF, 0xFF, 0xFF, 0x0E, 0xF0, 0xFF, 0xFF, 0xFF, 0xFF,
  0xFF, 0x0E, 0x00, 0x00, 0xFF, 0xFF, 0xFF, 0x00, 0x00, 0x00, 0xFD, 0xFF, 0xFF, 0xFF, 0x0F, 0x00,
  0x00, 0xFF, 0xFF, 0xEE, 0xFF, 0xFF, 0x00, 0xE0, 0xFF, 0x0F, 0x00, 0xF0, 0xFF, 0x00, 0x00, 0xEE,
  0x00, 0x00, 0xF0, 0xFF, 0x0D, 0x00, 0x00, 0x00, 0x00, 0xF0, 0xFF, 0x00, 0x00, 0x00, 0x00, 0xED,
  0xFF, 0xEF, 0x00, 0x00, 0x00, 0xF0, 0xFF, 0xFF, 0x0D, 0x00, 0x00, 0x00, 0xF0, 0xFF, 0xFF, 0xDF,
  0x00, 0x00, 0x00, 0x00, 0x00, 0xFE, 0xFF, 0x0D, 0x00, 0x00, 0x00, 0x00, 0xE0, 0xFF, 0x0F, 0xD0,
  0xEE, 0x00, 0x00, 0x00, 0xFF, 0x0F, 0xF0, 0xFF, 0x0E, 0x00, 0xE0, 0xFF, 0x0F, 0xD0, 0xFF, 0xFF,
  0xED, 0xFF, 0xFF, 0x0D, 0x00, 0xFE, 0xFF, 0xFF, 0xFF, 0xEF, 0x00, 0x00, 0x00, 0xFF, 0xFF, 0xFF,
  0x00, 0x00, 0x00, 0x00, 0x00, 0xE0, 0xFF, 0xFF, 0x00, 0x00, 0x00, 0x00, 0x00, 0xFF, 0xFF, 0x0F,
  0x00, 0x00, 0x00, 0x00, 0xFF, 0xFF, 0xFF, 0x00, 0x00, 0x00, 0x00, 0xFD, 0xFF, 0xFF, 0x0F, 0x00,
  0x00, 0x00, 0xF0, 0xFF, 0xFD, 0xFF, 0x00, 0x00, 0x00, 0xF0, 0xFF, 0xDE, 0xFF, 0x0F, 0x00, 0x00,
  0x00, 0xFF, 0x0F, 0xFD, 0xFF, 0x00, 0x00, 0x00, 0xFF, 0x0F, 0xD0, 0xFF, 0x0F, 0x00, 0x00, 0xFE,
  0xEF, 0x00, 0xFD, 0xFF, 0x00, 0x00, 0xF0, 0xFF, 0x00, 0xD0, 0xFF, 0x0F, 0x00, 0xF0, 0xFF, 0xEF,
  0xEE, 0xFE, 0xFF, 0xDE, 0x00, 0xFF, 0xFF, 0xFF, 0xFF, 0xFF, 0xFF, 0x0F, 0xF0, 0xFF, 0xFF, 0xFF,
  0xFF, 0xFF, 0xFF, 0x00, 0x00, 0x00, 0x00, 0xD0, 0xFF, 0x0F, 0x00, 0x00, 0x00, 0x00, 0x00, 0xFD,
  0xFF, 0x00, 0x00, 0x00, 0x00, 0x00, 0xD0, 0xFF, 0x0F, 0x00, 0x00, 0xFF, 0xFF, 0xFF, 0xFF, 0xFF,
  0x00, 0xF0, 0xFF, 0xFF, 0xFF, 0xFF, 0x0F, 0x00, 0xFF, 0xDF, 0xDD, 0xDD, 0x0D, 0x00, 0xF0, 0xEF,
  0x00, 0x00, 0x00, 0x00, 0xD0, 0xFF, 0x0E, 0x00, 0x00, 0x00, 0x00, 0xFE, 0xEF, 0xFF, 0xFF, 0x0E,
  0x00, 0xE0, 0xFF, 0xFF, 0xFF, 0xFF, 0x0F, 0x00, 0xFF, 0xFF, 0xDE, 0xFE, 0xFF, 0x0F, 0x00, 0xD0,
  0x00, 0x00, 0xF0, 0xFF, 0x00, 0x00, 0x00, 0x00, 0x00, 0xFF, 0xDF, 0x00, 0x00, 0x00, 0x00, 0xE0,
  0xFF, 0x0E, 0xFE, 0x0F, 0x00, 0x00, 0xFF, 0xDF, 0xF0, 0xFF, 0x0D, 0x00, 0xF0, 0xFF, 0x00, 0xFD,
  0xFF, 0xDF, 0xFE, 0xFF, 0x0E, 0x00, 0xFE, 0xFF, 0xFF, 0xFF, 0x0F, 0x00, 0x00, 0xFD, 0xFF, 0xFF,
  0x0D, 0x00, 0x00, 0x00, 0xFD, 0xFF, 0xFF, 0x00, 0x00, 0x00, 0xE0, 0xFF, 0xFF, 0xFF, 0xDF, 0x00,
  0x00, 0xFE, 0xFF, 0xDE, 0xFF, 0xFF, 0x00, 0x00, 0xFF, 0x0F, 0x00, 0xE0, 0xFF, 0x0F, 0xD0, 0xFF,
  0x0E, 0x00, 0x00, 0xEE, 0x0E, 0xF0, 0xFF, 0x00, 0x00, 0x0D, 0x00, 0x00, 0xF0, 0xFF, 0xF0, 0xFF,
  0xFF, 0x0F, 0x00, 0xF0, 0xFF, 0xFF, 0xFF, 0xFF, 0xFF, 0x00, 0xF0, 0xFF, 0xFF, 0x00, 0xFD, 0xFF,
  0x0E, 0xF0, 0xFF, 0x0F, 0x00, 0xD0, 0xFF, 0x0F, 0xF0, 0xFF, 0x0D, 0x00, 0x00, 0xFF, 0x0F, 0xF0,
  0xFF, 0x0E, 0x00, 0x00, 0xFF, 0x0F, 0x00, 0xFF, 0x0F, 0x00, 0xE0, 0xFF, 0x0F, 0x00, 0xFF, 0xFF,
  0xDE, 0xFF, 0xFF, 0x0D, 0x00, 0xF0, 0xFF, 0xFF, 0xFF, 0xEF, 0x00, 0x00, 0x00, 0xFE, 0xFF, 0xFF,
  0x00, 0x00, 0xF0, 0xFF, 0xFF, 0xFF, 0xFF, 0xFF, 0x00, 0xFF, 0xFF, 0xFF, 0xFF, 0xFF, 0x0F, 0xD0,
  0xDD, 0xDD, 0xDD, 0xFF, 0xFF, 0x00, 0x00, 0x00, 0x00, 0xF0, 0xFF, 0x0D, 0x00, 0x00, 0x00, 0xE0,
  0xFF, 0x0F, 0x00, 0x00, 0x00, 0x00, 0xFF, 0xDF, 0x00, 0x00, 0x00, 0x00, 0xFD, 0xFF, 0x00, 0x00,
  0x00, 0x00, 0xF0, 0xFF, 0x0D, 0x00, 0x00, 0x00, 0xD0, 0xFF, 0x0F, 0x00, 0x00, 0x00, 0x00, 0xFF,
  0xDF, 0x00, 0x00, 0x00, 0x00, 0xFD, 0xFF, 0x00, 0x00, 0x00, 0x00, 0xF0, 0xFF, 0x0D, 0x00, 0x00,
  0x00, 0xD0, 0xFF, 0x0F, 0x00, 0x00, 0x00, 0x00, 0xFF, 0xDF, 0x00, 0x00, 0x00, 0x00, 0xFD, 0xFF,
  0x00, 0x00, 0x00, 0x00, 0xF0, 0xFF, 0x0D, 0x00, 0x00, 0x00, 0x00, 0x00, 0xFF, 0xFF, 0xFF, 0x00,
  0x00, 0x00, 0xF0, 0xFF, 0xFF, 0xFF, 0xDF, 0x00, 0x00, 0xFF, 0xFF, 0xEE, 0xFF, 0xFF, 0x00, 0xD0,
  0xFF, 0x0F, 0x00, 0xF0, 0xFF, 0x0D, 0xD0, 0xFF, 0x0F, 0x00, 0xE0, 0xFF, 0x0E, 0x00, 0xFF, 0x0F,
  0x00, 0xF0, 0xFF, 0x00, 0x00, 0xFE, 0xFF, 0xEE, 0xFF, 0xFF, 0x00, 0x00, 0xD0, 0xFF, 0xFF, 0xFF,
  0x0E, 0x00, 0x00, 0xFD, 0xFF, 0xFF, 0xFF, 0xEF, 0x00, 0xD0, 0xFF, 0xEF, 0x00, 0xFE, 0xFF, 0x0D,
  0xF0, 0xFF, 0x0E, 0x00, 0xD0, 0xFF, 0x0F, 0xF0, 0xFF, 0x00, 0x00, 0x00, 0xFF, 0x0F, 0xF0, 0xFF,
  0x0E, 0x00, 0xE0, 0xFF, 0x0F, 0xE0, 0xFF, 0xFF, 0xDE, 0xFF, 0xFF, 0x0E, 0x00, 0xFF, 0xFF, 0xFF,
  0xFF, 0xFF, 0x00, 0x00, 0xD0, 0xFF, 0xFF, 0xFF, 0x0D, 0x00, 0x00, 0x00, 0xFF, 0xFF, 0xEF, 0x00,
  0x00, 0x00, 0xFD, 0xFF, 0xFF, 0xFF, 0x0F, 0x00, 0x00, 0xFF, 0xFF, 0xED, 0xFF, 0xFF, 0x00, 0xF0,
  0xFF, 0x0E, 0x00, 0xF0, 0xFF, 0x0D, 0xF0, 0xFF, 0x00, 0x00, 0xD0, 0xFF, 0x0F, 0xF0, 0xFF, 0x00,
  0x00, 0x00, 0xFF, 0x0F, 0xF0, 0xFF, 0x0D, 0x00, 0xF0, 0xFF, 0x0F, 0xE0, 0xFF, 0xEF, 0x00, 0xFF,
  0xFF, 0x0F, 0x00, 0xFF, 0xFF, 0xFF, 0xFF, 0xFF, 0x0F, 0x00, 0xF0, 0xFF, 0xFF, 0x0F, 0xFF, 0x0F,
  0x00, 0x00, 0x00, 0x0D, 0x00, 0xFF, 0x0F, 0xE0, 0xEE, 0x00, 0x00, 0xE0, 0xFF, 0x0E, 0xE0, 0xFF,
  0x0F, 0x00, 0xF0, 0xFF, 0x00, 0x00, 0xFF, 0xFF, 0xED, 0xFF, 0xEF, 0x00, 0x00, 0xFD, 0xFF, 0xFF,
  0xFF, 0x0F, 0x00, 0x00, 0x00, 0xFF, 0xFF, 0xDF, 0x00, 0x00, 0x00, 0xFF, 0x0F, 0x00, 0xF0, 0xFF,
  0x00, 0x00, 0xFF, 0x0F, 0x00, 0x00, 0x00, 0x00, 0x00, 0x00, 0x00, 0x00, 0x00, 0x00, 0x00, 0x00,
  0x00, 0x00, 0x00, 0x00, 0x00, 0x00, 0x00, 0xFF, 0x0F, 0x00, 0xF0, 0xFF, 0x00, 0x00, 0xFF, 0x0F,
  0x00, 0x00, 0xFE, 0x0F, 0x00, 0xF0, 0xFF, 0x0E, 0x00, 0xFE, 0x0F, 0x00, 0x00, 0x00, 0x00, 0x00,
  0x00, 0x00, 0x00, 0x00, 0x00, 0x00, 0x00, 0x00, 0x00, 0x00, 0x00, 0x00, 0x00, 0x00, 0x00, 0x00,
  0x00, 0x00, 0x00, 0x00, 0x00, 0xFF, 0x0F, 0x00, 0xF0, 0xFF, 0x00, 0x00, 0xFF, 0x0E, 0x00, 0xFD,
  0x0F, 0x00, 0xE0, 0xFF, 0x00, 0x00, 0xFF, 0x0E, 0x00, 0x00, 0x00, 0x00, 0x00, 0x00, 0x00, 0x00,
  0x00, 0x00, 0x00, 0x00, 0x00, 0xE0, 0xFF, 0x00, 0x00, 0x00, 0x00, 0x00, 0xFF, 0xFF, 0x0F, 0x00,
  0x00, 0x00, 0xF0, 0xFF, 0xFF, 0xDF, 0x00, 0x00, 0xD0, 0xFF, 0xFF, 0xFF, 0x0D, 0x00, 0x00, 0xF0,
  0xFF, 0xFF, 0x0F, 0x00, 0x00, 0x00, 0xD0, 0xFF, 0xEF, 0x00, 0x00, 0x00, 0x00, 0x00, 0xF0, 0xFF,
  0xFF, 0x0D, 0x00, 0x00, 0x00, 0x00, 0xF0, 0xFF, 0xFF, 0xEF, 0x00, 0x00, 0x00, 0x00, 0x00, 0xFE,
  0xFF, 0xFF, 0x0E, 0x00, 0x00, 0x00, 0x00, 0xE0, 0xFF, 0xFF, 0x0F, 0x00, 0x00, 0x00, 0x00, 0x00,
  0xFE, 0xFF, 0x00, 0x00, 0x00, 0x00, 0x00, 0x00, 0xD0, 0x0D, 0x00, 0x00, 0xDD, 0xDD, 0xDD, 0xDD,
  0xDD, 0x00, 0x00, 0xF0, 0xFF, 0xFF, 0xFF, 0xFF, 0xFF, 0x00, 0x00, 0xFF, 0xFF, 0xFF, 0xFF, 0xFF,
  0x0F, 0x00, 0x00, 0x00, 0x00, 0x00, 0x00, 0x00, 0x00, 0x00, 0x00, 0x00, 0x00, 0x00, 0x00, 0x00,
  0x00, 0xD0, 0xDD, 0xDD, 0xDD, 0xDD, 0x0D, 0x00, 0x00, 0xFF, 0xFF, 0xFF, 0xFF, 0xFF, 0x0F, 0x00,
  0xF0, 0xFF, 0xFF, 0xFF, 0xFF, 0xFF, 0x00, 0x00, 0x00, 0x00, 0x00, 0x00, 0x00, 0x00, 0x00, 0x00,
  0x00, 0x00, 0x00, 0x00, 0x00, 0x00, 0x00, 0x00, 0x00, 0x00, 0x00, 0x00, 0x00, 0x00, 0x00, 0x00,
  0x00, 0x00, 0x00, 0x00, 0x00, 0x00, 0xF0, 0xEF, 0x00, 0x00, 0x00, 0x00, 0x00, 0x00, 0xFF, 0xFF,
  0x0E, 0x00, 0x00, 0x00, 0x00, 0xE0, 0xFF, 0xFF, 0xFF, 0x00, 0x00, 0x00, 0x00, 0x00, 0xFD, 0xFF,
  0xFF, 0x0F, 0x00, 0x00, 0x00, 0x00, 0x00, 0xFF, 0xFF, 0xFF, 0x00, 0x00, 0x00, 0x00, 0x00, 0xF0,
  0xFF, 0x0F, 0x00, 0x00, 0x00, 0x00, 0xFD, 0xFF, 0xFF, 0x00, 0x00, 0x00, 0xE0, 0xFF, 0xFF, 0xEF,
  0x00, 0x00, 0x00, 0xFF, 0xFF, 0xFF, 0x0E, 0x00, 0x00, 0x00, 0xFF, 0xFF, 0xDF, 0x00, 0x00, 0x00,
  0x00, 0xF0, 0xFF, 0x0D, 0x00, 0x00, 0x00, 0x00, 0x00, 0x0E, 0x00, 0x00, 0x00, 0x00, 0x00, 0x00,
  0x00, 0xF0, 0xFF, 0xFF, 0x0E, 0x00, 0x00, 0xFF, 0xFF, 0xFF, 0xFF, 0x00, 0xF0, 0xFF, 0xEF, 0xFE,
  0xFF, 0x0E, 0xF0, 0xFF, 0x00, 0x00, 0xFF, 0x0F, 0xE0, 0xDE, 0x00, 0x00, 0xFF, 0x0F, 0x00, 0x00,
  0x00, 0xE0, 0xFF, 0x0F, 0x00, 0x00, 0x00, 0xFE, 0xFF, 0x0D, 0x00, 0x00, 0xF0, 0xFF, 0xEF, 0x00,
  0x00, 0x00, 0xFE, 0xFF, 0x0D, 0x00, 0x00, 0x00, 0xFF, 0x0F, 0x00, 0x00, 0x00, 0x00, 0xFF, 0x0F,
  0x00, 0x00, 0x00, 0x00, 0xED, 0x0D, 0x00, 0x00, 0x00, 0x00, 0x00, 0x00, 0x00, 0x00, 0x00, 0x00,
  0xFF, 0x0F, 0x00, 0x00, 0x00, 0xD0, 0xFF, 0x0F, 0x00, 0x00, 0x00, 0x00, 0xFF, 0x0F, 0x00, 0x00,
  0x00, 0x00, 0x00, 0xE0, 0xFF, 0xFF, 0xFF, 0x0E, 0x00, 0x00, 0x00, 0x00, 0x00, 0xF0, 0xFF, 0xFF,
  0xFF, 0xFF, 0xFF, 0x0F, 0x00, 0x00, 0x00, 0x00, 0xFF, 0xFF, 0xEF, 0xDE, 0xFE, 0xFF, 0xFF, 0x00,
  0x00, 0x00, 0xF0, 0xFF, 0x0F, 0x00, 0x00, 0x00, 0xE0, 0xFF, 0x0F, 0x00, 0x00, 0xFF, 0xEF, 0x00,
  0x00, 0x0D, 0x00, 0x0D, 0xF0, 0xFF, 0x00, 0x00, 0xFF, 0x0F, 0x00, 0xFF, 0xFF, 0xFF, 0xFF, 0xE0,
  0xFF, 0x00, 0xE0, 0xFF, 0x00, 0xF0, 0xFF, 0xFF, 0xFF, 0xFF, 0x00, 0xFF, 0x0E, 0xF0, 0xFF, 0x00,
  0xFE, 0xEF, 0x00, 0xFF, 0xFF, 0x00, 0xFF, 0x0F, 0xF0, 0xFF, 0x00, 0xFF, 0x0F, 0x00, 0xF0, 0xFF,
  0x00, 0xFF, 0x0F, 0xF0, 0xFF, 0x00, 0xFF, 0x0D, 0x00, 0xF0, 0xFF, 0x00, 0xFE, 0x0F, 0xF0, 0xFF,
  0x00, 0xFF, 0x0D, 0x00, 0xF0, 0xFF, 0x00, 0xFE, 0x0F, 0xF0, 0xFF, 0x00, 0xFF, 0x0E, 0x00, 0xF0,
  0xFF, 0x00, 0xFF, 0x0F, 0xF0, 0xFF, 0x00, 0xFF, 0x0F, 0x00, 0xF0, 0xFF, 0x00, 0xFF, 0x0F, 0xE0,
  0xFF, 0x00, 0xFE, 0xFF, 0xED, 0xFF, 0xFF, 0xFE, 0xFF, 0x00, 0x00, 0xFF, 0x0F, 0xF0, 0xFF, 0xFF,
  0xEF, 0xFF, 0xFF, 0xFF, 0x00, 0x00, 0xFF, 0xEF, 0x00, 0xFE, 0xFF, 0x0E, 0xFD, 0xFF, 0x0F, 0x00,
  0x00, 0xF0, 0xFF, 0x0F, 0x00, 0x00, 0x00, 0x00, 0x00, 0x00, 0x00, 0x00, 0x00, 0xFF, 0xFF, 0xEF,
  0xDE, 0xEE, 0xFF, 0x00, 0x00, 0x00, 0x00, 0x00, 0xF0, 0xFF, 0xFF, 0xFF, 0xFF, 0xFF, 0x0D, 0x00,
  0x00, 0x00, 0x00, 0x00, 0xE0, 0xFF, 0xFF, 0xFF, 0xEF, 0x00, 0x00, 0x00, 0x00, 0x00, 0x00, 0xFF,
  0xFF, 0x00, 0x00, 0x00, 0x00, 0x00, 0xE0, 0xFF, 0xFF, 0x0D, 0x00, 0x00, 0x00, 0x00, 0xF0, 0xFF,
  0xFF, 0x0F, 0x00, 0x00, 0x00, 0x00, 0xF0, 0xFF, 0xFF, 0x0F, 0x00, 0x00, 0x00, 0x00, 0xFE, 0xEF,
  0xFE, 0xEF, 0x00, 0x00, 0x00, 0x00, 0xFF, 0x0F, 0xFD, 0xFF, 0x00, 0x00, 0x00, 0x00, 0xFF, 0x0F,
  0xF0, 0xFF, 0x00, 0x00, 0x00, 0xF0, 0xFF, 0x0E, 0xF0, 0xFF, 0x0E, 0x00, 0x00, 0xF0, 0xFF, 0x00,
  0xD0, 0xFF, 0x0F, 0x00, 0x00, 0xFD, 0xFF, 0xDD, 0xDD, 0xFF, 0x0F, 0x00, 0x00, 0xFF, 0xFF, 0xFF,
  0xFF, 0xFF, 0xFF, 0x00, 0x00, 0xFF, 0xFF, 0xFF, 0xFF, 0xFF, 0xFF, 0x00, 0xD0, 0xFF, 0x0F, 0x00,
  0x00, 0xF0, 0xFF, 0x0D, 0xF0, 0xFF, 0x0E, 0x00, 0x00, 0xF0, 0xFF, 0x0F, 0xF0, 0xFF, 0x00, 0x00,
  0x00, 0x00, 0xFF, 0x0F, 0xFD, 0xFF, 0x00, 0x00, 0x00, 0x00, 0xFF, 0xDF, 0xE0, 0xFF, 0xFF, 0xFF,
  0xFF, 0x0E, 0x00, 0x00, 0xFE, 0xFF, 0xFF, 0xFF, 0xFF, 0x0F, 0x00, 0xE0, 0xFF, 0xDF, 0xDD, 0xFE,
  0xFF, 0x0F, 0x00, 0xFE, 0xEF, 0x00, 0x00, 0xFD, 0xFF, 0x00, 0xE0, 0xFF, 0x0E, 0x00, 0x00, 0xFF,
  0x0F, 0x00, 0xFE, 0xEF, 0x00, 0x00, 0xFD, 0xFF, 0x00, 0xE0, 0xFF, 0xDF, 0xDD, 0xFE, 0xFF, 0x00,
  0x00, 0xFE, 0xFF, 0xFF, 0xFF, 0xFF, 0x00, 0x00, 0xE0, 0xFF, 0xFF, 0xFF, 0xFF, 0xFF, 0x00, 0x00,
  0xFE, 0xEF, 0x00, 0x00, 0xFF, 0xFF, 0x00, 0xE0, 0xFF, 0x0E, 0x00, 0x00, 0xFF, 0xEF, 0x00, 0xFE,
  0xEF, 0x00, 0x00, 0xE0, 0xFF, 0x0E, 0xE0, 0xFF, 0x0E, 0x00, 0x00, 0xFF, 0xEF, 0x00, 0xFE, 0xFF,
  0xDD, 0xED, 0xFF, 0xFF, 0x00, 0xE0, 0xFF, 0xFF, 0xFF, 0xFF, 0xFF, 0x0E, 0x00, 0xFE, 0xFF, 0xFF,
  0xFF, 0xFF, 0x0D, 0x00, 0x00, 0x00, 0xE0, 0xFF, 0xFF, 0xEF, 0x00, 0x00, 0x00, 0x00, 0xFF, 0xFF,
  0xFF, 0xFF, 0x0F, 0x00, 0x00, 0xF0, 0xFF, 0xEF, 0xED, 0xFF, 0xFF, 0x00, 0x00, 0xFF, 0xFF, 0x00,
  0x00, 0xF0, 0xFF, 0x0F, 0xD0, 0xFF, 0x0F, 0x00, 0x00, 0x00, 0xFF, 0x0F, 0xF0, 0xFF, 0x0E, 0x00,
  0x00, 0x00, 0xDD, 0x0D, 0xF0, 0xFF, 0x00, 0x00, 0x00, 0x00, 0x00, 0x00, 0xF0, 0xFF, 0x00, 0x00,
  0x00, 0x00, 0x00, 0x00, 0xF0, 0xFF, 0x00, 0x00, 0x00, 0x00, 0x00, 0x00, 0xF0, 0xFF, 0x00, 0x00,
  0x00, 0x00, 0x00, 0x00, 0xF0, 0xFF, 0x0E, 0x00, 0x00, 0x00, 0xDD, 0x0D, 0xD0, 0xFF, 0x0F, 0x00,
  0x00, 0x00, 0xFF, 0x0F, 0x00, 0xFF, 0xEF, 0x00, 0x00, 0xF0, 0xFF, 0x0F, 0x00, 0xF0, 0xFF, 0xEF,
  0xED, 0xFF, 0xFF, 0x00, 0x00, 0x00, 0xFF, 0xFF, 0xFF, 0xFF, 0x0F, 0x00, 0x00, 0x00, 0xE0, 0xFF,
  0xFF, 0xEF, 0x00, 0x00, 0xE0, 0xFF, 0xFF, 0xFF, 0xFF, 0x0D, 0x00, 0x00, 0xE0, 0xFF, 0xFF, 0xFF,
  0xFF, 0xFF, 0x00, 0x00, 0xE0, 0xFF, 0xDF, 0xDD, 0xFE, 0xFF, 0x0F, 0x00, 0xE0, 0xFF, 0x0E, 0x00,
  0x00, 0xFF, 0xFF, 0x00, 0xE0, 0xFF, 0x0E, 0x00, 0x00, 0xF0, 0xFF, 0x00, 0xE0, 0xFF, 0x0E, 0x00,
  0x00, 0xE0, 0xFF, 0x0E, 0xE0, 0xFF, 0x0E, 0x00, 0x00, 0x00, 0xFF, 0x0F, 0xE0, 0xFF, 0x0E, 0x00,
  0x00, 0x00, 0xFF, 0x0F, 0xE0, 0xFF, 0x0E, 0x00, 0x00, 0x00, 0xFF, 0x0F, 0xE0, 0xFF, 0x0E, 0x00,
  0x00, 0x00, 0xFF, 0x0F, 0xE0, 0xFF, 0x0E, 0x00, 0x00, 0xE0, 0xFF, 0x0E, 0xE0, 0xFF, 0x0E, 0x00,
  0x00, 0xF0, 0xFF, 0x00, 0xE0, 0xFF, 0x0E, 0x00, 0x00, 0xFF, 0xFF, 0x00, 0xE0, 0xFF, 0xDF, 0xDD,
  0xFE, 0xFF, 0x0F, 0x00, 0xE0, 0xFF, 0xFF, 0xFF, 0xFF, 0xFF, 0x00, 0x00, 0xE0, 0xFF, 0xFF, 0xFF,
  0xFF, 0x0E, 0x00, 0x00, 0xE0, 0xFF, 0xFF, 0xFF, 0xFF, 0xFF, 0x00, 0xFE, 0xFF, 0xFF, 0xFF, 0xFF,
  0x0F, 0xE0, 0xFF, 0xDF, 0xDD, 0xDD, 0xDD, 0x00, 0xFE, 0xEF, 0x00, 0x00, 0x00, 0x00, 0xE0, 0xFF,
  0x0E, 0x00, 0x00, 0x00, 0x00, 0xFE, 0xEF, 0x00, 0x00, 0x00, 0x00, 0xE0, 0xFF, 0x0E, 0x00, 0x00,
  0x00, 0x00, 0xFE, 0xFF, 0xFF, 0xFF, 0xFF, 0x0E, 0xE0, 0xFF, 0xFF, 0xFF, 0xFF, 0xEF, 0x00, 0xFE,
  0xFF, 0xDD, 0xDD, 0xDD, 0x00, 0xE0, 0xFF, 0x0E, 0x00, 0x00, 0x00, 0x00, 0xFE, 0xEF, 0x00, 0x00,
  0x00, 0x00, 0xE0, 0xFF, 0x0E, 0x00, 0x00, 0x00, 0x00, 0xFE, 0xFF, 0xDD, 0xDD, 0xDD, 0x0D, 0xE0,
  0xFF, 0xFF, 0xFF, 0xFF, 0xFF, 0x00, 0xFE, 0xFF, 0xFF, 0xFF, 0xFF, 0x0F, 0xE0, 0xFF, 0xFF, 0xFF,
  0xFF, 0xFF, 0x00, 0xFE, 0xFF, 0xFF, 0xFF, 0xFF, 0x0F, 0xE0, 0xFF, 0xDF, 0xDD, 0xDD, 0xDD, 0x00,
  0xFE, 0xEF, 0x00, 0x00, 0x00, 0x00, 0xE0, 0xFF, 0x0E, 0x00, 0x00, 0x00, 0x00, 0xFE, 0xEF, 0x00,
  0x00, 0x00, 0x00, 0xE0, 0xFF, 0x0E, 0x00, 0x00, 0x00, 0x00, 0xFE, 0xFF, 0xFF, 0xFF, 0xFF, 0x00,
  0xE0, 0xFF, 0xFF, 0xFF, 0xFF, 0x0F, 0x00, 0xFE, 0xFF, 0xDD, 0xDD, 0xDD, 0x00, 0xE0, 0xFF, 0x0E,
  0x00, 0x00, 0x00, 0x00, 0xFE, 0xEF, 0x00, 0x00, 0x00, 0x00, 0xE0, 0xFF, 0x0E, 0x00, 0x00, 0x00,
  0x00, 0xFE, 0xEF, 0x00, 0x00, 0x00, 0x00, 0xE0, 0xFF, 0x0E, 0x00, 0x00, 0x00, 0x00, 0xFE, 0xEF,
  0x00, 0x00, 0x00, 0x00, 0x00, 0x00, 0xE0, 0xFF, 0xFF, 0xEF, 0x00, 0x00, 0x00, 0x00, 0xFF, 0xFF,
  0xFF, 0xFF, 0x0F, 0x00, 0x00, 0xF0, 0xFF, 0xEF, 0xED, 0xFF, 0xFF, 0x00, 0x00, 0xFF, 0xFF, 0x00,
  0x00, 0xF0, 0xFF, 0x0F, 0xD0, 0xFF, 0x0F, 0x00, 0x00, 0x00, 0xFF, 0x0F, 0xF0, 0xFF, 0x0E, 0x00,
  0x00, 0x00, 0x00, 0x00, 0xF0, 0xFF, 0x00, 0x00, 0x00, 0x00, 0x00, 0x00, 0xF0, 0xFF, 0x00, 0x00,
  0xD0, 0xDD, 0xDD, 0x0D, 0xF0, 0xFF, 0x00, 0x00, 0xF0, 0xFF, 0xFF, 0xEF, 0xF0, 0xFF, 0x00, 0x00,
  0xF0, 0xFF, 0xFF, 0xDF, 0xF0, 0xFF, 0x0E, 0x00, 0x00, 0x00, 0xFF, 0xDF, 0xD0, 0xFF, 0x0F, 0x00,
  0x00, 0x00, 0xFF, 0x0F, 0x00, 0xFF, 0xFF, 0x00, 0x00, 0xE0, 0xFF, 0x0F, 0x00, 0xF0, 0xFF, 0xEF,
  0xED, 0xFF, 0xFF, 0x00, 0x00, 0x00, 0xFF, 0xFF, 0xFF, 0xFF, 0xDF, 0x00, 0x00, 0x00, 0xE0, 0xFF,
  0xFF, 0xEF, 0x00, 0x00, 0xE0, 0xFF, 0x0E, 0x00, 0x00, 0x00, 0xFF, 0x0F, 0xE0, 0xFF, 0x0E, 0x00,
  0x00, 0x00, 0xFF, 0x0F, 0xE0, 0xFF, 0x0E, 0x00, 0x00, 0x00, 0xFF, 0x0F, 0xE0, 0xFF, 0x0E, 0x00,
  0x00, 0x00, 0xFF, 0x0F, 0xE0, 0xFF, 0x0E, 0x00, 0x00, 0x00, 0xFF, 0x0F, 0xE0, 0xFF, 0x0E, 0x00,
  0x00, 0x00, 0xFF, 0x0F, 0xE0, 0xFF, 0xDF, 0xDD, 0xDD, 0xDD, 0xFF, 0x0F, 0xE0, 0xFF, 0xFF, 0xFF,
  0xFF, 0xFF, 0xFF, 0x0F, 0xE0, 0xFF, 0xFF, 0xFF, 0xFF, 0xFF, 0xFF, 0x0F, 0xE0, 0xFF, 0x0E, 0x00,
  0x00, 0x00, 0xFF, 0x0F, 0xE0, 0xFF, 0x0E, 0x00, 0x00, 0x00, 0xFF, 0x0F, 0xE0, 0xFF, 0x0E, 0x00,
  0x00, 0x00, 0xFF, 0x0F, 0xE0, 0xFF, 0x0E, 0x00, 0x00, 0x00, 0xFF, 0x0F, 0xE0, 0xFF, 0x0E, 0x00,
  0x00, 0x00, 0xFF, 0x0F, 0xE0, 0xFF, 0x0E, 0x00, 0x00, 0x00, 0xFF, 0x0F, 0xE0, 0xFF, 0x0E, 0x00,
  0x00, 0x00, 0xFF, 0x0F, 0xE0, 0xFF, 0x0E, 0xE0, 0xFF, 0x0E, 0xE0, 0xFF, 0x0E, 0xE0, 0xFF, 0x0E,
  0xE0, 0xFF, 0x0E, 0xE0, 0xFF, 0x0E, 0xE0, 0xFF, 0x0E, 0xE0, 0xFF, 0x0E, 0xE0, 0xFF, 0x0E, 0xE0,
  0xFF, 0x0E, 0xE0, 0xFF, 0x0E, 0xE0, 0xFF, 0x0E, 0xE0, 0xFF, 0x0E, 0xE0, 0xFF, 0x0E, 0xE0, 0xFF,
  0x0E, 0xE0, 0xFF, 0x0E, 0x00, 0x00, 0x00, 0x00, 0xFF, 0x0F, 0x00, 0x00, 0x00, 0x00, 0xF0, 0xFF,
  0x00, 0x00, 0x00, 0x00, 0x00, 0xFF, 0x0F, 0x00, 0x00, 0x00, 0x00, 0xF0, 0xFF, 0x00, 0x00, 0x00,
  0x00, 0x00, 0xFF, 0x0F, 0x00, 0x00, 0x00, 0x00, 0xF0, 0xFF, 0x00, 0x00, 0x00, 0x00, 0x00, 0xFF,
  0x0F, 0x00, 0x00, 0x00, 0x00, 0xF0, 0xFF, 0x00, 0x00, 0x00, 0x00, 0x00, 0xFF, 0x0F, 0x00, 0x00,
  0x00, 0x00, 0xF0, 0xFF, 0x00, 0xF0, 0xEF, 0x00, 0x00, 0xFF, 0x0F, 0x00, 0xFF, 0x0F, 0x00, 0xF0,
  0xFF, 0x00, 0xF0, 0xFF, 0x00, 0x00, 0xFF, 0x0F, 0x00, 0xFF, 0xFF, 0xEE, 0xFF, 0xFF, 0x00, 0x00,
  0xFF, 0xFF, 0xFF, 0xFF, 0x00, 0x00, 0x00, 0xFF, 0xFF, 0xFF, 0x00, 0x00, 0xE0, 0xFF, 0x0E, 0x00,
  0x00, 0xFD, 0xFF, 0x0E, 0xFE, 0xEF, 0x00, 0x00, 0xF0, 0xFF, 0x0E, 0xE0, 0xFF, 0x0E, 0x00, 0xF0,
  0xFF, 0x0F, 0x00, 0xFE, 0xEF, 0x00, 0xF0, 0xFF, 0x0F, 0x00, 0xE0, 0xFF, 0x0E, 0xF0, 0xFF, 0x0F,
  0x00, 0x00, 0xFE, 0xEF, 0xF0, 0xFF, 0x0F, 0x00, 0x00, 0xE0, 0xFF, 0xEE, 0xFF, 0x0F, 0x00, 0x00,
  0x00, 0xFE, 0xFF, 0xFF, 0xFF, 0x00, 0x00, 0x00, 0xE0, 0xFF, 0xFF, 0xFF, 0xFF, 0x00, 0x00, 0x00,
  0xFE, 0xFF, 0xDF, 0xFF, 0xEF, 0x00, 0x00, 0xE0, 0xFF, 0xDF, 0xD0, 0xFF, 0x0F, 0x00, 0x00, 0xFE,
  0xFF, 0x00, 0xF0, 0xFF, 0x0F, 0x00, 0xE0, 0xFF, 0x0E, 0x00, 0xF0, 0xFF, 0x0E, 0x00, 0xFE, 0xEF,
  0x00, 0x00, 0xFD, 0xFF, 0x00, 0xE0, 0xFF, 0x0E, 0x00, 0x00, 0xFF, 0xFF, 0x00, 0xFE, 0xEF, 0x00,
  0x00, 0x00, 0xFF, 0xFF, 0xE0, 0xFF, 0x0E, 0x00, 0x00, 0x00, 0xE0, 0xFF, 0x0E, 0x00, 0x00, 0x00,
  0xE0, 0xFF, 0x0E, 0x00, 0x00, 0x00, 0xE0, 0xFF, 0x0E, 0x00, 0x00, 0x00, 0xE0, 0xFF, 0x0E, 0x00,
  0x00, 0x00, 0xE0, 0xFF, 0x0E, 0x00, 0x00, 0x00, 0xE0, 0xFF, 0x0E, 0x00, 0x00, 0x00, 0xE0, 0xFF,
  0x0E, 0x00, 0x00, 0x00, 0xE0, 0xFF, 0x0E, 0x00, 0x00, 0x00, 0xE0, 0xFF, 0x0E, 0x00, 0x00, 0x00,
  0xE0, 0xFF, 0x0E, 0x00, 0x00, 0x00, 0xE0, 0xFF, 0x0E, 0x00, 0x00, 0x00, 0xE0, 0xFF, 0x0E, 0x00,
  0x00, 0x00, 0xE0, 0xFF, 0xEF, 0xEE, 0xEE, 0xDE, 0xE0, 0xFF, 0xFF, 0xFF, 0xFF, 0xFF, 0xE0, 0xFF,
  0xFF, 0xFF, 0xFF, 0xFF, 0xE0, 0xFF, 0xFF, 0x00, 0x00, 0x00, 0x00, 0xFF, 0xFF, 0x0F, 0xE0, 0xFF,
  0xFF, 0x0E, 0x00, 0x00, 0xD0, 0xFF, 0xFF, 0x0F, 0xE0, 0xFF, 0xFF, 0x0F, 0x00, 0x00, 0xF0, 0xFF,
  0xFF, 0x0F, 0xE0, 0xFF, 0xFF, 0xDF, 0x00, 0x00, 0xF0, 0xFF, 0xFF, 0x0F, 0xE0, 0xFF, 0xFF, 0xFF,
  0x00, 0x00, 0xFD, 0xFF, 0xFF, 0x0F, 0xE0, 0xFF, 0xFE, 0xFF, 0x00, 0x00, 0xFF, 0xDF, 0xFF, 0x0F,
  0xE0, 0xFF, 0xFE, 0xFF, 0x0E, 0x00, 0xFF, 0x0F, 0xFF, 0x0F, 0xE0, 0xFF, 0xDE, 0xFF, 0x0F, 0xE0,
  0xFF, 0x0E, 0xFF, 0x0F, 0xE0, 0xFF, 0x0E, 0xFF, 0x0F, 0xF0, 0xFF, 0x00, 0xFF, 0x0F, 0xE0, 0xFF,
  0x0E, 0xFF, 0xEF, 0xF0, 0xFF, 0x00, 0xFF, 0x0F, 0xE0, 0xFF, 0x0E, 0xF0, 0xFF, 0xFD, 0xEF, 0x00,
  0xFF, 0x0F, 0xE0, 0xFF, 0x0E, 0xF0, 0xFF, 0xFF, 0x0F, 0x00, 0xFF, 0x0F, 0xE0, 0xFF, 0x0E, 0xE0,
  0xFF, 0xFF, 0x0F, 0x00, 0xFF, 0x0F, 0xE0, 0xFF, 0x0E, 0x00, 0xFF, 0xFF, 0x0D, 0x00, 0xFF, 0x0F,
  0xE0, 0xFF, 0x0E, 0x00, 0xFF, 0xFF, 0x00, 0x00, 0xFF, 0x0F, 0xE0, 0xFF, 0x0E, 0x00, 0xFD, 0xFF,
  0x00, 0x00, 0xFF, 0x0F, 0xE0, 0xFF, 0x0F, 0x00, 0x00, 0x00, 0xFF, 0x0F, 0x00, 0xFE, 0xFF, 0x0F,
  0x00, 0x00, 0xF0, 0xFF, 0x00, 0xE0, 0xFF, 0xFF, 0x0E, 0x00, 0x00, 0xFF, 0x0F, 0x00, 0xFE, 0xFF,
  0xFF, 0x00, 0x00, 0xF0, 0xFF, 0x00, 0xE0, 0xFF, 0xFF, 0xFF, 0x00, 0x00, 0xFF, 0x0F, 0x00, 0xFE,
  0xEF, 0xFF, 0xDF, 0x00, 0xF0, 0xFF, 0x00, 0xE0, 0xFF, 0x0E, 0xFF, 0x0F, 0x00, 0xFF, 0x0F, 0x00,
  0xFE, 0xFF, 0xF0, 0xFF, 0x0F, 0xF0, 0xFF, 0x00, 0xE0, 0xFF, 0x0F, 0xF0, 0xFF, 0x0D, 0xFF, 0x0F,
  0x00, 0xFE, 0xFF, 0x00, 0xFD, 0xFF, 0xF0, 0xFF, 0x00, 0xE0, 0xFF, 0x0F, 0x00, 0xFF, 0xEF, 0xFF,
  0x0F, 0x00, 0xFE, 0xFF, 0x00, 0x00, 0xFF, 0xFF, 0xFF, 0x00, 0xE0, 0xFF, 0x0F, 0x00, 0xE0, 0xFF,
  0xFF, 0x0F, 0x00, 0xFE, 0xFF, 0x00, 0x00, 0xF0, 0xFF, 0xFF, 0x00, 0xE0, 0xFF, 0x0F, 0x00, 0x00,
  0xF0, 0xFF, 0x0F, 0x00, 0xFE, 0xFF, 0x00, 0x00, 0x00, 0xFE, 0xFF, 0x00, 0x00, 0x00, 0xE0, 0xFF,
  0xFF, 0xEF, 0x00, 0x00, 0x00, 0x00, 0xF0, 0xFF, 0xFF, 0xFF, 0xFF, 0x00, 0x00, 0x00, 0xF0, 0xFF,
  0xEF, 0xED, 0xFF, 0xFF, 0x00, 0x00, 0xF0, 0xFF, 0x0E, 0x00, 0x00, 0xFF, 0xFF, 0x00, 0xD0, 0xFF,
  0x0F, 0x00, 0x00, 0x00, 0xFF, 0x0F, 0x00, 0xFF, 0xEF, 0x00, 0x00, 0x00, 0xE0, 0xFF, 0x0E, 0xF0,
  0xFF, 0x00, 0x00, 0x00, 0x00, 0xFD, 0xFF, 0x00, 0xFF, 0x0F, 0x00, 0x00, 0x00, 0x00, 0xFF, 0x0F,
  0xF0, 0xFF, 0x00, 0x00, 0x00, 0x00, 0xF0, 0xFF, 0x00, 0xFF, 0x0F, 0x00, 0x00, 0x00, 0xD0, 0xFF,
  0x0F, 0xF0, 0xFF, 0x0E, 0x00, 0x00, 0x00, 0xFE, 0xEF, 0x00, 0xFD, 0xFF, 0x00, 0x00, 0x00, 0xF0,
  0xFF, 0x00, 0x00, 0xFF, 0xEF, 0x00, 0x00, 0xF0, 0xFF, 0x0F, 0x00, 0x00, 0xFF, 0xFF, 0xDE, 0xFE,
  0xFF, 0x0F, 0x00, 0x00, 0x00, 0xFF, 0xFF, 0xFF, 0xFF, 0x0F, 0x00, 0x00, 0x00, 0x00, 0xFE, 0xFF,
  0xFF, 0x0E, 0x00, 0x00, 0xE0, 0xFF, 0xFF, 0xFF, 0xFF, 0x0E, 0x00, 0xE0, 0xFF, 0xFF, 0xFF, 0xFF,
  0xFF, 0x00, 0xE0, 0xFF, 0xDF, 0xDD, 0xFE, 0xFF, 0x0F, 0xE0, 0xFF, 0x0E, 0x00, 0xD0, 0xFF, 0x0F,
  0xE0, 0xFF, 0x0E, 0x00, 0x00, 0xFF, 0x0F, 0xE0, 0xFF, 0x0E, 0x00, 0x00, 0xFF, 0x0F, 0xE0, 0xFF,
  0x0E, 0x00, 0x00, 0xFF, 0x0F, 0xE0, 0xFF, 0x0E, 0x00, 0xFD, 0xFF, 0x0F, 0xE0, 0xFF, 0xFF, 0xFF,
  0xFF, 0xFF, 0x00, 0xE0, 0xFF, 0xFF, 0xFF, 0xFF, 0x0F, 0x00, 0xE0, 0xFF, 0xDF, 0xDD, 0x00, 0x00,
  0x00, 0xE0, 0xFF, 0x0E, 0x00, 0x00, 0x00, 0x00, 0xE0, 0xFF, 0x0E, 0x00, 0x00, 0x00, 0x00, 0xE0,
  0xFF, 0x0E, 0x00, 0x00, 0x00, 0x00, 0xE0, 0xFF, 0x0E, 0x00, 0x00, 0x00, 0x00, 0xE0, 0xFF, 0x0E,
  0x00, 0x00, 0x00, 0x00, 0x00, 0x00, 0xE0, 0xFF, 0xFF, 0xEF, 0x00, 0x00, 0x00, 0x00, 0xF0, 0xFF,
  0xFF, 0xFF, 0xFF, 0x00, 0x00, 0x00, 0xF0, 0xFF, 0xFF, 0xFF, 0xFF, 0xFF, 0x00, 0x00, 0xF0, 0xFF,
  0x0F, 0x00, 0x00, 0xFF, 0xFF, 0x00, 0xD0, 0xFF, 0x0F, 0x00, 0x00, 0x00, 0xFF, 0x0F, 0x00, 0xFF,
  0xEF, 0x00, 0x00, 0x00, 0xE0, 0xFF, 0x0E, 0xF0, 0xFF, 0x00, 0x00, 0x00, 0x00, 0xFD, 0xFF, 0x00,
  0xFF, 0x0F, 0x00, 0x00, 0x00, 0x00, 0xFF, 0x0F, 0xF0, 0xFF, 0x00, 0x00, 0x00, 0x00, 0xF0, 0xFF,
  0x00, 0xFF, 0x0F, 0x00, 0x00, 0x00, 0xD0, 0xFF, 0x0F, 0xF0, 0xFF, 0x0E, 0x00, 0xEE, 0x00, 0xFE,
  0xEF, 0x00, 0xFD, 0xFF, 0x00, 0xF0, 0xFF, 0xF0, 0xFF, 0x00, 0x00, 0xFF, 0xFF, 0x00, 0xF0, 0xFF,
  0xFF, 0x0F, 0x00, 0x00, 0xFF, 0xFF, 0xFF, 0xFF, 0xFF, 0x0F, 0x00, 0x00, 0x00, 0xFF, 0xFF, 0xFF,
  0xFF, 0xEF, 0x00, 0x00, 0x00, 0x00, 0xFE, 0xFF, 0xFF, 0xFF, 0xDF, 0x00, 0x00, 0x00, 0x00, 0x00,
  0x00, 0x00, 0xFF, 0x0F, 0x00, 0xE0, 0xFF, 0xFF, 0xFF, 0xFF, 0x0E, 0x00, 0xE0, 0xFF, 0xFF, 0xFF,
  0xFF, 0xFF, 0x00, 0xE0, 0xFF, 0xDF, 0xDD, 0xFE, 0xFF, 0x0F, 0xE0, 0xFF, 0x0E, 0x00, 0x00, 0xFF,
  0x0F, 0xE0, 0xFF, 0x0E, 0x00, 0x00, 0xFF, 0x0F, 0xE0, 0xFF, 0x0E, 0x00, 0x00, 0xFF, 0xDF, 0xE0,
  0xFF, 0x0E, 0x00, 0x00, 0xFF, 0x0F, 0xE0, 0xFF, 0x0E, 0x00, 0xFD, 0xFF, 0x0F, 0xE0, 0xFF, 0xFF,
  0xFF, 0xFF, 0xFF, 0x00, 0xE0, 0xFF, 0xFF, 0xFF, 0xFF, 0x0F, 0x00, 0xE0, 0xFF, 0xDF, 0xED, 0xFF,
  0x0F, 0x00, 0xE0, 0xFF, 0x0E, 0x00, 0xFF, 0xDF, 0x00, 0xE0, 0xFF, 0x0E, 0x00, 0xFD, 0xFF, 0x00,
  0xE0, 0xFF, 0x0E, 0x00, 0xF0, 0xFF, 0x0E, 0xE0, 0xFF, 0x0E, 0x00, 0xD0, 0xFF, 0x0F, 0xE0, 0xFF,
  0x0E, 0x00, 0x00, 0xFF, 0xFF, 0x00, 0x00, 0xFE, 0xFF, 0xFF, 0x0D, 0x00, 0x00, 0xF0, 0xFF, 0xFF,
  0xFF, 0xFF, 0x00, 0x00, 0xFF, 0xFF, 0xDE, 0xFE, 0xFF, 0x0F, 0xE0, 0xFF, 0x0F, 0x00, 0x00, 0xFF,
  0x0F, 0xE0, 0xFF, 0x0E, 0x00, 0x00, 0xED, 0x0E, 0xE0, 0xFF, 0x0F, 0x00, 0x00, 0x00, 0x00, 0x00,
  0xFF, 0xFF, 0xEF, 0x00, 0x00, 0x00, 0x00, 0xFD, 0xFF, 0xFF, 0xFF, 0x0E, 0x00, 0x00, 0x00, 0xFE,
  0xFF, 0xFF, 0xFF, 0x00, 0x00, 0x00, 0x00, 0xD0, 0xFF, 0xFF, 0x0F, 0x00, 0x00, 0x00, 0x00, 0x00,
  0xFF, 0x0F, 0xF0, 0xFF, 0x00, 0x00, 0x00, 0xFF, 0xDF, 0xF0, 0xFF, 0x0E, 0x00, 0x00, 0xFF, 0x0F,
  0xE0, 0xFF, 0xFF, 0xDE, 0xFE, 0xFF, 0x0F, 0x00, 0xFE, 0xFF, 0xFF, 0xFF, 0xFF, 0x00, 0x00, 0xD0,
  0xFF, 0xFF, 0xFF, 0x0E, 0x00, 0xF0, 0xFF, 0xFF, 0xFF, 0xFF, 0xFF, 0xFF, 0x00, 0xFF, 0xFF, 0xFF,
  0xFF, 0xFF, 0xFF, 0x0F, 0xD0, 0xDD, 0xED, 0xFF, 0xDF, 0xDD, 0x0D, 0x00, 0x00, 0x00, 0xF0, 0xFF,
  0x00, 0x00, 0x00, 0x00, 0x00, 0x00, 0xFF, 0x0F, 0x00, 0x00, 0x00, 0x00, 0x00, 0xF0, 0xFF, 0x00,
  0x00, 0x00, 0x00, 0x00, 0x00, 0xFF, 0x0F, 0x00, 0x00, 0x00, 0x00, 0x00, 0xF0, 0xFF, 0x00, 0x00,
  0x00, 0x00, 0x00, 0x00, 0xFF, 0x0F, 0x00, 0x00, 0x00, 0x00, 0x00, 0xF0, 0xFF, 0x00, 0x00, 0x00,
  0x00, 0x00, 0x00, 0xFF, 0x0F, 0x00, 0x00, 0x00, 0x00, 0x00, 0xF0, 0xFF, 0x00, 0x00, 0x00, 0x00,
  0x00, 0x00, 0xFF, 0x0F, 0x00, 0x00, 0x00, 0x00, 0x00, 0xF0, 0xFF, 0x00, 0x00, 0x00, 0x00, 0x00,
  0x00, 0xFF, 0x0F, 0x00, 0x00, 0x00, 0x00, 0x00, 0xF0, 0xFF, 0x00, 0x00, 0x00, 0xE0, 0xFF, 0x0E,
  0x00, 0x00, 0xD0, 0xFF, 0x0F, 0xE0, 0xFF, 0x0E, 0x00, 0x00, 0xD0, 0xFF, 0x0F, 0xE0, 0xFF, 0x0E,
  0x00, 0x00, 0xD0, 0xFF, 0x0F, 0xE0, 0xFF, 0x0E, 0x00, 0x00, 0xD0, 0xFF, 0x0F, 0xE0, 0xFF, 0x0E,
  0x00, 0x00, 0xD0, 0xFF, 0x0F, 0xE0, 0xFF, 0x0E, 0x00, 0x00, 0xD0, 0xFF, 0x0F, 0xE0, 0xFF, 0x0E,
  0x00, 0x00, 0xD0, 0xFF, 0x0F, 0xE0, 0xFF, 0x0E, 0x00, 0x00, 0xD0, 0xFF, 0x0F, 0xE0, 0xFF, 0x0E,
  0x00, 0x00, 0xD0, 0xFF, 0x0F, 0xE0, 0xFF, 0x0E, 0x00, 0x00, 0xD0, 0xFF, 0x0F, 0xE0, 0xFF, 0x0F,
  0x00, 0x00, 0xE0, 0xFF, 0x0F, 0xD0, 0xFF, 0x0F, 0x00, 0x00, 0xF0, 0xFF, 0x0E, 0x00, 0xFF, 0xEF,
  0x00, 0x00, 0xF0, 0xFF, 0x00, 0x00, 0xFE, 0xFF, 0xEF, 0xFE, 0xFF, 0xFF, 0x00, 0x00, 0xE0, 0xFF,
  0xFF, 0xFF, 0xFF, 0x0F, 0x00, 0x00, 0x00, 0xF0, 0xFF, 0xFF, 0xDF, 0x00, 0x00, 0xFD, 0xFF, 0x00,
  0x00, 0x00, 0x00, 0xFF, 0xDF, 0xF0, 0xFF, 0x0D, 0x00, 0x00, 0x00, 0xFF, 0x0F, 0xF0, 0xFF, 0x0F,
  0x00, 0x00, 0xE0, 0xFF, 0x0F, 0xD0, 0xFF, 0x0F, 0x00, 0x00, 0xF0, 0xFF, 0x0D, 0x00, 0xFF, 0xDF,
  0x00, 0x00, 0xF0, 0xFF, 0x00, 0x00, 0xFF, 0xFF, 0x00, 0x00, 0xFE, 0xFF, 0x00, 0x00, 0xF0, 0xFF,
  0x00, 0x00, 0xFF, 0xDF, 0x00, 0x00, 0xF0, 0xFF, 0x0D, 0x00, 0xFF, 0x0F, 0x00, 0x00, 0xE0, 0xFF,
  0x0F, 0xE0, 0xFF, 0x0F, 0x00, 0x00, 0x00, 0xFF, 0x0F, 0xF0, 0xFF, 0x00, 0x00, 0x00, 0x00, 0xFF,
  0x0F, 0xF0, 0xFF, 0x00, 0x00, 0x00, 0x00, 0xFE, 0xEF, 0xFE, 0xEF, 0x00, 0x00, 0x00, 0x00, 0xF0,
  0xFF, 0xFF, 0x0F, 0x00, 0x00, 0x00, 0x00, 0xF0, 0xFF, 0xFF, 0x0F, 0x00, 0x00, 0x00, 0x00, 0xD0,
  0xFF, 0xFF, 0x0E, 0x00, 0x00, 0x00, 0x00, 0x00, 0xFF, 0xFF, 0x00, 0x00, 0x00, 0xFE, 0xFF, 0x00,
  0x00, 0xE0, 0xFF, 0x0F, 0x00, 0x00, 0xFE, 0xFF, 0xF0, 0xFF, 0x00, 0x00, 0xF0, 0xFF, 0x0F, 0x00,
  0x00, 0xFF, 0xEF, 0xF0, 0xFF, 0x0D, 0x00, 0xF0, 0xFF, 0xEF, 0x00, 0x00, 0xFF, 0xDF, 0xF0, 0xFF,
  0x0E, 0x00, 0xFD, 0xFF, 0xFF, 0x00, 0x00, 0xFF, 0x0F, 0xD0, 0xFF, 0x0F, 0x00, 0xFE, 0xFF, 0xFF,
  0x00, 0xD0, 0xFF, 0x0F, 0x00, 0xFF, 0x0F, 0x00, 0xFF, 0xEF, 0xFF, 0x00, 0xF0, 0xFF, 0x0E, 0x00,
  0xFF, 0xDF, 0x00, 0xFF, 0xDF, 0xFF, 0x0E, 0xF0, 0xFF, 0x00, 0x00, 0xFE, 0xEF, 0xD0, 0xFF, 0x0E,
  0xFF, 0x0F, 0xF0, 0xFF, 0x00, 0x00, 0xF0, 0xFF, 0xE0, 0xFF, 0x00, 0xFF, 0x0F, 0xFD, 0xFF, 0x00,
  0x00, 0xF0, 0xFF, 0xF0, 0xFF, 0x00, 0xFE, 0x0F, 0xFE, 0xEF, 0x00, 0x00, 0xF0, 0xFF, 0xF0, 0xFF,
  0x00, 0xFD, 0xEF, 0xFF, 0x0F, 0x00, 0x00, 0xE0, 0xFF, 0xFE, 0xEF, 0x00, 0xF0, 0xFF, 0xFF, 0x0F,
  0x00, 0x00, 0x00, 0xFF, 0xFF, 0x0F, 0x00, 0xF0, 0xFF, 0xFF, 0x0F, 0x00, 0x00, 0x00, 0xFF, 0xFF,
  0x0F, 0x00, 0xE0, 0xFF, 0xFF, 0x0D, 0x00, 0x00, 0x00, 0xFF, 0xFF, 0x0F, 0x00, 0x00, 0xFF, 0xFF,
  0x00, 0x00, 0x00, 0x00, 0xFD, 0xFF, 0x0D, 0x00, 0x00, 0xFF, 0xFF, 0x00, 0x00, 0xF0, 0xFF, 0x0F,
  0x00, 0x00, 0xF0, 0xFF, 0x0F, 0x00, 0xFF, 0xEF, 0x00, 0x00, 0xFE, 0xFF, 0x00, 0x00, 0xFD, 0xFF,
  0x00, 0x00, 0xFF, 0x0F, 0x00, 0x00, 0xF0, 0xFF, 0x0F, 0xF0, 0xFF, 0x0E, 0x00, 0x00, 0x00, 0xFF,
  0x0F, 0xFD, 0xFF, 0x00, 0x00, 0x00, 0x00, 0xFD, 0xFF, 0xFF, 0x0F, 0x00, 0x00, 0x00, 0x00, 0xF0,
  0xFF, 0xFF, 0x0E, 0x00, 0x00, 0x00, 0x00, 0x00, 0xFF, 0xFF, 0x00, 0x00, 0x00, 0x00, 0x00, 0x00,
  0xFF, 0xFF, 0x00, 0x00, 0x00, 0x00, 0x00, 0xF0, 0xFF, 0xFF, 0x0F, 0x00, 0x00, 0x00, 0x00, 0xFF,
  0xFF, 0xFF, 0xEF, 0x00, 0x00, 0x00, 0xD0, 0xFF, 0x0F, 0xF0, 0xFF, 0x00, 0x00, 0x00, 0xF0, 0xFF,
  0x0D, 0xE0, 0xFF, 0x0F, 0x00, 0x00, 0xFF, 0xFF, 0x00, 0x00, 0xFF, 0xFF, 0x00, 0xE0, 0xFF, 0x0F,
  0x00, 0x00, 0xF0, 0xFF, 0x0D, 0xF0, 0xFF, 0x0D, 0x00, 0x00, 0xE0, 0xFF, 0x0F, 0xF0, 0xFF, 0x00,
  0x00, 0x00, 0xE0, 0xFF, 0x0F, 0xF0, 0xFF, 0x0F, 0x00, 0x00, 0xF0, 0xFF, 0x0D, 0x00, 0xFF, 0xDF,
  0x00, 0x00, 0xFF, 0xFF, 0x00, 0x00, 0xFE, 0xFF, 0x00, 0x00, 0xFF, 0x0F, 0x00, 0x00, 0xF0, 0xFF,
  0x0E, 0xF0, 0xFF, 0x0E, 0x00, 0x00, 0x00, 0xFF, 0x0F, 0xF0, 0xFF, 0x00, 0x00, 0x00, 0x00, 0xFF,
  0xEF, 0xFF, 0xDF, 0x00, 0x00, 0x00, 0x00, 0xF0, 0xFF, 0xFF, 0x0F, 0x00, 0x00, 0x00, 0x00, 0xE0,
  0xFF, 0xFF, 0x00, 0x00, 0x00, 0x00, 0x00, 0x00, 0xFF, 0xFF, 0x00, 0x00, 0x00, 0x00, 0x00, 0x00,
  0xFF, 0xEF, 0x00, 0x00, 0x00, 0x00, 0x00, 0x00, 0xFF, 0xEF, 0x00, 0x00, 0x00, 0x00, 0x00, 0x00,
  0xFF, 0xEF, 0x00, 0x00, 0x00, 0x00, 0x00, 0x00, 0xFF, 0xEF, 0x00, 0x00, 0x00, 0x00, 0x00, 0x00,
  0xFF, 0xEF, 0x00, 0x00, 0x00, 0x00, 0x00, 0x00, 0xFF, 0xEF, 0x00, 0x00, 0x00, 0xF0, 0xFF, 0xFF,
  0xFF, 0xFF, 0xFF, 0x0F, 0xF0, 0xFF, 0xFF, 0xFF, 0xFF, 0xFF, 0x0F, 0xD0, 0xDD, 0xDD, 0xDD, 0xFD,
  0xFF, 0x0F, 0x00, 0x00, 0x00, 0x00, 0xFD, 0xFF, 0x00, 0x00, 0x00, 0x00, 0x00, 0xFF, 0x0F, 0x00,
  0x00, 0x00, 0x00, 0xF0, 0xFF, 0x0E, 0x00, 0x00, 0x00, 0x00, 0xFE, 0xFF, 0x00, 0x00, 0x00, 0x00,
  0x00, 0xFF, 0x0F, 0x00, 0x00, 0x00, 0x00, 0xF0, 0xFF, 0x0E, 0x00, 0x00, 0x00, 0x00, 0xFE, 0xFF,
  0x00, 0x00, 0x00, 0x00, 0x00, 0xFF, 0x0F, 0x00, 0x00, 0x00, 0x00, 0xF0, 0xFF, 0x0E, 0x00, 0x00,
  0x00, 0x00, 0xFE, 0xFF, 0x00, 0x00, 0x00, 0x00, 0x00, 0xFF, 0xDF, 0xDD, 0xDD, 0xDD, 0x0D, 0xF0,
  0xFF, 0xFF, 0xFF, 0xFF, 0xFF, 0x0F, 0xF0, 0xFF, 0xFF, 0xFF, 0xFF, 0xFF, 0x0F, 0x00, 0xFF, 0xFF,
  0x0F, 0x00, 0xFF, 0xFF, 0x0F, 0x00, 0xFF, 0xDF, 0x0D, 0x00, 0xFF, 0x0F, 0x00, 0x00, 0xFF, 0x0F,
  0x00, 0x00, 0xFF, 0x0F, 0x00, 0x00, 0xFF, 0x0F, 0x00, 0x00, 0xFF, 0x0F, 0x00, 0x00, 0xFF, 0x0F,
  0x00, 0x00, 0xFF, 0x0F, 0x00, 0x00, 0xFF, 0x0F, 0x00, 0x00, 0xFF, 0x0F, 0x00, 0x00, 0xFF, 0x0F,
  0x00, 0x00, 0xFF, 0x0F, 0x00, 0x00, 0xFF, 0x0F, 0x00, 0x00, 0xFF, 0x0F, 0x00, 0x00, 0xFF, 0x0F,
  0x00, 0x00, 0xFF, 0xDF, 0x0D, 0x00, 0xFF, 0xFF, 0x0F, 0x00, 0xFF, 0xFF, 0x0F, 0xFF, 0x0F, 0x00,
  0x00, 0xFD, 0xDF, 0x00, 0x00, 0xF0, 0xEF, 0x00, 0x00, 0xF0, 0xFF, 0x00, 0x00, 0xE0, 0xFF, 0x00,
  0x00, 0x00, 0xFF, 0x0D, 0x00, 0x00, 0xFF, 0x0F, 0x00, 0x00, 0xFF, 0x0F, 0x00, 0x00, 0xFE, 0x0F,
  0x00, 0x00, 0xF0, 0xEF, 0x00, 0x00, 0xF0, 0xFF, 0x00, 0x00, 0xF0, 0xFF, 0x00, 0x00, 0xD0, 0xFF,
  0x0D, 0x00, 0x00, 0xFF, 0x0E, 0x00, 0x00, 0xFF, 0x0F, 0x00, 0x00, 0xFE, 0x0F, 0x00, 0x00, 0xF0,
  0xDF, 0x00, 0x00, 0xF0, 0xFF, 0x00, 0x00, 0xF0, 0xFF, 0xF0, 0xFF, 0xFF, 0x00, 0xF0, 0xFF, 0xFF,
  0x00, 0xD0, 0xFD, 0xFF, 0x00, 0x00, 0xF0, 0xFF, 0x00, 0x00, 0xF0, 0xFF, 0x00, 0x00, 0xF0, 0xFF,
  0x00, 0x00, 0xF0, 0xFF, 0x00, 0x00, 0xF0, 0xFF, 0x00, 0x00, 0xF0, 0xFF, 0x00, 0x00, 0xF0, 0xFF,
  0x00, 0x00, 0xF0, 0xFF, 0x00, 0x00, 0xF0, 0xFF, 0x00, 0x00, 0xF0, 0xFF, 0x00, 0x00, 0xF0, 0xFF,
  0x00, 0x00, 0xF0, 0xFF, 0x00, 0x00, 0xF0, 0xFF, 0x00, 0x00, 0xF0, 0xFF, 0x00, 0xD0, 0xFD, 0xFF,
  0x00, 0xF0, 0xFF, 0xFF, 0x00, 0xF0, 0xFF, 0xFF, 0x00, 0x00, 0x00, 0xFF, 0x0F, 0x00, 0x00, 0x00,
  0xFF, 0xFF, 0x0D, 0x00, 0x00, 0xF0, 0xFF, 0xFF, 0x00, 0x00, 0xF0, 0xFF, 0xF0, 0x0F, 0x00, 0x00,
  0xFF, 0x00, 0xFF, 0x0F, 0x00, 0xFF, 0x0F, 0x00, 0xFF, 0x00, 0xF0, 0xDF, 0x00, 0xF0, 0xFF, 0x00,
  0x00, 0x00, 0x00, 0x00, 0x00, 0x00, 0x00, 0x00, 0x00, 0x00, 0x00, 0x00, 0x00, 0x00, 0x00, 0x00,
  0x00, 0x00, 0x00, 0x00, 0x00, 0x00, 0x00, 0x00, 0x00, 0x00, 0x00, 0x00, 0x00, 0x00, 0x00, 0x00,
  0x00, 0x00, 0x00, 0x00, 0x00, 0x00, 0x00, 0x00, 0x00, 0x00, 0x00, 0x00, 0x00, 0x00, 0x00, 0x00,
  0x00, 0xDD, 0xDD, 0xDD, 0xDD, 0xDD, 0xF0, 0xFF, 0xFF, 0xFF, 0xFF, 0xEF, 0xFF, 0xFF, 0xFF, 0xFF,
  0xFF, 0x0E, 0x00, 0xFF, 0x0F, 0x00, 0x00, 0xFD, 0x0F, 0x00, 0x00, 0xF0, 0xFF, 0x00, 0x00, 0x00,
  0x00, 0x00, 0x00, 0x00, 0x00, 0x00, 0x00, 0x00, 0x00, 0x00, 0x00, 0x00, 0x00, 0x00, 0x00, 0x00,
  0x00, 0x00, 0x00, 0x00, 0x00, 0x00, 0x00, 0x00, 0x00, 0x00, 0x00, 0x00, 0x00, 0x00, 0x00, 0x00,
  0x00, 0x00, 0x00, 0x00, 0x00, 0x00, 0x00, 0x00, 0x00, 0x00, 0x00, 0x00, 0x00, 0x00, 0x00, 0x00,
  0x00, 0x00, 0x00, 0xE0, 0xFF, 0xFF, 0x0F, 0x00, 0x00, 0xF0, 0xFF, 0xFF, 0xFF, 0xDF, 0x00, 0xE0,
  0xFF, 0xEF, 0xFD, 0xFF, 0x0F, 0x00, 0xED, 0x0F, 0x00, 0xF0, 0xFF, 0x00, 0x00, 0x00, 0x00, 0xD0,
  0xFF, 0x0F, 0x00, 0x00, 0xFF, 0xFF, 0xFF, 0xFF, 0x00, 0xE0, 0xFF, 0xFF, 0xEF, 0xFF, 0x0F, 0x00,
  0xFF, 0x0F, 0x00, 0xF0, 0xFF, 0x00, 0xF0, 0xFF, 0x00, 0x00, 0xFF, 0x0F, 0x00, 0xFF, 0xEF, 0xED,
  0xFF, 0xFF, 0x00, 0xF0, 0xFF, 0xFF, 0xFF, 0xFF, 0x0F, 0x00, 0xE0, 0xFF, 0xFF, 0xF0, 0xFF, 0x00,
  0xF0, 0xFF, 0x0D, 0x00, 0x00, 0x00, 0x00, 0xF0, 0xFF, 0x0D, 0x00, 0x00, 0x00, 0x00, 0xF0, 0xFF,
  0x0D, 0x00, 0x00, 0x00, 0x00, 0xF0, 0xFF, 0x0D, 0x00, 0x00, 0x00, 0x00, 0xF0, 0xFF, 0xDD, 0xFF,
  0xFF, 0x0D, 0x00, 0xF0, 0xFF, 0xFF, 0xFF, 0xFF, 0xDF, 0x00, 0xF0, 0xFF, 0xFF, 0xDE, 0xFF, 0xFF,
  0x00, 0xF0, 0xFF, 0x0F, 0x00, 0xF0, 0xFF, 0x0E, 0xF0, 0xFF, 0x0E, 0x00, 0xD0, 0xFF, 0x0F, 0xF0,
  0xFF, 0x0D, 0x00, 0x00, 0xFF, 0x0F, 0xF0, 0xFF, 0x0D, 0x00, 0x00, 0xFF, 0x0F, 0xF0, 0xFF, 0x0E,
  0x00, 0xE0, 0xFF, 0x0F, 0xF0, 0xFF, 0x0F, 0x00, 0xF0, 0xFF, 0x0E, 0xF0, 0xFF, 0xFF, 0xDE, 0xFF,
  0xFF, 0x00, 0xF0, 0xFF, 0xFE, 0xFF, 0xFF, 0xDF, 0x00, 0xF0, 0xFF, 0xDD, 0xFF, 0xFF, 0x00, 0x00,
  0x00, 0x00, 0xFF, 0xFF, 0xDF, 0x00, 0x00, 0xD0, 0xFF, 0xFF, 0xFF, 0xFF, 0x00, 0x00, 0xFF, 0xFF,
  0xED, 0xFF, 0xEF, 0x00, 0xFF, 0xEF, 0x00, 0x00, 0xFF, 0x0F, 0xF0, 0xFF, 0x00, 0x00, 0x00, 0x00,
  0x00, 0xFF, 0x0F, 0x00, 0x00, 0x00, 0x00, 0xF0, 0xFF, 0x00, 0x00, 0x00, 0x00, 0x00, 0xFF, 0x0F,
  0x00, 0x00, 0x00, 0x00, 0xF0, 0xFF, 0x0E, 0x00, 0xF0, 0xFF, 0x00, 0xF0, 0xFF, 0xDF, 0xFE, 0xFF,
  0x0E, 0x00, 0xFE, 0xFF, 0xFF, 0xFF, 0x0F, 0x00, 0x00, 0xF0, 0xFF, 0xFF, 0x0D, 0x00, 0x00, 0x00,
  0x00, 0x00, 0xF0, 0xFF, 0x0D, 0x00, 0x00, 0x00, 0x00, 0xF0, 0xFF, 0x0D, 0x00, 0x00, 0x00, 0x00,
  0xF0, 0xFF, 0x0D, 0x00, 0x00, 0x00, 0x00, 0xF0, 0xFF, 0x0D, 0x00, 0xE0, 0xFF, 0xFF, 0xF0, 0xFF,
  0x0D, 0x00, 0xFF, 0xFF, 0xFF, 0xFF, 0xFF, 0x0D, 0xD0, 0xFF, 0xFF, 0xED, 0xFF, 0xFF, 0x0D, 0xF0,
  0xFF, 0x0E, 0x00, 0xF0, 0xFF, 0x0D, 0xF0, 0xFF, 0x00, 0x00, 0xF0, 0xFF, 0x0D, 0xF0, 0xFF, 0x00,
  0x00, 0xF0, 0xFF, 0x0D, 0xF0, 0xFF, 0x00, 0x00, 0xF0, 0xFF, 0x0D, 0xF0, 0xFF, 0x00, 0x00, 0xF0,
  0xFF, 0x0D, 0xF0, 0xFF, 0x0E, 0x00, 0xF0, 0xFF, 0x0D, 0xD0, 0xFF, 0xFF, 0xED, 0xFF, 0xFF, 0x0D,
  0x00, 0xFF, 0xFF, 0xFF, 0xFF, 0xFF, 0x0D, 0x00, 0xE0, 0xFF, 0xFF, 0xE0, 0xFF, 0x0D, 0x00, 0x00,
  0xFF, 0xFF, 0xDF, 0x00, 0x00, 0xD0, 0xFF, 0xFF, 0xFF, 0xEF, 0x00, 0x00, 0xFF, 0xEF, 0xED, 0xFF,
  0xDF, 0x00, 0xFF, 0xDF, 0x00, 0x00, 0xFF, 0x0F, 0xF0, 0xFF, 0xDD, 0xDD, 0xFD, 0xFF, 0x00, 0xFF,
  0xFF, 0xFF, 0xFF, 0xFF, 0x0F, 0xF0, 0xFF, 0xFF, 0xFF, 0xFF, 0xFF, 0x00, 0xFF, 0x0F, 0x00, 0x00,
  0x00, 0x00, 0xF0, 0xFF, 0x0D, 0x00, 0xE0, 0x0E, 0x00, 0xF0, 0xFF, 0xDF, 0xFE, 0xFF, 0x0F, 0x00,
  0xFE, 0xFF, 0xFF, 0xFF, 0x0F, 0x00, 0x00, 0xF0, 0xFF, 0xFF, 0x0E, 0x00, 0x00, 0x00, 0xE0, 0xEE,
  0x00, 0x00, 0xFF, 0xFF, 0x0F, 0x00, 0xFD, 0xFF, 0xFF, 0x00, 0xF0, 0xFF, 0x0E, 0x00, 0x00, 0xFF,
  0xDF, 0x00, 0xF0, 0xFF, 0xFF, 0xFF, 0x0F, 0xFF, 0xFF, 0xFF, 0xFF, 0xD0, 0xFD, 0xFF, 0xDE, 0x0D,
  0x00, 0xFF, 0xDF, 0x00, 0x00, 0xF0, 0xFF, 0x0D, 0x00, 0x00, 0xFF, 0xDF, 0x00, 0x00, 0xF0, 0xFF,
  0x0D, 0x00, 0x00, 0xFF, 0xDF, 0x00, 0x00, 0xF0, 0xFF, 0x0D, 0x00, 0x00, 0xFF, 0xDF, 0x00, 0x00,
  0xF0, 0xFF, 0x0D, 0x00, 0x00, 0xFF, 0xDF, 0x00, 0x00, 0x00, 0xD0, 0xFF, 0xFF, 0xE0, 0xFF, 0x0D,
  0x00, 0xFE, 0xFF, 0xFF, 0xFF, 0xFF, 0x0D, 0xD0, 0xFF, 0xFF, 0xED, 0xFF, 0xFF, 0x0D, 0xF0, 0xFF,
  0x0E, 0x00, 0xF0, 0xFF, 0x0D, 0xF0, 0xFF, 0x00, 0x00, 0xF0, 0xFF, 0x0D, 0xF0, 0xFF, 0x00, 0x00,
  0xF0, 0xFF, 0x0D, 0xF0, 0xFF, 0x00, 0x00, 0xF0, 0xFF, 0x0D, 0xF0, 0xFF, 0x00, 0x00, 0xF0, 0xFF,
  0x0D, 0xF0, 0xFF, 0x0E, 0x00, 0xF0, 0xFF, 0x0D, 0xD0, 0xFF, 0xFF, 0xED, 0xFF, 0xFF, 0x0D, 0x00,
  0xFF, 0xFF, 0xFF, 0xFF, 0xFF, 0x0D, 0x00, 0xE0, 0xFF, 0xFF, 0xE0, 0xFF, 0x0D, 0x00, 0x00, 0x00,
  0x00, 0xF0, 0xFF, 0x00, 0xD0, 0xFF, 0xEF, 0xED, 0xFF, 0xFF, 0x00, 0x00, 0xFF, 0xFF, 0xFF, 0xFF,
  0x0F, 0x00, 0x00, 0xE0, 0xFF, 0xFF, 0xFF, 0x00, 0x00, 0xF0, 0xFF, 0x0D, 0x00, 0x00, 0x00, 0x00,
  0xFF, 0xDF, 0x00, 0x00, 0x00, 0x00, 0xF0, 0xFF, 0x0D, 0x00, 0x00, 0x00, 0x00, 0xFF, 0xDF, 0x00,
  0x00, 0x00, 0x00, 0xF0, 0xFF, 0xDD, 0xFF, 0xFF, 0x00, 0x00, 0xFF, 0xFF, 0xFF, 0xFF, 0xFF, 0x00,
  0xF0, 0xFF, 0xFF, 0xEE, 0xFF, 0xFF, 0x00, 0xFF, 0xFF, 0x00, 0x00, 0xFF, 0x0F, 0xF0, 0xFF, 0x0E,
  0x00, 0xF0, 0xFF, 0x00, 0xFF, 0xDF, 0x00, 0x00, 0xFF, 0x0F, 0xF0, 0xFF, 0x0D, 0x00, 0xF0, 0xFF,
  0x00, 0xFF, 0xDF, 0x00, 0x00, 0xFF, 0x0F, 0xF0, 0xFF, 0x0D, 0x00, 0xF0, 0xFF, 0x00, 0xFF, 0xDF,
  0x00, 0x00, 0xFF, 0x0F, 0xF0, 0xFF, 0x0D, 0x00, 0xF0, 0xFF, 0x00, 0xFF, 0xDF, 0x00, 0x00, 0xFF,
  0x0F, 0xD0, 0xFF, 0x00, 0xF0, 0xFF, 0x0E, 0xD0, 0xFF, 0x00, 0x00, 0x00, 0x00, 0x00, 0x00, 0x00,
  0xF0, 0xFF, 0x0D, 0xF0, 0xFF, 0x0D, 0xF0, 0xFF, 0x0D, 0xF0, 0xFF, 0x0D, 0xF0, 0xFF, 0x0D, 0xF0,
  0xFF, 0x0D, 0xF0, 0xFF, 0x0D, 0xF0, 0xFF, 0x0D, 0xF0, 0xFF, 0x0D, 0xF0, 0xFF, 0x0D, 0xF0, 0xFF,
  0x0D, 0xF0, 0xFF, 0x0D, 0x00, 0xFD, 0x0F, 0x00, 0xF0, 0xFF, 0x0E, 0x00, 0xFD, 0x0F, 0x00, 0x00,
  0x00, 0x00, 0x00, 0x00, 0x00, 0x00, 0xF0, 0xFF, 0x0D, 0x00, 0xFF, 0xDF, 0x00, 0xF0, 0xFF, 0x0D,
  0x00, 0xFF, 0xDF, 0x00, 0xF0, 0xFF, 0x0D, 0x00, 0xFF, 0xDF, 0x00, 0xF0, 0xFF, 0x0D, 0x00, 0xFF,
  0xDF, 0x00, 0xF0, 0xFF, 0x0D, 0x00, 0xFF, 0xDF, 0x00, 0xF0, 0xFF, 0x0D, 0x00, 0xFF, 0xDF, 0x00,
  0xF0, 0xFF, 0x0D, 0xE0, 0xFF, 0x0F, 0xE0, 0xFF, 0xFF, 0x00, 0xFE, 0xEF, 0x00, 0x00, 0xF0, 0xFF,
  0x0D, 0x00, 0x00, 0x00, 0x00, 0xFF, 0xDF, 0x00, 0x00, 0x00, 0x00, 0xF0, 0xFF, 0x0D, 0x00, 0x00,
  0x00, 0x00, 0xFF, 0xDF, 0x00, 0x00, 0x00, 0x00, 0xF0, 0xFF, 0x0D, 0x00, 0xFF, 0xFF, 0x00, 0xFF,
  0xDF, 0x00, 0xFF, 0xFF, 0x00, 0xF0, 0xFF, 0x0D, 0xFE, 0xFF, 0x00, 0x00, 0xFF, 0xDF, 0xFD, 0xFF,
  0x00, 0x00, 0xF0, 0xFF, 0xFE, 0xFF, 0x00, 0x00, 0x00, 0xFF, 0xFF, 0xFF, 0x0F, 0x00, 0x00, 0xF0,
  0xFF, 0xFF, 0xFF, 0x0E, 0x00, 0x00, 0xFF, 0xFF, 0xFD, 0xFF, 0x00, 0x00, 0xF0, 0xFF, 0x0D, 0xFF,
  0xFF, 0x00, 0x00, 0xFF, 0xDF, 0x00, 0xFF, 0xFF, 0x00, 0xF0, 0xFF, 0x0D, 0x00, 0xFF, 0xDF, 0x00,
  0xFF, 0xDF, 0x00, 0xE0, 0xFF, 0x0F, 0xF0, 0xFF, 0x0D, 0xF0, 0xFF, 0x0D, 0xF0, 0xFF, 0x0D, 0xF0,
  0xFF, 0x0D, 0xF0, 0xFF, 0x0D, 0xF0, 0xFF, 0x0D, 0xF0, 0xFF, 0x0D, 0xF0, 0xFF, 0x0D, 0xF0, 0xFF,
  0x0D, 0xF0, 0xFF, 0x0D, 0xF0, 0xFF, 0x0D, 0xF0, 0xFF, 0x0D, 0xF0, 0xFF, 0x0D, 0xF0, 0xFF, 0x0D,
  0xF0, 0xFF, 0x0D, 0xF0, 0xFF, 0x0D, 0xF0, 0xFF, 0xE0, 0xFF, 0xEF, 0x00, 0xFE, 0xFF, 0x0E, 0x00,
  0xF0, 0xFF, 0xFE, 0xFF, 0xFF, 0xFD, 0xFF, 0xFF, 0xFF, 0x00, 0xF0, 0xFF, 0xFF, 0xFD, 0xFF, 0xFF,
  0xDE, 0xFF, 0xFF, 0x00, 0xF0, 0xFF, 0x0F, 0x00, 0xFF, 0xFF, 0x00, 0xF0, 0xFF, 0x0D, 0xF0, 0xFF,
  0x0E, 0x00, 0xFE, 0xDF, 0x00, 0xE0, 0xFF, 0x0E, 0xF0, 0xFF, 0x0D, 0x00, 0xFE, 0xDF, 0x00, 0xE0,
  0xFF, 0x0E, 0xF0, 0xFF, 0x0D, 0x00, 0xFE, 0xDF, 0x00, 0xE0, 0xFF, 0x0E, 0xF0, 0xFF, 0x0D, 0x00,
  0xFE, 0xDF, 0x00, 0xE0, 0xFF, 0x0E, 0xF0, 0xFF, 0x0D, 0x00, 0xFE, 0xDF, 0x00, 0xE0, 0xFF, 0x0E,
  0xF0, 0xFF, 0x0D, 0x00, 0xFE, 0xDF, 0x00, 0xE0, 0xFF, 0x0E, 0xF0, 0xFF, 0x0D, 0x00, 0xFE, 0xDF,
  0x00, 0xE0, 0xFF, 0x0E, 0xF0, 0xFF, 0x0D, 0x00, 0xFE, 0xDF, 0x00, 0xE0, 0xFF, 0x0E, 0xF0, 0xFF,
  0xD0, 0xFF, 0xFF, 0x00, 0x00, 0xFF, 0xEF, 0xFF, 0xFF, 0xFF, 0x00, 0xF0, 0xFF, 0xFF, 0xEE, 0xFF,
  0xFF, 0x00, 0xFF, 0xFF, 0x00, 0x00, 0xFF, 0x0F, 0xF0, 0xFF, 0x0E, 0x00, 0xF0, 0xFF, 0x00, 0xFF,
  0xDF, 0x00, 0x00, 0xFF, 0x0F, 0xF0, 0xFF, 0x0D, 0x00, 0xF0, 0xFF, 0x00, 0xFF, 0xDF, 0x00, 0x00,
  0xFF, 0x0F, 0xF0, 0xFF, 0x0D, 0x00, 0xF0, 0xFF, 0x00, 0xFF, 0xDF, 0x00, 0x00, 0xFF, 0x0F, 0xF0,
  0xFF, 0x0D, 0x00, 0xF0, 0xFF, 0x00, 0xFF, 0xDF, 0x00, 0x00, 0xFF, 0x0F, 0x00, 0x00, 0xFF, 0xFF,
  0xEF, 0x00, 0x00, 0xD0, 0xFF, 0xFF, 0xFF, 0xFF, 0x00, 0x00, 0xFF, 0xFF, 0xED, 0xFF, 0xEF, 0x00,
  0xFF, 0xEF, 0x00, 0x00, 0xFF, 0x0F, 0xF0, 0xFF, 0x00, 0x00, 0xF0, 0xFF, 0x0D, 0xFF, 0x0F, 0x00,
  0x00, 0xFE, 0xEF, 0xF0, 0xFF, 0x00, 0x00, 0xE0, 0xFF, 0x0E, 0xFF, 0x0F, 0x00, 0x00, 0xFF, 0xDF,
  0xF0, 0xFF, 0x0E, 0x00, 0xF0, 0xFF, 0x00, 0xF0, 0xFF, 0xDF, 0xFE, 0xFF, 0x0E, 0x00, 0xFE, 0xFF,
  0xFF, 0xFF, 0x0F, 0x00, 0x00, 0xF0, 0xFF, 0xFF, 0x0E, 0x00, 0xF0, 0xFF, 0xDD, 0xFF, 0xFF, 0x0D,
  0x00, 0xF0, 0xFF, 0xFE, 0xFF, 0xFF, 0xDF, 0x00, 0xF0, 0xFF, 0xFF, 0xDE, 0xFF, 0xFF, 0x00, 0xF0,
  0xFF, 0x0F, 0x00, 0xF0, 0xFF, 0x0E, 0xF0, 0xFF, 0x0E, 0x00, 0xD0, 0xFF, 0x0F, 0xF0, 0xFF, 0x0D,
  0x00, 0x00, 0xFF, 0x0F, 0xF0, 0xFF, 0x0D, 0x00, 0x00, 0xFF, 0x0F, 0xF0, 0xFF, 0x0E, 0x00, 0xE0,
  0xFF, 0x0F, 0xF0, 0xFF, 0x0F, 0x00, 0xF0, 0xFF, 0x0E, 0xF0, 0xFF, 0xFF, 0xDE, 0xFF, 0xFF, 0x00,
  0xF0, 0xFF, 0xFF, 0xFF, 0xFF, 0xDF, 0x00, 0xF0, 0xFF, 0xDD, 0xFF, 0xFF, 0x00, 0x00, 0xF0, 0xFF,
  0x0D, 0x00, 0x00, 0x00, 0x00, 0xF0, 0xFF, 0x0D, 0x00, 0x00, 0x00, 0x00, 0xF0, 0xFF, 0x0D, 0x00,
  0x00, 0x00, 0x00, 0xF0, 0xFF, 0x0D, 0x00, 0x00, 0x00, 0x00, 0x00, 0xE0, 0xFF, 0xFF, 0xE0, 0xFF,
  0x0D, 0x00, 0xFF, 0xFF, 0xFF, 0xFF, 0xFF, 0x0D, 0xD0, 0xFF, 0xFF, 0xED, 0xFF, 0xFF, 0x0D, 0xF0,
  0xFF, 0x0E, 0x00, 0xF0, 0xFF, 0x0D, 0xF0, 0xFF, 0x00, 0x00, 0xF0, 0xFF, 0x0D, 0xF0, 0xFF, 0x00,
  0x00, 0xF0, 0xFF, 0x0D, 0xF0, 0xFF, 0x00, 0x00, 0xF0, 0xFF, 0x0D, 0xF0, 0xFF, 0x00, 0x00, 0xF0,
  0xFF, 0x0D, 0xF0, 0xFF, 0x0E, 0x00, 0xF0, 0xFF, 0x0D, 0xD0, 0xFF, 0xFF, 0xED, 0xFF, 0xFF, 0x0D,
  0x00, 0xFF, 0xFF, 0xFF, 0xFF, 0xFF, 0x0D, 0x00, 0xE0, 0xFF, 0xFF, 0xF0, 0xFF, 0x0D, 0x00, 0x00,
  0x00, 0x00, 0xF0, 0xFF, 0x0D, 0x00, 0x00, 0x00, 0x00, 0xF0, 0xFF, 0x0D, 0x00, 0x00, 0x00, 0x00,
  0xF0, 0xFF, 0x0D, 0x00, 0x00, 0x00, 0x00, 0xF0, 0xFF, 0x0D, 0x00, 0x00, 0x00, 0x00, 0x00, 0xFF,
  0xDF, 0xFE, 0xDF, 0xF0, 0xFF, 0xFF, 0xFF, 0x0D, 0xFF, 0xFF, 0xEF, 0x0D, 0xF0, 0xFF, 0x0F, 0x00,
  0x00, 0xFF, 0xEF, 0x00, 0x00, 0xF0, 0xFF, 0x0D, 0x00, 0x00, 0xFF, 0xDF, 0x00, 0x00, 0xF0, 0xFF,
  0x0D, 0x00, 0x00, 0xFF, 0xDF, 0x00, 0x00, 0xF0, 0xFF, 0x0D, 0x00, 0x00, 0xFF, 0xDF, 0x00, 0x00,
  0xF0, 0xFF, 0x0D, 0x00, 0x00, 0x00, 0xE0, 0xFF, 0xFF, 0x0F, 0x00, 0x00, 0xFF, 0xFF, 0xFF, 0xFF,
  0x00, 0xF0, 0xFF, 0xEF, 0xFD, 0xFF, 0x0F, 0xF0, 0xFF, 0x00, 0x00, 0xEE, 0x0D, 0xE0, 0xFF, 0xDF,
  0x00, 0x00, 0x00, 0x00, 0xFF, 0xFF, 0xFF, 0x0E, 0x00, 0x00, 0xD0, 0xFF, 0xFF, 0xFF, 0x0E, 0x00,
  0x00, 0x00, 0xE0, 0xFF, 0x0F, 0xE0, 0xFF, 0x00, 0x00, 0xFF, 0x0F, 0xF0, 0xFF, 0xEF, 0xFD, 0xFF,
  0x0F, 0x00, 0xFF, 0xFF, 0xFF, 0xFF, 0x0D, 0x00, 0xF0, 0xFF, 0xFF, 0x0F, 0x00, 0x00, 0xFF, 0x0F,
  0x00, 0x00, 0xFF, 0x0F, 0x00, 0x00, 0xFF, 0x0F, 0x00, 0xFF, 0xFF, 0xFF, 0x0F, 0xFF, 0xFF, 0xFF,
  0x0F, 0xD0, 0xFF, 0xDF, 0x0D, 0x00, 0xFF, 0x0F, 0x00, 0x00, 0xFF, 0x0F, 0x00, 0x00, 0xFF, 0x0F,
  0x00, 0x00, 0xFF, 0x0F, 0x00, 0x00, 0xFF, 0x0F, 0x00, 0x00, 0xFF, 0x0F, 0x00, 0x00, 0xFF, 0xEF,
  0x0D, 0x00, 0xFF, 0xFF, 0x0F, 0x00, 0xF0, 0xFF, 0xDF, 0xF0, 0xFF, 0x0D, 0x00, 0xF0, 0xFF, 0x00,
  0xFF, 0xDF, 0x00, 0x00, 0xFF, 0x0F, 0xF0, 0xFF, 0x0D, 0x00, 0xF0, 0xFF, 0x00, 0xFF, 0xDF, 0x00,
  0x00, 0xFF, 0x0F, 0xF0, 0xFF, 0x0D, 0x00, 0xF0, 0xFF, 0x00, 0xFF, 0xDF, 0x00, 0x00, 0xFF, 0x0F,
  0xF0, 0xFF, 0x0D, 0x00, 0xF0, 0xFF, 0x00, 0xFF, 0xEF, 0x00, 0x00, 0xFF, 0x0F, 0xE0, 0xFF, 0x0F,
  0x00, 0xFD, 0xFF, 0x00, 0xF0, 0xFF, 0xEF, 0xFF, 0xFF, 0x0F, 0x00, 0xFF, 0xFF, 0xFF, 0xFF, 0xFF,
  0x00, 0x00, 0xFE, 0xFF, 0x0F, 0xFF, 0x0F, 0xFE, 0xFF, 0x00, 0x00, 0xF0, 0xFF, 0x0D, 0xFF, 0x0F,
  0x00, 0x00, 0xFF, 0x0F, 0xF0, 0xFF, 0x0D, 0x00, 0xFD, 0xFF, 0x00, 0xFD, 0xFF, 0x00, 0xF0, 0xFF,
  0x0D, 0x00, 0xFF, 0x0F, 0x00, 0xFF, 0x0F, 0x00, 0xF0, 0xFF, 0x0D, 0xFD, 0xEF, 0x00, 0x00, 0xF0,
  0xFF, 0xF0, 0xFF, 0x00, 0x00, 0x00, 0xFF, 0x0F, 0xFF, 0x0F, 0x00, 0x00, 0xE0, 0xFF, 0xFE, 0xEF,
  0x00, 0x00, 0x00, 0xF0, 0xFF, 0xFF, 0x00, 0x00, 0x00, 0x00, 0xFF, 0xFF, 0x0F, 0x00, 0x00, 0x00,
  0xD0, 0xFF, 0xDF, 0x00, 0x00, 0xFE, 0xFF, 0x00, 0xD0, 0xFF, 0x0F, 0x00, 0xF0, 0xFF, 0xF0, 0xFF,
  0x00, 0xE0, 0xFF, 0x0F, 0x00, 0xFE, 0xFF, 0xF0, 0xFF, 0x00, 0xF0, 0xFF, 0xDF, 0x00, 0xFF, 0xDF,
  0xE0, 0xFF, 0x0D, 0xF0, 0xFF, 0xEF, 0x00, 0xFF, 0x0F, 0xD0, 0xFF, 0x0F, 0xFD, 0xFF, 0xFF, 0x00,
  0xFF, 0x0F, 0x00, 0xFF, 0x0F, 0xFE, 0xDF, 0xFF, 0xE0, 0xFF, 0x0E, 0x00, 0xFF, 0x0F, 0xFF, 0x0E,
  0xFF, 0xFD, 0xFF, 0x00, 0x00, 0xFD, 0xDF, 0xFF, 0x00, 0xFF, 0xFE, 0xFF, 0x00, 0x00, 0xF0, 0xFF,
  0xFF, 0x00, 0xFE, 0xFF, 0xEF, 0x00, 0x00, 0xF0, 0xFF, 0xFF, 0x00, 0xF0, 0xFF, 0x0F, 0x00, 0x00,
  0xE0, 0xFF, 0xDF, 0x00, 0xF0, 0xFF, 0x0F, 0x00, 0x00, 0x00, 0xFF, 0x0F, 0x00, 0xF0, 0xFF, 0x0F,
  0x00, 0xF0, 0xFF, 0x00, 0x00, 0xFF, 0xEF, 0x00, 0xFD, 0xFF, 0x00, 0xF0, 0xFF, 0x00, 0x00, 0xFF,
  0xDF, 0xF0, 0xFF, 0x0D, 0x00, 0x00, 0xFF, 0xDF, 0xFF, 0x0F, 0x00, 0x00, 0xE0, 0xFF, 0xFF, 0x0F,
  0x00, 0x00, 0x00, 0xF0, 0xFF, 0xDF, 0x00, 0x00, 0x00, 0x00, 0xFF, 0xFF, 0x0E, 0x00, 0x00, 0x00,
  0xFF, 0xFF, 0xFF, 0x00, 0x00, 0x00, 0xFD, 0xFF, 0xFD, 0xFF, 0x00, 0x00, 0xF0, 0xFF, 0x00, 0xFF,
  0xEF, 0x00, 0xE0, 0xFF, 0x0E, 0x00, 0xFF, 0x0F, 0x00, 0xFF, 0x0F, 0x00, 0xE0, 0xFF, 0x0F, 0xFE,
  0xFF, 0x00, 0x00, 0xF0, 0xFF, 0x0E, 0xFF, 0x0F, 0x00, 0x00, 0xFF, 0x0F, 0xF0, 0xFF, 0x0D, 0x00,
  0xFE, 0xFF, 0x00, 0xFD, 0xFF, 0x00, 0xF0, 0xFF, 0x00, 0x00, 0xFF, 0x0F, 0x00, 0xFF, 0x0F, 0x00,
  0xE0, 0xFF, 0x0D, 0xFE, 0xEF, 0x00, 0x00, 0xF0, 0xFF, 0xF0, 0xFF, 0x00, 0x00, 0x00, 0xFF, 0x0F,
  0xFF, 0x0F, 0x00, 0x00, 0xD0, 0xFF, 0xFF, 0x0F, 0x00, 0x00, 0x00, 0xF0, 0xFF, 0xFF, 0x00, 0x00,
  0x00, 0x00, 0xFF, 0xFF, 0x0E, 0x00, 0x00, 0x00, 0x00, 0xFF, 0x0F, 0x00, 0x00, 0x00, 0x00, 0xFD,
  0xFF, 0x00, 0x00, 0x00, 0xD0, 0xFD, 0xFF, 0x00, 0x00, 0x00, 0xD0, 0xFF, 0xFF, 0x0F, 0x00, 0x00,
  0x00, 0xFE, 0xFF, 0x0E, 0x00, 0x00, 0x00, 0xF0, 0xFF, 0xFF, 0xFF, 0xFF, 0x0F, 0xF0, 0xFF, 0xFF,
  0xFF, 0xFF, 0x0F, 0x00, 0xDD, 0xDD, 0xFD, 0xFF, 0x0E, 0x00, 0x00, 0x00, 0xFE, 0xFF, 0x00, 0x00,
  0x00, 0xD0, 0xFF, 0x0F, 0x00, 0x00, 0x00, 0xF0, 0xFF, 0x0D, 0x00, 0x00, 0x00, 0xFF, 0xEF, 0x00,
  0x00, 0x00, 0xF0, 0xFF, 0x0F, 0x00, 0x00, 0x00, 0xFD, 0xFF, 0x00, 0x00, 0x00, 0x00, 0xFF, 0xEF,
  0xDD, 0xDD, 0x0D, 0xF0, 0xFF, 0xFF, 0xFF, 0xFF, 0x0F, 0xF0, 0xFF, 0xFF, 0xFF, 0xFF, 0x0F, 0x00,
  0x00, 0x00, 0xED, 0x0E, 0x00, 0x00, 0xF0, 0xFF, 0x0F, 0x00, 0x00, 0xFF, 0xFF, 0x0F, 0x00, 0x00,
  0xFF, 0x0F, 0x00, 0x00, 0x00, 0xFF, 0x0F, 0x00, 0x00, 0x00, 0xFF, 0x0E, 0x00, 0x00, 0x00, 0xFF,
  0x0E, 0x00, 0x00, 0xD0, 0xFF, 0x0E, 0x00, 0x00, 0xF0, 0xFF, 0x0D, 0x00, 0xE0, 0xFF, 0xEF, 0x00,
  0x00, 0xE0, 0xFF, 0x0F, 0x00, 0x00, 0x00, 0xFE, 0xFF, 0x00, 0x00, 0x00, 0xD0, 0xFF, 0x0E, 0x00,
  0x00, 0x00, 0xFF, 0x0E, 0x00, 0x00, 0x00, 0xFF, 0x0E, 0x00, 0x00, 0x00, 0xFF, 0x0E, 0x00, 0x00,
  0x00, 0xFF, 0x0F, 0x00, 0x00, 0x00, 0xFF, 0xDF, 0x00, 0x00, 0x00, 0xFE, 0xFF, 0x0F, 0x00, 0x00,
  0xF0, 0xFF, 0x0F, 0x00, 0x00, 0x00, 0x00, 0x00, 0x00, 0xFE, 0xDF, 0x00, 0x00, 0xFE, 0xDF, 0x00,
  0x00, 0xFE, 0xDF, 0x00, 0x00, 0xFE, 0xDF, 0x00, 0x00, 0xFE, 0xDF, 0x00, 0x00, 0xFE, 0xDF, 0x00,
  0x00, 0xFE, 0xDF, 0x00, 0x00, 0xFE, 0xDF, 0x00, 0x00, 0xFE, 0xDF, 0x00, 0x00, 0xFE, 0xDF, 0x00,
  0x00, 0xFE, 0xDF, 0x00, 0x00, 0xFE, 0xDF, 0x00, 0x00, 0xFE, 0xDF, 0x00, 0x00, 0xFE, 0xDF, 0x00,
  0x00, 0xFE, 0xDF, 0x00, 0x00, 0xFE, 0xDF, 0x00, 0x00, 0xFE, 0xDF, 0x00, 0x00, 0xFE, 0xDF, 0x00,
  0x00, 0xFE, 0xDF, 0x00, 0x00, 0xFE, 0xDF, 0x00, 0x00, 0xFE, 0xDF, 0x00, 0x00, 0xFE, 0xDF, 0x00,
  0x00, 0xFE, 0xDF, 0x00, 0x00, 0xFE, 0xDF, 0x00, 0x00, 0xFE, 0xDF, 0x00, 0x00, 0xFE, 0xDF, 0x00,
  0xE0, 0xDE, 0x00, 0x00, 0x00, 0xF0, 0xFF, 0x0F, 0x00, 0x00, 0xF0, 0xFF, 0xFF, 0x00, 0x00, 0x00,
  0xF0, 0xFF, 0x00, 0x00, 0x00, 0xF0, 0xFF, 0x00, 0x00, 0x00, 0xE0, 0xFF, 0x00, 0x00, 0x00, 0xE0,
  0xFF, 0x00, 0x00, 0x00, 0xE0, 0xFF, 0x0D, 0x00, 0x00, 0xD0, 0xFF, 0x0F, 0x00, 0x00, 0x00, 0xFE,
  0xFF, 0x0E, 0x00, 0x00, 0xF0, 0xFF, 0x0E, 0x00, 0x00, 0xFF, 0xEF, 0x00, 0x00, 0xE0, 0xFF, 0x0D,
  0x00, 0x00, 0xE0, 0xFF, 0x00, 0x00, 0x00, 0xE0, 0xFF, 0x00, 0x00, 0x00, 0xE0, 0xFF, 0x00, 0x00,
  0x00, 0xF0, 0xFF, 0x00, 0x00, 0x00, 0xFD, 0xFF, 0x00, 0x00, 0xF0, 0xFF, 0xEF, 0x00, 0x00, 0xF0,
  0xFF, 0x0F, 0x00, 0x00, 0x00, 0x00, 0x00, 0x00, 0x00, 0x00, 0x00, 0xDD, 0x00, 0x00, 0x00, 0x00,
  0x00, 0xD0, 0xFF, 0xFF, 0x0E, 0xD0, 0xFF, 0x00, 0x00, 0xFF, 0xFF, 0xFF, 0xEF, 0xFF, 0x0F, 0x00,
  0xFD, 0xEF, 0xF0, 0xFF, 0xFF, 0xFF, 0x00, 0x00, 0xFF, 0x00, 0xD0, 0xFF, 0xEF, 0x00, 0x00, 0x00,
  0x00, 0x00, 0x00, 0x00, 0x00, 0x00, 0x00, 0x00, 0x00, 0x00, 0x00, 0x00, 0x00, 0x00, 0x00, 0x00,
  0x00, 0x00, 0x00, 0x00, 0x00, 0x00, 0x00, 0x00, 0x00, 0x00, 0x00, 0x00, 0x00,
};
static constexpr Font kCardHeading{kCardHeadingGlyphs, kCardHeadingBitmap, 22, 6, 28};
static constexpr Glyph kPageHeadingGlyphs[] = {
  {0, 7, 0, 0, 0, 7},
  {0, 9, 21, 0, -21, 9},
  {95, 15, 21, 0, -21, 15},
  {253, 18, 21, 0, -21, 18},
  {442, 18, 27, 0, -24, 18},
  {685, 28, 21, 0, -21, 28},
  {979, 19, 21, 0, -21, 19},
  {1179, 9, 21, 0, -21, 9},
  {1274, 11, 26, 0, -22, 11},
  {1417, 11, 26, 0, -22, 11},
  {1560, 16, 21, 0, -21, 16},
  {1728, 19, 16, 0, -16, 19},
  {1880, 9, 9, 0, -4, 9},
  {1921, 13, 11, 0, -11, 13},
  {1993, 9, 5, 0, -5, 9},
  {2016, 11, 25, 0, -22, 11},
  {2154, 19, 21, 0, -21, 19},
  {2354, 12, 21, 0, -21, 12},
  {2480, 18, 21, 0, -21, 18},
  {2669, 18, 21, 0, -21, 18},
  {2858, 19, 21, 0, -21, 19},
  {3058, 17, 21, 0, -21, 17},
  {3237, 18, 21, 0, -21, 18},
  {3426, 16, 21, 0, -21, 16},
  {3594, 18, 21, 0, -21, 18},
  {3783, 18, 21, 0, -21, 18},
  {3972, 9, 15, 0, -15, 9},
  {4040, 10, 20, 0, -15, 10},
  {4140, 19, 17, 0, -17, 19},
  {4302, 19, 14, 0, -14, 19},
  {4435, 19, 17, 0, -17, 19},
  {4597, 16, 21, 0, -21, 16},
  {4765, 28, 27, 0, -21, 28},
  {5143, 21, 21, 0, -21, 21},
  {5364, 19, 21, 0, -21, 19},
  {5564, 21, 21, 0, -21, 21},
  {5785, 20, 21, 0, -21, 20},
  {5995, 17, 21, 0, -21, 17},
  {6174, 16, 21, 0, -21, 16},
  {6342, 21, 21, 0, -21, 21},
  {6563, 21, 21, 0, -21, 21},
  {6784, 8, 21, 0, -21, 8},
  {6868, 16, 21, 0, -21, 16},
  {7036, 20, 21, 0, -21, 20},
  {7246, 16, 21, 0, -21, 16},
  {7414, 26, 21, 0, -21, 26},
  {7687, 21, 21, 0, -21, 21},
  {7908, 22, 21, 0, -21, 22},
  {8139, 18, 21, 0, -21, 18},
  {8328, 22, 23, 0, -21, 22},
  {8581, 18, 21, 0, -21, 18},
  {8770, 18, 21, 0, -21, 18},
  {8959, 19, 21, 0, -21, 19},
  {9159, 21, 21, 0, -21, 21},
  {9380, 21, 21, 0, -21, 21},
  {9601, 29, 21, 0, -21, 29},
  {9906, 21, 21, 0, -21, 21},
  {10127, 20, 21, 0, -21, 20},
  {10337, 19, 21, 0, -21, 19},
  {10537, 11, 27, 0, -23, 11},
  {10686, 11, 25, 0, -22, 11},
  {10824, 11, 27, 0, -23, 11},
  {10973, 14, 20, 0, -20, 14},
  {11113, 14, 4, 0, -1, 13},
  {11141, 10, 22, 0, -22, 10},
  {11251, 16, 16, 0, -16, 16},
  {11379, 18, 21, 0, -21, 18},
  {11568, 16, 16, 0, -16, 16},
  {11696, 18, 21, 0, -21, 18},
  {11885, 17, 16, 0, -16, 17},
  {12021, 11, 22, 0, -22, 11},
  {12142, 18, 22, 0, -16, 18},
  {12340, 17, 21, 0, -21, 17},
  {12519, 8, 22, 0, -22, 8},
  {12607, 9, 28, -1, -22, 8},
  {12733, 17, 21, 0, -21, 16},
  {12912, 8, 21, 0, -21, 8},
  {12996, 26, 16, 0, -16, 26},
  {13204, 17, 16, 0, -16, 17},
  {13340, 17, 16, 0, -16, 17},
  {13476, 18, 22, 0, -16, 18},
  {13674, 18, 22, 0, -16, 18},
  {13872, 11, 17, 0, -17, 11},
  {13966, 16, 16, 0, -16, 16},
  {14094, 10, 20, 0, -20, 10},
  {14194, 17, 16, 0, -16, 17},
  {14330, 17, 16, 0, -16, 17},
  {14466, 24, 16, 0, -16, 24},
  {14658, 16, 16, 0, -16, 16},
  {14786, 17, 22, 0, -16, 17},
  {14973, 16, 16, 0, -16, 16},
  {15101, 13, 27, 0, -23, 13},
  {15277, 10, 35, 0, -28, 10},
  {15452, 13, 27, 0, -23, 13},
  {15628, 19, 12, 0, -12, 19},
};
static constexpr uint8_t kPageHeadingBitmap[] = {
  0x00, 0xFE, 0xFF, 0x0F, 0x00, 0xE0, 0xFF, 0xFF, 0x00, 0x00, 0xFE, 0xFF, 0x0F, 0x00, 0xE0, 0xFF,
  0xFF, 0x00, 0x00, 0xFE, 0xFF, 0x0F, 0x00, 0xE0, 0xFF, 0xFF, 0x00, 0x00, 0xFE, 0xFF, 0x0F, 0x00,
  0xE0, 0xFF, 0xFF, 0x00, 0x00, 0xFD, 0xFF, 0x0F, 0x00, 0xD0, 0xFF, 0xFF, 0x00, 0x00, 0xFD, 0xFF,
  0x0F, 0x00, 0xD0, 0xFF, 0xFF, 0x00, 0x00, 0xFD, 0xFF, 0x0F, 0x00, 0xD0, 0xFF, 0xFF, 0x00, 0x00,
  0x00, 0x00, 0x00, 0x00, 0x00, 0x00, 0x00, 0x00, 0x00, 0xF0, 0xFF, 0x0D, 0x00, 0xE0, 0xFF, 0xFF,
  0x00, 0x00, 0xFF, 0xFF, 0x0F, 0x00, 0xE0, 0xFF, 0xFF, 0x00, 0x00, 0xF0, 0xFF, 0x0D, 0x00, 0x00,
  0xFD, 0xFF, 0x0F, 0xFD, 0xFF, 0x0F, 0x00, 0x00, 0xFF, 0xFF, 0xD0, 0xFF, 0xFF, 0x00, 0x00, 0xF0,
  0xFF, 0x0F, 0xF0, 0xFF, 0x0F, 0x00, 0x00, 0xFF, 0xFF, 0x00, 0xFF, 0xFF, 0x00, 0x00, 0xF0, 0xFF,
  0x0F, 0xF0, 0xFF, 0x0E, 0x00, 0x00, 0xFF, 0xEF, 0x00, 0xFF, 0xEF, 0x00, 0x00, 0xF0, 0xFF, 0x0E,
  0xF0, 0xFF, 0x0E, 0x00, 0x00, 0xFF, 0xEF, 0x00, 0xFF, 0xEF, 0x00, 0x00, 0xF0, 0xFF, 0x0E, 0xF0,
  0xFF, 0x0D, 0x00, 0x00, 0x00, 0x00, 0x00, 0x00, 0x00, 0x00, 0x00, 0x00, 0x00, 0x00, 0x00, 0x00,
  0x00, 0x00, 0x00, 0x00, 0x00, 0x00, 0x00, 0x00, 0x00, 0x00, 0x00, 0x00, 0x00, 0x00, 0x00, 0x00,
  0x00, 0x00, 0x00, 0x00, 0x00, 0x00, 0x00, 0x00, 0x00, 0x00, 0x00, 0x00, 0x00, 0x00, 0x00, 0x00,
  0x00, 0x00, 0x00, 0x00, 0x00, 0x00, 0x00, 0x00, 0x00, 0x00, 0x00, 0x00, 0x00, 0x00, 0x00, 0x00,
  0x00, 0x00, 0x00, 0x00, 0x00, 0x00, 0x00, 0x00, 0x00, 0x00, 0x00, 0x00, 0x00, 0x00, 0x00, 0x00,
  0x00, 0x00, 0x00, 0x00, 0x00, 0x00, 0x00, 0x00, 0x00, 0x00, 0x00, 0x00, 0x00, 0x00, 0x00, 0xE0,
  0xFF, 0x0F, 0x00, 0xFD, 0xFF, 0x00, 0x00, 0x00, 0xF0, 0xFF, 0x0E, 0x00, 0xFE, 0xFF, 0x00, 0x00,
  0x00, 0xF0, 0xFF, 0x0D, 0x00, 0xFF, 0xEF, 0x00, 0x00, 0x00, 0xF0, 0xFF, 0x00, 0x00, 0xFF, 0xDF,
  0x00, 0x00, 0x00, 0xF0, 0xFF, 0x00, 0x00, 0xFF, 0x0F, 0x00, 0x00, 0xFF, 0xFF, 0xFF, 0xFF, 0xFF,
  0xFF, 0xFF, 0xFF, 0xD0, 0xFF, 0xFF, 0xFF, 0xFF, 0xFF, 0xFF, 0xFF, 0xFF, 0xE0, 0xFF, 0xFF, 0xFF,
  0xFF, 0xFF, 0xFF, 0xFF, 0xEF, 0x00, 0xEE, 0xFF, 0xFF, 0xEE, 0xFE, 0xFF, 0xEF, 0x0E, 0x00, 0x00,
  0xFF, 0xDF, 0x00, 0xF0, 0xFF, 0x0E, 0x00, 0x00, 0x00, 0xFF, 0x0F, 0x00, 0xF0, 0xFF, 0x0D, 0x00,
  0x00, 0xD0, 0xFF, 0x0F, 0x00, 0xF0, 0xFF, 0x00, 0x00, 0xE0, 0xFE, 0xFF, 0xEF, 0xEE, 0xFE, 0xFF,
  0xEE, 0x0D, 0xFD, 0xFF, 0xFF, 0xFF, 0xFF, 0xFF, 0xFF, 0xFF, 0x0F, 0xFE, 0xFF, 0xFF, 0xFF, 0xFF,
  0xFF, 0xFF, 0xFF, 0x0E, 0xFF, 0xFF, 0xFF, 0xFF, 0xFF, 0xFF, 0xFF, 0xFF, 0x0D, 0x00, 0xF0, 0xFF,
  0x00, 0x00, 0xFF, 0xDF, 0x00, 0x00, 0x00, 0xF0, 0xFF, 0x00, 0x00, 0xFF, 0x0F, 0x00, 0x00, 0x00,
  0xFD, 0xFF, 0x00, 0x00, 0xFF, 0x0F, 0x00, 0x00, 0x00, 0xFE, 0xFF, 0x00, 0xE0, 0xFF, 0x0F, 0x00,
  0x00, 0x00, 0xFF, 0xEF, 0x00, 0xE0, 0xFF, 0x0F, 0x00, 0x00, 0x00, 0x00, 0x00, 0x00, 0xFF, 0x00,
  0x00, 0x00, 0x00, 0x00, 0x00, 0x00, 0x00, 0xFF, 0x00, 0x00, 0x00, 0x00, 0x00, 0x00, 0x00, 0x00,
  0xFF, 0x00, 0x00, 0x00, 0x00, 0x00, 0x00, 0xD0, 0xFF, 0xFF, 0xFF, 0xDF, 0x00, 0x00, 0x00, 0x00,
  0xFF, 0xFF, 0xFF, 0xFF, 0xFF, 0x0F, 0x00, 0x00, 0xF0, 0xFF, 0xFF, 0xFF, 0xFF, 0xFF, 0xFF, 0x00,
  0x00, 0xFF, 0xFF, 0xFF, 0xFF, 0xFF, 0xFF, 0xFF, 0x0D, 0x00, 0xFF, 0xFF, 0x0F, 0xFF, 0x00, 0xFF,
  0xFF, 0x0F, 0xD0, 0xFF, 0xFF, 0x00, 0xFF, 0x00, 0xFD, 0xFF, 0x0F, 0xD0, 0xFF, 0xFF, 0x00, 0xFF,
  0x00, 0x00, 0x00, 0x00, 0x00, 0xFF, 0xFF, 0x0F, 0xFF, 0x00, 0x00, 0x00, 0x00, 0x00, 0xFF, 0xFF,
  0xFF, 0xFF, 0x0D, 0x00, 0x00, 0x00, 0x00, 0xF0, 0xFF, 0xFF, 0xFF, 0xFF, 0x0F, 0x00, 0x00, 0x00,
  0x00, 0xFF, 0xFF, 0xFF, 0xFF, 0xFF, 0x0F, 0x00, 0x00, 0x00, 0xD0, 0xFF, 0xFF, 0xFF, 0xFF, 0xFF,
  0x00, 0x00, 0x00, 0x00, 0x00, 0xFF, 0xFF, 0xFF, 0xFF, 0x0F, 0x00, 0x00, 0x00, 0x00, 0xFF, 0x00,
  0xFF, 0xFF, 0x0F, 0xE0, 0xFF, 0x0F, 0x00, 0xFF, 0x00, 0xF0, 0xFF, 0x0F, 0xF0, 0xFF, 0xEF, 0x00,
  0xFF, 0x00, 0xF0, 0xFF, 0x0F, 0xF0, 0xFF, 0xFF, 0x0D, 0xFF, 0x00, 0xFF, 0xFF, 0x0F, 0x00, 0xFF,
  0xFF, 0xFF, 0xFF, 0xFF, 0xFF, 0xFF, 0x0F, 0x00, 0xFF, 0xFF, 0xFF, 0xFF, 0xFF, 0xFF, 0xFF, 0x00,
  0x00, 0xE0, 0xFF, 0xFF, 0xFF, 0xFF, 0xFF, 0xDF, 0x00, 0x00, 0x00, 0xF0, 0xFF, 0xFF, 0xFF, 0xEF,
  0x00, 0x00, 0x00, 0x00, 0x00, 0x00, 0xFF, 0x00, 0x00, 0x00, 0x00, 0x00, 0x00, 0x00, 0x00, 0xFF,
  0x00, 0x00, 0x00, 0x00, 0x00, 0x00, 0x00, 0x00, 0xFF, 0x00, 0x00, 0x00, 0x00, 0x00, 0x00, 0xFD,
  0xFF, 0xDF, 0x00, 0x00, 0x00, 0x00, 0xF0, 0xFF, 0x0D, 0x00, 0x00, 0x00, 0xE0, 0xFF, 0xFF, 0xFF,
  0x0E, 0x00, 0x00, 0x00, 0xFD, 0xFF, 0x00, 0x00, 0x00, 0x00, 0xF0, 0xFF, 0xFF, 0xFF, 0x0F, 0x00,
  0x00, 0x00, 0xFF, 0x0F, 0x00, 0x00, 0x00, 0x00, 0xFE, 0xFF, 0x00, 0xFF, 0xEF, 0x00, 0x00, 0xF0,
  0xFF, 0x0D, 0x00, 0x00, 0x00, 0x00, 0xFE, 0xEF, 0x00, 0xFE, 0xEF, 0x00, 0x00, 0xFD, 0xFF, 0x00,
  0x00, 0x00, 0x00, 0x00, 0xFE, 0xEF, 0x00, 0xFE, 0xEF, 0x00, 0x00, 0xFF, 0x0F, 0x00, 0x00, 0x00,
  0x00, 0x00, 0xFE, 0xFF, 0x00, 0xFF, 0xDF, 0x00, 0xF0, 0xFF, 0x0D, 0x00, 0x00, 0x00, 0x00, 0x00,
  0xF0, 0xFF, 0xFF, 0xFF, 0x0F, 0x00, 0xFD, 0xFF, 0x00, 0x00, 0x00, 0x00, 0x00, 0x00, 0xE0, 0xFF,
  0xFF, 0xFF, 0x0D, 0x00, 0xFF, 0x0F, 0x00, 0x00, 0x00, 0x00, 0x00, 0x00, 0x00, 0xFD, 0xFF, 0x0F,
  0x00, 0xF0, 0xFF, 0x0D, 0x00, 0x00, 0x00, 0x00, 0x00, 0x00, 0x00, 0x00, 0x00, 0x00, 0x00, 0xFD,
  0xFF, 0x00, 0xE0, 0xFF, 0xEF, 0x00, 0x00, 0x00, 0x00, 0x00, 0x00, 0x00, 0x00, 0xFF, 0x0F, 0x00,
  0xFF, 0xFF, 0xFF, 0x0F, 0x00, 0x00, 0x00, 0x00, 0x00, 0x00, 0xF0, 0xFF, 0x0D, 0xE0, 0xFF, 0xFF,
  0xFF, 0xDF, 0x00, 0x00, 0x00, 0x00, 0x00, 0x00, 0xFD, 0xFF, 0x00, 0xF0, 0xFF, 0x0E, 0xFF, 0xFF,
  0x00, 0x00, 0x00, 0x00, 0x00, 0x00, 0xFF, 0x0F, 0x00, 0xF0, 0xFF, 0x00, 0xF0, 0xFF, 0x00, 0x00,
  0x00, 0x00, 0x00, 0xF0, 0xFF, 0x0D, 0x00, 0xF0, 0xFF, 0x00, 0xF0, 0xFF, 0x00, 0x00, 0x00, 0x00,
  0x00, 0xFD, 0xFF, 0x00, 0x00, 0xF0, 0xFF, 0x00, 0xF0, 0xFF, 0x00, 0x00, 0x00, 0x00, 0x00, 0xFF,
  0x0F, 0x00, 0x00, 0xF0, 0xFF, 0x0D, 0xFE, 0xFF, 0x00, 0x00, 0x00, 0x00, 0xF0, 0xFF, 0x0D, 0x00,
  0x00, 0xE0, 0xFF, 0xFF, 0xFF, 0xEF, 0x00, 0x00, 0x00, 0x00, 0xFD, 0xFF, 0x00, 0x00, 0x00, 0x00,
  0xFF, 0xFF, 0xFF, 0x0F, 0x00, 0x00, 0x00, 0x00, 0xFF, 0x0F, 0x00, 0x00, 0x00, 0x00, 0xF0, 0xFF,
  0xFF, 0x00, 0x00, 0x00, 0x00, 0xD0, 0xFF, 0xFF, 0x0F, 0x00, 0x00, 0x00, 0x00, 0x00, 0xE0, 0xFF,
  0xFF, 0xFF, 0xDF, 0x00, 0x00, 0x00, 0x00, 0xD0, 0xFF, 0xFF, 0xFF, 0xFF, 0x0F, 0x00, 0x00, 0x00,
  0x00, 0xFF, 0xFF, 0xEF, 0xFF, 0xFF, 0x0E, 0x00, 0x00, 0x00, 0xF0, 0xFF, 0x0F, 0x00, 0xFF, 0xFF,
  0x00, 0x00, 0x00, 0x00, 0xFF, 0xEF, 0x00, 0xF0, 0xFF, 0x0F, 0x00, 0x00, 0x00, 0xF0, 0xFF, 0x0F,
  0xE0, 0xFF, 0xEF, 0x00, 0x00, 0x00, 0x00, 0xFF, 0xFF, 0xFE, 0xFF, 0xFF, 0x00, 0x00, 0x00, 0x00,
  0xD0, 0xFF, 0xFF, 0xFF, 0xFF, 0x0D, 0x00, 0x00, 0x00, 0x00, 0xF0, 0xFF, 0xFF, 0xFF, 0x0D, 0x00,
  0x00, 0x00, 0x00, 0x00, 0xFF, 0xFF, 0xFF, 0x00, 0x00, 0x00, 0x00, 0x00, 0x00, 0xFF, 0xFF, 0xFF,
  0xFF, 0x00, 0xF0, 0xFF, 0x0E, 0x00, 0xFF, 0xFF, 0xFF, 0xFF, 0xEF, 0x00, 0xFF, 0xEF, 0x00, 0xFF,
  0xFF, 0x0F, 0xFD, 0xFF, 0xEF, 0xFE, 0xFF, 0x0D, 0xF0, 0xFF, 0xDF, 0x00, 0xFD, 0xFF, 0xFF, 0xFF,
  0x0F, 0x00, 0xFF, 0xFF, 0x00, 0x00, 0xFE, 0xFF, 0xFF, 0xFF, 0x00, 0xF0, 0xFF, 0xFF, 0x00, 0x00,
  0xFE, 0xFF, 0xFF, 0x00, 0x00, 0xFE, 0xFF, 0xFF, 0xEE, 0xFF, 0xFF, 0xFF, 0x0F, 0x00, 0x00, 0xFF,
  0xFF, 0xFF, 0xFF, 0xFF, 0xFF, 0xFF, 0x0F, 0x00, 0x00, 0xFF, 0xFF, 0xFF, 0xFF, 0xFF, 0xFF, 0xFF,
  0x0E, 0x00, 0x00, 0xFE, 0xFF, 0xFF, 0xEF, 0x00, 0xFF, 0xFF, 0x0D, 0x00, 0xFD, 0xFF, 0x0F, 0x00,
  0x00, 0xFF, 0xFF, 0x00, 0x00, 0xF0, 0xFF, 0x0F, 0x00, 0x00, 0xFF, 0xFF, 0x00, 0x00, 0xF0, 0xFF,
  0x0F, 0x00, 0x00, 0xFF, 0xEF, 0x00, 0x00, 0xF0, 0xFF, 0x0E, 0x00, 0x00, 0xFF, 0xEF, 0x00, 0x00,
  0xF0, 0xFF, 0x0E, 0x00, 0x00, 0x00, 0x00, 0x00, 0x00, 0x00, 0x00, 0x00, 0x00, 0x00, 0x00, 0x00,
  0x00, 0x00, 0x00, 0x00, 0x00, 0x00, 0x00, 0x00, 0x00, 0x00, 0x00, 0x00, 0x00, 0x00, 0x00, 0x00,
  0x00, 0x00, 0x00, 0x00, 0x00, 0x00, 0x00, 0x00, 0x00, 0x00, 0x00, 0x00, 0x00, 0x00, 0x00, 0x00,
  0x00, 0x00, 0x00, 0x00, 0x00, 0x00, 0x00, 0x00, 0x00, 0x00, 0x00, 0x00, 0xE0, 0xFF, 0xEF, 0x00,
  0x00, 0x00, 0xFF, 0xFF, 0x00, 0x00, 0x00, 0xFE, 0xFF, 0x0F, 0x00, 0x00, 0xF0, 0xFF, 0xDF, 0x00,
  0x00, 0x00, 0xFF, 0xFF, 0x00, 0x00, 0x00, 0xFE, 0xFF, 0x0F, 0x00, 0x00, 0xF0, 0xFF, 0xEF, 0x00,
  0x00, 0x00, 0xFF, 0xFF, 0x0D, 0x00, 0x00, 0xF0, 0xFF, 0x0F, 0x00, 0x00, 0xE0, 0xFF, 0xFF, 0x00,
  0x00, 0x00, 0xFE, 0xFF, 0x0F, 0x00, 0x00, 0xF0, 0xFF, 0xFF, 0x00, 0x00, 0x00, 0xFF, 0xFF, 0x0F,
  0x00, 0x00, 0xF0, 0xFF, 0xFF, 0x00, 0x00, 0x00, 0xFF, 0xFF, 0x0F, 0x00, 0x00, 0xF0, 0xFF, 0xFF,
  0x00, 0x00, 0x00, 0xFE, 0xFF, 0x0F, 0x00, 0x00, 0xE0, 0xFF, 0xFF, 0x00, 0x00, 0x00, 0xF0, 0xFF,
  0x0F, 0x00, 0x00, 0x00, 0xFF, 0xFF, 0x0D, 0x00, 0x00, 0xF0, 0xFF, 0xFF, 0x00, 0x00, 0x00, 0xFD,
  0xFF, 0x0F, 0x00, 0x00, 0x00, 0xFF, 0xFF, 0x0D, 0x00, 0x00, 0xE0, 0xFF, 0xFF, 0x00, 0x00, 0x00,
  0xF0, 0xFF, 0x0F, 0x00, 0x00, 0x00, 0xFE, 0xFF, 0x0E, 0xF0, 0xFF, 0x0F, 0x00, 0x00, 0x00, 0xFE,
  0xFF, 0x0F, 0x00, 0x00, 0x00, 0xFF, 0xFF, 0x00, 0x00, 0x00, 0xF0, 0xFF, 0xEF, 0x00, 0x00, 0x00,
  0xFE, 0xFF, 0x0F, 0x00, 0x00, 0x00, 0xFF, 0xFF, 0x00, 0x00, 0x00, 0xF0, 0xFF, 0xDF, 0x00, 0x00,
  0x00, 0xFF, 0xFF, 0x0F, 0x00, 0x00, 0xE0, 0xFF, 0xFF, 0x00, 0x00, 0x00, 0xFD, 0xFF, 0x0F, 0x00,
  0x00, 0x00, 0xFF, 0xFF, 0x00, 0x00, 0x00, 0xF0, 0xFF, 0x0F, 0x00, 0x00, 0x00, 0xFF, 0xFF, 0x0D,
  0x00, 0x00, 0xF0, 0xFF, 0xDF, 0x00, 0x00, 0x00, 0xFF, 0xFF, 0x00, 0x00, 0x00, 0xF0, 0xFF, 0x0F,
  0x00, 0x00, 0x00, 0xFF, 0xFF, 0x00, 0x00, 0x00, 0xFD, 0xFF, 0x0F, 0x00, 0x00, 0xF0, 0xFF, 0xFF,
  0x00, 0x00, 0x00, 0xFF, 0xFF, 0x0E, 0x00, 0x00, 0xF0, 0xFF, 0x0F, 0x00, 0x00, 0xE0, 0xFF, 0xFF,
  0x00, 0x00, 0x00, 0xFF, 0xFF, 0x0E, 0x00, 0x00, 0xF0, 0xFF, 0x0F, 0x00, 0x00, 0xE0, 0xFF, 0xEF,
  0x00, 0x00, 0x00, 0xFF, 0xFF, 0x00, 0x00, 0x00, 0x00, 0x00, 0x00, 0xFE, 0x0F, 0x00, 0x00, 0x00,
  0x00, 0x00, 0x00, 0xFE, 0x0F, 0x00, 0x00, 0x00, 0x00, 0xF0, 0x0E, 0xFE, 0x0F, 0xF0, 0x0E, 0x00,
  0x00, 0xFE, 0xFF, 0xFE, 0xDF, 0xFF, 0x0F, 0x00, 0x00, 0xFE, 0xFF, 0xFF, 0xFF, 0xFF, 0x0F, 0x00,
  0x00, 0x00, 0xFF, 0xFF, 0xFF, 0xEF, 0x00, 0x00, 0x00, 0x00, 0xFD, 0xFF, 0xFF, 0x0F, 0x00, 0x00,
  0x00, 0xFD, 0xFF, 0xFF, 0xFF, 0xFF, 0x0F, 0x00, 0x00, 0xFE, 0xFF, 0xFE, 0xEF, 0xFF, 0x0F, 0x00,
  0x00, 0xF0, 0x0F, 0xFE, 0x0F, 0xF0, 0x0F, 0x00, 0x00, 0x00, 0x00, 0xFE, 0x0F, 0x00, 0x00, 0x00,
  0x00, 0x00, 0x00, 0xFE, 0x0F, 0x00, 0x00, 0x00, 0x00, 0x00, 0x00, 0x00, 0x00, 0x00, 0x00, 0x00,
  0x00, 0x00, 0x00, 0x00, 0x00, 0x00, 0x00, 0x00, 0x00, 0x00, 0x00, 0x00, 0x00, 0x00, 0x00, 0x00,
  0x00, 0x00, 0x00, 0x00, 0x00, 0x00, 0x00, 0x00, 0x00, 0x00, 0x00, 0x00, 0x00, 0x00, 0x00, 0x00,
  0x00, 0x00, 0x00, 0x00, 0x00, 0x00, 0x00, 0x00, 0x00, 0x00, 0x00, 0x00, 0x00, 0x00, 0x00, 0x00,
  0x00, 0x00, 0x00, 0x00, 0x00, 0x00, 0x00, 0x00, 0x00, 0x00, 0x00, 0x00, 0x00, 0x00, 0x00, 0x00,
  0x00, 0x00, 0x00, 0xD0, 0xFF, 0xDF, 0x00, 0x00, 0x00, 0x00, 0x00, 0x00, 0x00, 0xFD, 0xFF, 0x0D,
  0x00, 0x00, 0x00, 0x00, 0x00, 0x00, 0xD0, 0xFF, 0xDF, 0x00, 0x00, 0x00, 0x00, 0x00, 0x00, 0x00,
  0xFD, 0xFF, 0x0D, 0x00, 0x00, 0x00, 0x00, 0x00, 0x00, 0xD0, 0xFF, 0xDF, 0x00, 0x00, 0x00, 0x00,
  0x00, 0x00, 0x00, 0xFD, 0xFF, 0x0D, 0x00, 0x00, 0x00, 0x00, 0xFF, 0xFF, 0xFF, 0xFF, 0xFF, 0xFF,
  0xFF, 0x0F, 0x00, 0xF0, 0xFF, 0xFF, 0xFF, 0xFF, 0xFF, 0xFF, 0xFF, 0x00, 0x00, 0xFF, 0xFF, 0xFF,
  0xFF, 0xFF, 0xFF, 0xFF, 0x0F, 0x00, 0x00, 0xEE, 0xEE, 0xFE, 0xFF, 0xEE, 0xEE, 0x0E, 0x00, 0x00,
  0x00, 0x00, 0xD0, 0xFF, 0xDF, 0x00, 0x00, 0x00, 0x00, 0x00, 0x00, 0x00, 0xFD, 0xFF, 0x0D, 0x00,
  0x00, 0x00, 0x00, 0x00, 0x00, 0xD0, 0xFF, 0xDF, 0x00, 0x00, 0x00, 0x00, 0x00, 0x00, 0x00, 0xFD,
  0xFF, 0x0D, 0x00, 0x00, 0x00, 0x00, 0x00, 0x00, 0xD0, 0xFF, 0xDF, 0x00, 0x00, 0x00, 0x00, 0x00,
  0x00, 0x00, 0x00, 0x00, 0x00, 0x00, 0x00, 0x00, 0x00, 0xFD, 0xFF, 0x0F, 0x00, 0xE0, 0xFF, 0xFF,
  0x00, 0x00, 0xFF, 0xFF, 0x0D, 0x00, 0xF0, 0xFF, 0x0F, 0x00, 0x00, 0xFF, 0xFF, 0x00, 0x00, 0xF0,
  0xFF, 0x0E, 0x00, 0x00, 0xFF, 0x0F, 0x00, 0x00, 0xF0, 0xFF, 0x00, 0x00, 0xD0, 0xFF, 0x0F, 0x00,
  0x00, 0x00, 0xEE, 0xEE, 0xEE, 0xEE, 0x0E, 0x00, 0xF0, 0xFF, 0xFF, 0xFF, 0xFF, 0x0D, 0x00, 0xFF,
  0xFF, 0xFF, 0xFF, 0xDF, 0x00, 0xF0, 0xFF, 0xFF, 0xFF, 0xFF, 0x0D, 0x00, 0x00, 0x00, 0x00, 0x00,
  0x00, 0x00, 0x00, 0x00, 0x00, 0x00, 0x00, 0x00, 0x00, 0x00, 0x00, 0x00, 0x00, 0x00, 0x00, 0x00,
  0x00, 0x00, 0x00, 0x00, 0x00, 0x00, 0x00, 0x00, 0x00, 0x00, 0x00, 0x00, 0x00, 0x00, 0x00, 0x00,
  0x00, 0x00, 0x00, 0x00, 0x00, 0x00, 0x00, 0x00, 0x00, 0x00, 0xF0, 0xFF, 0x00, 0x00, 0xE0, 0xFF,
  0xFF, 0x00, 0x00, 0xFF, 0xFF, 0x0F, 0x00, 0xE0, 0xFF, 0xFF, 0x00, 0x00, 0xF0, 0xFF, 0x00, 0x00,
  0x00, 0x00, 0x00, 0xF0, 0xFF, 0x0E, 0x00, 0x00, 0xE0, 0xFF, 0x0F, 0x00, 0x00, 0x00, 0xFF, 0xFF,
  0x00, 0x00, 0x00, 0xF0, 0xFF, 0x0F, 0x00, 0x00, 0xD0, 0xFF, 0xEF, 0x00, 0x00, 0x00, 0xFE, 0xFF,
  0x00, 0x00, 0x00, 0xF0, 0xFF, 0x0F, 0x00, 0x00, 0x00, 0xFF, 0xFF, 0x00, 0x00, 0x00, 0xFD, 0xFF,
  0x0D, 0x00, 0x00, 0xF0, 0xFF, 0x0F, 0x00, 0x00, 0x00, 0xFF, 0xFF, 0x00, 0x00, 0x00, 0xF0, 0xFF,
  0x0E, 0x00, 0x00, 0xE0, 0xFF, 0xDF, 0x00, 0x00, 0x00, 0xFF, 0xFF, 0x00, 0x00, 0x00, 0xF0, 0xFF,
  0x0F, 0x00, 0x00, 0x00, 0xFF, 0xEF, 0x00, 0x00, 0x00, 0xFE, 0xFF, 0x00, 0x00, 0x00, 0xF0, 0xFF,
  0x0F, 0x00, 0x00, 0x00, 0xFF, 0xFF, 0x00, 0x00, 0x00, 0xF0, 0xFF, 0x0E, 0x00, 0x00, 0xE0, 0xFF,
  0x0F, 0x00, 0x00, 0x00, 0xFF, 0xFF, 0x00, 0x00, 0x00, 0xF0, 0xFF, 0x0F, 0x00, 0x00, 0xD0, 0xFF,
  0xEF, 0x00, 0x00, 0x00, 0xFE, 0xFF, 0x00, 0x00, 0x00, 0x00, 0x00, 0x00, 0x00, 0xFE, 0xFF, 0xFF,
  0x0E, 0x00, 0x00, 0x00, 0x00, 0xD0, 0xFF, 0xFF, 0xFF, 0xFF, 0xDF, 0x00, 0x00, 0x00, 0xD0, 0xFF,
  0xFF, 0xFF, 0xFF, 0xFF, 0xDF, 0x00, 0x00, 0x00, 0xFF, 0xFF, 0xFF, 0xFE, 0xFF, 0xFF, 0x0F, 0x00,
  0x00, 0xFF, 0xFF, 0x0F, 0x00, 0xD0, 0xFF, 0xFF, 0x0E, 0x00, 0xF0, 0xFF, 0xEF, 0x00, 0x00, 0xF0,
  0xFF, 0xFF, 0x00, 0xD0, 0xFF, 0xFF, 0x00, 0x00, 0x00, 0xF0, 0xFF, 0x0F, 0x00, 0xFE, 0xFF, 0x0F,
  0x00, 0x00, 0x00, 0xFF, 0xFF, 0x0E, 0xF0, 0xFF, 0xFF, 0x00, 0x00, 0x00, 0xF0, 0xFF, 0xEF, 0x00,
  0xFF, 0xFF, 0x0F, 0x00, 0x00, 0x00, 0xFF, 0xFF, 0x0F, 0xF0, 0xFF, 0xFF, 0x00, 0x00, 0x00, 0xF0,
  0xFF, 0xFF, 0x00, 0xFF, 0xFF, 0x0F, 0x00, 0x00, 0x00, 0xFF, 0xFF, 0x0F, 0xF0, 0xFF, 0xFF, 0x00,
  0x00, 0x00, 0xF0, 0xFF, 0xEF, 0x00, 0xFE, 0xFF, 0x0F, 0x00, 0x00, 0x00, 0xFF, 0xFF, 0x0E, 0xD0,
  0xFF, 0xFF, 0x00, 0x00, 0x00, 0xF0, 0xFF, 0x0F, 0x00, 0xF0, 0xFF, 0xEF, 0x00, 0x00, 0xF0, 0xFF,
  0xFF, 0x00, 0x00, 0xFF, 0xFF, 0x0F, 0x00, 0xD0, 0xFF, 0xFF, 0x0E, 0x00, 0x00, 0xFF, 0xFF, 0xEF,
  0xFE, 0xFF, 0xFF, 0x0F, 0x00, 0x00, 0xE0, 0xFF, 0xFF, 0xFF, 0xFF, 0xFF, 0xDF, 0x00, 0x00, 0x00,
  0xE0, 0xFF, 0xFF, 0xFF, 0xFF, 0xDF, 0x00, 0x00, 0x00, 0x00, 0x00, 0xFE, 0xFF, 0xFF, 0x0E, 0x00,
  0x00, 0x00, 0x00, 0x00, 0xF0, 0xFF, 0xFF, 0x0D, 0x00, 0xD0, 0xFF, 0xFF, 0xFF, 0x0D, 0x00, 0xFE,
  0xFF, 0xFF, 0xFF, 0x0D, 0xF0, 0xFF, 0xFF, 0xFF, 0xFF, 0x0D, 0xF0, 0xFF, 0xEF, 0xFF, 0xFF, 0x0D,
  0xF0, 0xFF, 0x00, 0xFF, 0xFF, 0x0D, 0xF0, 0x0E, 0x00, 0xFF, 0xFF, 0x0D, 0x00, 0x00, 0x00, 0xFF,
  0xFF, 0x0D, 0x00, 0x00, 0x00, 0xFF, 0xFF, 0x0D, 0x00, 0x00, 0x00, 0xFF, 0xFF, 0x0D, 0x00, 0x00,
  0x00, 0xFF, 0xFF, 0x0D, 0x00, 0x00, 0x00, 0xFF, 0xFF, 0x0D, 0x00, 0x00, 0x00, 0xFF, 0xFF, 0x0D,
  0x00, 0x00, 0x00, 0xFF, 0xFF, 0x0D, 0x00, 0x00, 0x00, 0xFF, 0xFF, 0x0D, 0x00, 0x00, 0x00, 0xFF,
  0xFF, 0x0D, 0x00, 0x00, 0x00, 0xFF, 0xFF, 0x0D, 0x00, 0x00, 0x00, 0xFF, 0xFF, 0x0D, 0x00, 0x00,
  0x00, 0xFF, 0xFF, 0x0D, 0x00, 0x00, 0x00, 0xFF, 0xFF, 0x0D, 0x00, 0x00, 0x00, 0xFF, 0xFF, 0x0D,
  0x00, 0x00, 0xE0, 0xFF, 0xFF, 0xFF, 0x00, 0x00, 0x00, 0x00, 0xD0, 0xFF, 0xFF, 0xFF, 0xFF, 0xEF,
  0x00, 0x00, 0x00, 0xF0, 0xFF, 0xFF, 0xFF, 0xFF, 0xFF, 0x0F, 0x00, 0x00, 0xFF, 0xFF, 0xFF, 0xEE,
  0xFF, 0xFF, 0x0F, 0x00, 0x00, 0xFF, 0xFF, 0x0D, 0x00, 0xF0, 0xFF, 0xFF, 0x00, 0xE0, 0xFF, 0xFF,
  0x00, 0x00, 0xE0, 0xFF, 0xFF, 0x00, 0xD0, 0xFF, 0xEF, 0x00, 0x00, 0xD0, 0xFF, 0xFF, 0x00, 0x00,
  0x00, 0x00, 0x00, 0x00, 0xE0, 0xFF, 0xFF, 0x00, 0x00, 0x00, 0x00, 0x00, 0x00, 0xF0, 0xFF, 0xEF,
  0x00, 0x00, 0x00, 0x00, 0x00, 0x00, 0xFF, 0xFF, 0x0F, 0x00, 0x00, 0x00, 0x00, 0x00, 0xE0, 0xFF,
  0xFF, 0x0D, 0x00, 0x00, 0x00, 0x00, 0x00, 0xFE, 0xFF, 0xEF, 0x00, 0x00, 0x00, 0x00, 0x00, 0xE0,
  0xFF, 0xFF, 0x0F, 0x00, 0x00, 0x00, 0x00, 0x00, 0xFF, 0xFF, 0xFF, 0x00, 0x00, 0x00, 0x00, 0x00,
  0xF0, 0xFF, 0xFF, 0x0F, 0x00, 0x00, 0x00, 0x00, 0x00, 0xFF, 0xFF, 0xFF, 0x00, 0x00, 0x00, 0x00,
  0x00, 0xF0, 0xFF, 0xFF, 0x0F, 0x00, 0x00, 0x00, 0x00, 0x00, 0xFF, 0xFF, 0xFF, 0xEE, 0xEE, 0xEE,
  0xEE, 0x00, 0xD0, 0xFF, 0xFF, 0xFF, 0xFF, 0xFF, 0xFF, 0xFF, 0x00, 0xD0, 0xFF, 0xFF, 0xFF, 0xFF,
  0xFF, 0xFF, 0xFF, 0x00, 0xD0, 0xFF, 0xFF, 0xFF, 0xFF, 0xFF, 0xFF, 0xFF, 0x00, 0x00, 0x00, 0xD0,
  0xFF, 0xFF, 0xFF, 0x0D, 0x00, 0x00, 0x00, 0x00, 0xFF, 0xFF, 0xFF, 0xFF, 0xFF, 0x00, 0x00, 0x00,
  0xF0, 0xFF, 0xFF, 0xFF, 0xFF, 0xFF, 0x0F, 0x00, 0x00, 0xFF, 0xFF, 0xFF, 0xEE, 0xFF, 0xFF, 0xEF,
  0x00, 0x00, 0xFF, 0xFF, 0x0E, 0x00, 0xE0, 0xFF, 0xFF, 0x00, 0x00, 0xFF, 0xFF, 0x00, 0x00, 0x00,
  0xFF, 0xFF, 0x00, 0x00, 0x00, 0x00, 0x00, 0x00, 0x00, 0xFF, 0xFF, 0x00, 0x00, 0x00, 0x00, 0x00,
  0x00, 0xF0, 0xFF, 0xFF, 0x00, 0x00, 0x00, 0x00, 0xE0, 0xEE, 0xFF, 0xFF, 0x0F, 0x00, 0x00, 0x00,
  0x00, 0xFD, 0xFF, 0xFF, 0xFF, 0x00, 0x00, 0x00, 0x00, 0x00, 0xFD, 0xFF, 0xFF, 0xEF, 0x00, 0x00,
  0x00, 0x00, 0x00, 0xFD, 0xFF, 0xFF, 0xFF, 0xDF, 0x00, 0x00, 0x00, 0x00, 0x00, 0x00, 0xFE, 0xFF,
  0xFF, 0x00, 0x00, 0x00, 0x00, 0x00, 0x00, 0x00, 0xFF, 0xFF, 0x0F, 0x00, 0x00, 0x00, 0x00, 0x00,
  0x00, 0xFF, 0xFF, 0x0F, 0xF0, 0xFF, 0xFF, 0x00, 0x00, 0x00, 0xFF, 0xFF, 0x0F, 0xE0, 0xFF, 0xFF,
  0x0D, 0x00, 0xD0, 0xFF, 0xFF, 0x0F, 0x00, 0xFF, 0xFF, 0xFF, 0xEE, 0xFF, 0xFF, 0xFF, 0x00, 0x00,
  0xFE, 0xFF, 0xFF, 0xFF, 0xFF, 0xFF, 0xEF, 0x00, 0x00, 0xD0, 0xFF, 0xFF, 0xFF, 0xFF, 0xFF, 0x0E,
  0x00, 0x00, 0x00, 0xE0, 0xFF, 0xFF, 0xFF, 0x0E, 0x00, 0x00, 0x00, 0x00, 0x00, 0x00, 0xE0, 0xFF,
  0xFF, 0x0F, 0x00, 0x00, 0x00, 0x00, 0x00, 0x00, 0xFF, 0xFF, 0xFF, 0x00, 0x00, 0x00, 0x00, 0x00,
  0x00, 0xFF, 0xFF, 0xFF, 0x0F, 0x00, 0x00, 0x00, 0x00, 0x00, 0xFD, 0xFF, 0xFF, 0xFF, 0x00, 0x00,
  0x00, 0x00, 0x00, 0xF0, 0xFF, 0xFF, 0xFF, 0x0F, 0x00, 0x00, 0x00, 0x00, 0xE0, 0xFF, 0xFF, 0xFF,
  0xFF, 0x00, 0x00, 0x00, 0x00, 0x00, 0xFF, 0xFF, 0xF0, 0xFF, 0x0F, 0x00, 0x00, 0x00, 0x00, 0xFF,
  0xFF, 0x0E, 0xFF, 0xFF, 0x00, 0x00, 0x00, 0x00, 0xFD, 0xFF, 0x0F, 0xF0, 0xFF, 0x0F, 0x00, 0x00,
  0x00, 0xF0, 0xFF, 0xDF, 0x00, 0xFF, 0xFF, 0x00, 0x00, 0x00, 0xE0, 0xFF, 0xFF, 0x00, 0xF0, 0xFF,
  0x0F, 0x00, 0x00, 0x00, 0xFF, 0xFF, 0x00, 0x00, 0xFF, 0xFF, 0x00, 0x00, 0x00, 0xFF, 0xFF, 0x0E,
  0x00, 0xF0, 0xFF, 0x0F, 0x00, 0x00, 0xFD, 0xFF, 0x0F, 0x00, 0x00, 0xFF, 0xFF, 0x00, 0x00, 0xF0,
  0xFF, 0xFF, 0xFF, 0xFF, 0xFF, 0xFF, 0xFF, 0xFF, 0x00, 0xFF, 0xFF, 0xFF, 0xFF, 0xFF, 0xFF, 0xFF,
  0xFF, 0x0F, 0xF0, 0xFF, 0xFF, 0xFF, 0xFF, 0xFF, 0xFF, 0xFF, 0xFF, 0x00, 0xED, 0xEE, 0xEE, 0xEE,
  0xEE, 0xFF, 0xFF, 0xEE, 0x0D, 0x00, 0x00, 0x00, 0x00, 0x00, 0xF0, 0xFF, 0x0F, 0x00, 0x00, 0x00,
  0x00, 0x00, 0x00, 0x00, 0xFF, 0xFF, 0x00, 0x00, 0x00, 0x00, 0x00, 0x00, 0x00, 0xF0, 0xFF, 0x0F,
  0x00, 0x00, 0x00, 0xFE, 0xFF, 0xFF, 0xFF, 0xFF, 0xFF, 0x0F, 0x00, 0xE0, 0xFF, 0xFF, 0xFF, 0xFF,
  0xFF, 0xFF, 0x00, 0x00, 0xFF, 0xFF, 0xFF, 0xFF, 0xFF, 0xFF, 0x0F, 0x00, 0xF0, 0xFF, 0xEF, 0xEE,
  0xEE, 0xEE, 0xEE, 0x00, 0x00, 0xFF, 0xFF, 0x00, 0x00, 0x00, 0x00, 0x00, 0x00, 0xF0, 0xFF, 0x0F,
  0x00, 0x00, 0x00, 0x00, 0x00, 0x00, 0xFF, 0xFF, 0x00, 0xD0, 0x0D, 0x00, 0x00, 0x00, 0xF0, 0xFF,
  0xDF, 0xFF, 0xFF, 0xFF, 0x00, 0x00, 0x00, 0xFF, 0xFF, 0xFF, 0xFF, 0xFF, 0xFF, 0x0D, 0x00, 0xF0,
  0xFF, 0xFF, 0xFF, 0xFF, 0xFF, 0xFF, 0x00, 0xD0, 0xFF, 0xFF, 0x0F, 0x00, 0xFF, 0xFF, 0xEF, 0x00,
  0x00, 0xD0, 0x0D, 0x00, 0x00, 0xFF, 0xFF, 0x0F, 0x00, 0x00, 0x00, 0x00, 0x00, 0x00, 0xFF, 0xFF,
  0x00, 0x00, 0x00, 0x00, 0x00, 0x00, 0xF0, 0xFF, 0x0F, 0x00, 0x00, 0x00, 0x00, 0x00, 0x00, 0xFF,
  0xFF, 0x00, 0xFF, 0xFF, 0x0F, 0x00, 0x00, 0xFD, 0xFF, 0x0F, 0xE0, 0xFF, 0xFF, 0x00, 0x00, 0xF0,
  0xFF, 0xFF, 0x00, 0xF0, 0xFF, 0xFF, 0xEF, 0xFE, 0xFF, 0xFF, 0x00, 0x00, 0xFD, 0xFF, 0xFF, 0xFF,
  0xFF, 0xFF, 0x0E, 0x00, 0x00, 0xFE, 0xFF, 0xFF, 0xFF, 0xFF, 0x0E, 0x00, 0x00, 0x00, 0xE0, 0xFF,
  0xFF, 0xEF, 0x00, 0x00, 0x00, 0x00, 0x00, 0x00, 0xFE, 0xFF, 0xFF, 0x0E, 0x00, 0x00, 0x00, 0x00,
  0xF0, 0xFF, 0xFF, 0xFF, 0xFF, 0x0E, 0x00, 0x00, 0x00, 0xFF, 0xFF, 0xFF, 0xFF, 0xFF, 0xEF, 0x00,
  0x00, 0xF0, 0xFF, 0xFF, 0xEE, 0xFE, 0xFF, 0xFF, 0x00, 0x00, 0xFE, 0xFF, 0x0F, 0x00, 0x00, 0xFF,
  0xFF, 0x0E, 0x00, 0xFF, 0xFF, 0x0D, 0x00, 0x00, 0xED, 0xEE, 0x0D, 0x00, 0xFF, 0xFF, 0x00, 0x00,
  0xDD, 0x00, 0x00, 0x00, 0xE0, 0xFF, 0xFF, 0xE0, 0xFF, 0xFF, 0xFF, 0x00, 0x00, 0xF0, 0xFF, 0xEF,
  0xFF, 0xFF, 0xFF, 0xFF, 0x0F, 0x00, 0xF0, 0xFF, 0xFF, 0xFF, 0xFF, 0xFF, 0xFF, 0xFF, 0x00, 0xF0,
  0xFF, 0xFF, 0xFF, 0x00, 0xFD, 0xFF, 0xFF, 0x0D, 0xF0, 0xFF, 0xFF, 0x0F, 0x00, 0x00, 0xFF, 0xFF,
  0x0F, 0xF0, 0xFF, 0xFF, 0x00, 0x00, 0x00, 0xFE, 0xFF, 0x0F, 0xF0, 0xFF, 0xFF, 0x00, 0x00, 0x00,
  0xFD, 0xFF, 0x0F, 0xE0, 0xFF, 0xFF, 0x00, 0x00, 0x00, 0xFD, 0xFF, 0x0F, 0x00, 0xFF, 0xFF, 0x00,
  0x00, 0x00, 0xFE, 0xFF, 0x0F, 0x00, 0xFF, 0xFF, 0x0F, 0x00, 0xD0, 0xFF, 0xFF, 0x0E, 0x00, 0xFD,
  0xFF, 0xFF, 0xEE, 0xFF, 0xFF, 0xFF, 0x00, 0x00, 0xE0, 0xFF, 0xFF, 0xFF, 0xFF, 0xFF, 0x0F, 0x00,
  0x00, 0x00, 0xFE, 0xFF, 0xFF, 0xFF, 0xFF, 0x00, 0x00, 0x00, 0x00, 0x00, 0xFF, 0xFF, 0xFF, 0x0E,
  0x00, 0x00, 0xF0, 0xFF, 0xFF, 0xFF, 0xFF, 0xFF, 0xFF, 0xDF, 0xF0, 0xFF, 0xFF, 0xFF, 0xFF, 0xFF,
  0xFF, 0xDF, 0xF0, 0xFF, 0xFF, 0xFF, 0xFF, 0xFF, 0xFF, 0xDF, 0xE0, 0xEE, 0xEE, 0xEE, 0xEE, 0xFF,
  0xFF, 0x0F, 0x00, 0x00, 0x00, 0x00, 0x00, 0xFF, 0xFF, 0x0F, 0x00, 0x00, 0x00, 0x00, 0x00, 0xFF,
  0xFF, 0x0D, 0x00, 0x00, 0x00, 0x00, 0xF0, 0xFF, 0xFF, 0x00, 0x00, 0x00, 0x00, 0x00, 0xF0, 0xFF,
  0xDF, 0x00, 0x00, 0x00, 0x00, 0x00, 0xFF, 0xFF, 0x0F, 0x00, 0x00, 0x00, 0x00, 0x00, 0xFF, 0xFF,
  0x0D, 0x00, 0x00, 0x00, 0x00, 0xF0, 0xFF, 0xFF, 0x00, 0x00, 0x00, 0x00, 0x00, 0xF0, 0xFF, 0xEF,
  0x00, 0x00, 0x00, 0x00, 0x00, 0xFF, 0xFF, 0x0F, 0x00, 0x00, 0x00, 0x00, 0x00, 0xFF, 0xFF, 0x0E,
  0x00, 0x00, 0x00, 0x00, 0xE0, 0xFF, 0xFF, 0x00, 0x00, 0x00, 0x00, 0x00, 0xF0, 0xFF, 0xEF, 0x00,
  0x00, 0x00, 0x00, 0x00, 0xFE, 0xFF, 0x0F, 0x00, 0x00, 0x00, 0x00, 0x00, 0xFF, 0xFF, 0x0E, 0x00,
  0x00, 0x00, 0x00, 0xE0, 0xFF, 0xFF, 0x00, 0x00, 0x00, 0x00, 0x00, 0xF0, 0xFF, 0xEF, 0x00, 0x00,
  0x00, 0x00, 0x00, 0xFE, 0xFF, 0x0F, 0x00, 0x00, 0x00, 0x00, 0x00, 0x00, 0xE0, 0xFF, 0xFF, 0xFF,
  0x0E, 0x00, 0x00, 0x00, 0x00, 0xFF, 0xFF, 0xFF, 0xFF, 0xFF, 0x0D, 0x00, 0x00, 0xF0, 0xFF, 0xFF,
  0xFF, 0xFF, 0xFF, 0xDF, 0x00, 0x00, 0xFF, 0xFF, 0xFF, 0xEE, 0xFF, 0xFF, 0xFF, 0x00, 0x00, 0xFF,
  0xFF, 0x0F, 0x00, 0xD0, 0xFF, 0xFF, 0x00, 0x00, 0xFF, 0xFF, 0x00, 0x00, 0x00, 0xFF, 0xFF, 0x00,
  0x00, 0xFF, 0xFF, 0x0E, 0x00, 0x00, 0xFF, 0xFF, 0x00, 0x00, 0xFD, 0xFF, 0xEF, 0x00, 0xFD, 0xFF,
  0xEF, 0x00, 0x00, 0xE0, 0xFF, 0xFF, 0xFF, 0xFF, 0xFF, 0x0E, 0x00, 0x00, 0x00, 0xF0, 0xFF, 0xFF,
  0xFF, 0xDF, 0x00, 0x00, 0x00, 0xE0, 0xFF, 0xFF, 0xFF, 0xFF, 0xFF, 0x0F, 0x00, 0x00, 0xFF, 0xFF,
  0xFF, 0xEE, 0xFF, 0xFF, 0xFF, 0x00, 0x00, 0xFF, 0xFF, 0x0E, 0x00, 0xD0, 0xFF, 0xFF, 0x0E, 0xF0,
  0xFF, 0xFF, 0x00, 0x00, 0x00, 0xFF, 0xFF, 0x0F, 0xF0, 0xFF, 0xFF, 0x00, 0x00, 0x00, 0xFE, 0xFF,
  0x0F, 0xF0, 0xFF, 0xFF, 0x00, 0x00, 0x00, 0xFF, 0xFF, 0x0F, 0xE0, 0xFF, 0xFF, 0x0E, 0x00, 0xD0,
  0xFF, 0xFF, 0x0F, 0x00, 0xFF, 0xFF, 0xFF, 0xEE, 0xFF, 0xFF, 0xFF, 0x0D, 0x00, 0xFD, 0xFF, 0xFF,
  0xFF, 0xFF, 0xFF, 0xEF, 0x00, 0x00, 0xD0, 0xFF, 0xFF, 0xFF, 0xFF, 0xFF, 0x0E, 0x00, 0x00, 0x00,
  0xE0, 0xFF, 0xFF, 0xFF, 0x0E, 0x00, 0x00, 0x00, 0x00, 0xE0, 0xFF, 0xFF, 0xFF, 0x00, 0x00, 0x00,
  0x00, 0x00, 0xFF, 0xFF, 0xFF, 0xFF, 0xFF, 0x00, 0x00, 0x00, 0xF0, 0xFF, 0xFF, 0xFF, 0xFF, 0xFF,
  0x0F, 0x00, 0x00, 0xFF, 0xFF, 0xFF, 0xEE, 0xFF, 0xFF, 0xEF, 0x00, 0xD0, 0xFF, 0xFF, 0x0D, 0x00,
  0xE0, 0xFF, 0xFF, 0x00, 0xF0, 0xFF, 0xFF, 0x00, 0x00, 0x00, 0xFF, 0xFF, 0x0D, 0xF0, 0xFF, 0xEF,
  0x00, 0x00, 0x00, 0xFF, 0xFF, 0x0F, 0xF0, 0xFF, 0xEF, 0x00, 0x00, 0x00, 0xFF, 0xFF, 0x0F, 0xF0,
  0xFF, 0xFF, 0x00, 0x00, 0xD0, 0xFF, 0xFF, 0x0F, 0xD0, 0xFF, 0xFF, 0xDF, 0x00, 0xFE, 0xFF, 0xFF,
  0x0F, 0x00, 0xFF, 0xFF, 0xFF, 0xFF, 0xFF, 0xFF, 0xFF, 0x0F, 0x00, 0xF0, 0xFF, 0xFF, 0xFF, 0xFF,
  0xFD, 0xFF, 0x0F, 0x00, 0x00, 0xFF, 0xFF, 0xFF, 0x0F, 0xFE, 0xFF, 0x0F, 0x00, 0x00, 0x00, 0xDD,
  0x0D, 0x00, 0xFE, 0xFF, 0x0F, 0x00, 0x00, 0x00, 0x00, 0x00, 0x00, 0xFF, 0xFF, 0x0E, 0xE0, 0xFF,
  0xFF, 0x00, 0x00, 0x00, 0xFF, 0xFF, 0x00, 0x00, 0xFF, 0xFF, 0x0E, 0x00, 0xF0, 0xFF, 0xFF, 0x00,
  0x00, 0xFF, 0xFF, 0xFF, 0xEE, 0xFF, 0xFF, 0x0F, 0x00, 0x00, 0xF0, 0xFF, 0xFF, 0xFF, 0xFF, 0xFF,
  0x0E, 0x00, 0x00, 0x00, 0xFF, 0xFF, 0xFF, 0xFF, 0xEF, 0x00, 0x00, 0x00, 0x00, 0xE0, 0xFF, 0xFF,
  0xEF, 0x00, 0x00, 0x00, 0x00, 0xF0, 0xFF, 0x00, 0x00, 0xE0, 0xFF, 0xFF, 0x00, 0x00, 0xFF, 0xFF,
  0x0F, 0x00, 0xE0, 0xFF, 0xFF, 0x00, 0x00, 0xF0, 0xFF, 0x00, 0x00, 0x00, 0x00, 0x00, 0x00, 0x00,
  0x00, 0x00, 0x00, 0x00, 0x00, 0x00, 0x00, 0x00, 0x00, 0x00, 0x00, 0x00, 0x00, 0x00, 0x00, 0x00,
  0x00, 0x00, 0xF0, 0xFF, 0x00, 0x00, 0xE0, 0xFF, 0xFF, 0x00, 0x00, 0xFF, 0xFF, 0x0F, 0x00, 0xE0,
  0xFF, 0xFF, 0x00, 0x00, 0xF0, 0xFF, 0x00, 0x00, 0x00, 0xE0, 0xFF, 0x0E, 0x00, 0x00, 0xFD, 0xFF,
  0x0F, 0x00, 0x00, 0xFE, 0xFF, 0xDF, 0x00, 0x00, 0xFD, 0xFF, 0x0F, 0x00, 0x00, 0xE0, 0xFF, 0x0E,
  0x00, 0x00, 0x00, 0x00, 0x00, 0x00, 0x00, 0x00, 0x00, 0x00, 0x00, 0x00, 0x00, 0x00, 0x00, 0x00,
  0x00, 0x00, 0x00, 0x00, 0x00, 0x00, 0x00, 0x00, 0x00, 0x00, 0x00, 0x00, 0x00, 0x00, 0x00, 0x00,
  0xFD, 0xFF, 0x0F, 0x00, 0x00, 0xFE, 0xFF, 0x0F, 0x00, 0x00, 0xFF, 0xFF, 0x0D, 0x00, 0x00, 0xFF,
  0xFF, 0x00, 0x00, 0x00, 0xFF, 0xFF, 0x00, 0x00, 0x00, 0xFF, 0xEF, 0x00, 0x00, 0x00, 0xFF, 0x0F,
  0x00, 0x00, 0x00, 0xFF, 0x0F, 0x00, 0x00, 0xD0, 0xFF, 0x0F, 0x00, 0x00, 0x00, 0x00, 0x00, 0x00,
  0x00, 0x00, 0x00, 0x00, 0x00, 0x00, 0x00, 0x00, 0x00, 0x00, 0x00, 0x00, 0xD0, 0xDF, 0x00, 0x00,
  0x00, 0x00, 0x00, 0x00, 0x00, 0xFE, 0xFF, 0x0D, 0x00, 0x00, 0x00, 0x00, 0x00, 0xE0, 0xFF, 0xFF,
  0xDF, 0x00, 0x00, 0x00, 0x00, 0x00, 0xFF, 0xFF, 0xFF, 0xFF, 0x0D, 0x00, 0x00, 0x00, 0xFD, 0xFF,
  0xFF, 0xFF, 0xFF, 0x0D, 0x00, 0x00, 0xE0, 0xFF, 0xFF, 0xFF, 0xFF, 0x0E, 0x00, 0x00, 0x00, 0xF0,
  0xFF, 0xFF, 0xFF, 0xDF, 0x00, 0x00, 0x00, 0x00, 0x00, 0xFF, 0xFF, 0xEF, 0x00, 0x00, 0x00, 0x00,
  0x00, 0x00, 0xF0, 0xFF, 0xFF, 0xEF, 0x00, 0x00, 0x00, 0x00, 0x00, 0x00, 0xFF, 0xFF, 0xFF, 0xFF,
  0x0F, 0x00, 0x00, 0x00, 0x00, 0x00, 0xF0, 0xFF, 0xFF, 0xFF, 0xFF, 0x0D, 0x00, 0x00, 0x00, 0x00,
  0x00, 0xFE, 0xFF, 0xFF, 0xFF, 0xEF, 0x00, 0x00, 0x00, 0x00, 0x00, 0xE0, 0xFF, 0xFF, 0xFF, 0xDF,
  0x00, 0x00, 0x00, 0x00, 0x00, 0x00, 0xFD, 0xFF, 0xFF, 0x0D, 0x00, 0x00, 0x00, 0x00, 0x00, 0x00,
  0x00, 0xFF, 0xDF, 0x00, 0x00, 0x00, 0x00, 0x00, 0x00, 0x00, 0x00, 0xE0, 0x00, 0x00, 0x00, 0xE0,
  0xEE, 0xEE, 0xEE, 0xEE, 0xEE, 0xEE, 0x00, 0x00, 0xE0, 0xFF, 0xFF, 0xFF, 0xFF, 0xFF, 0xFF, 0xEF,
  0x00, 0x00, 0xFE, 0xFF, 0xFF, 0xFF, 0xFF, 0xFF, 0xFF, 0x0E, 0x00, 0xE0, 0xFF, 0xFF, 0xFF, 0xFF,
  0xFF, 0xFF, 0xEF, 0x00, 0x00, 0x00, 0x00, 0x00, 0x00, 0x00, 0x00, 0x00, 0x00, 0x00, 0x00, 0x00,
  0x00, 0x00, 0x00, 0x00, 0x00, 0x00, 0x00, 0x00, 0x00, 0x00, 0x00, 0x00, 0x00, 0x00, 0x00, 0x00,
  0x00, 0x00, 0xEE, 0xEE, 0xEE, 0xEE, 0xEE, 0xEE, 0x0E, 0x00, 0x00, 0xFE, 0xFF, 0xFF, 0xFF, 0xFF,
  0xFF, 0xFF, 0x0E, 0x00, 0xE0, 0xFF, 0xFF, 0xFF, 0xFF, 0xFF, 0xFF, 0xEF, 0x00, 0x00, 0xFE, 0xFF,
  0xFF, 0xFF, 0xFF, 0xFF, 0xFF, 0x0E, 0x00, 0x00, 0x00, 0x00, 0x00, 0x00, 0x00, 0x00, 0x00, 0x00,
  0x00, 0x00, 0x00, 0x00, 0x00, 0x00, 0x00, 0x00, 0x00, 0x00, 0x00, 0x00, 0x00, 0x00, 0x00, 0x00,
  0x00, 0x00, 0x00, 0x00, 0x00, 0x00, 0x00, 0x00, 0x00, 0x00, 0x00, 0x00, 0x00, 0xD0, 0xDF, 0x00,
  0x00, 0x00, 0x00, 0x00, 0x00, 0x00, 0x00, 0xFD, 0xFF, 0x0E, 0x00, 0x00, 0x00, 0x00, 0x00, 0x00,
  0xD0, 0xFF, 0xFF, 0xEF, 0x00, 0x00, 0x00, 0x00, 0x00, 0x00, 0xFD, 0xFF, 0xFF, 0xFF, 0x0F, 0x00,
  0x00, 0x00, 0x00, 0x00, 0xFD, 0xFF, 0xFF, 0xFF, 0xFF, 0x0D, 0x00, 0x00, 0x00, 0x00, 0x00, 0xFE,
  0xFF, 0xFF, 0xFF, 0xEF, 0x00, 0x00, 0x00, 0x00, 0x00, 0xD0, 0xFF, 0xFF, 0xFF, 0xFF, 0x00, 0x00,
  0x00, 0x00, 0x00, 0x00, 0xE0, 0xFF, 0xFF, 0x0F, 0x00, 0x00, 0x00, 0x00, 0x00, 0xD0, 0xFF, 0xFF,
  0xFF, 0x00, 0x00, 0x00, 0x00, 0x00, 0xFE, 0xFF, 0xFF, 0xFF, 0x0F, 0x00, 0x00, 0x00, 0xFD, 0xFF,
  0xFF, 0xFF, 0xFF, 0x00, 0x00, 0x00, 0xE0, 0xFF, 0xFF, 0xFF, 0xFF, 0x0E, 0x00, 0x00, 0x00, 0xD0,
  0xFF, 0xFF, 0xFF, 0xEF, 0x00, 0x00, 0x00, 0x00, 0x00, 0xFD, 0xFF, 0xFF, 0x0D, 0x00, 0x00, 0x00,
  0x00, 0x00, 0xD0, 0xFF, 0x0F, 0x00, 0x00, 0x00, 0x00, 0x00, 0x00, 0x00, 0xE0, 0x00, 0x00, 0x00,
  0x00, 0x00, 0x00, 0x00, 0x00, 0x00, 0x00, 0xFE, 0xFF, 0xFF, 0x0F, 0x00, 0x00, 0x00, 0xF0, 0xFF,
  0xFF, 0xFF, 0xFF, 0x0E, 0x00, 0x00, 0xFF, 0xFF, 0xFF, 0xFF, 0xFF, 0xEF, 0x00, 0xE0, 0xFF, 0xFF,
  0xEF, 0xFF, 0xFF, 0xFF, 0x00, 0xF0, 0xFF, 0xEF, 0x00, 0xD0, 0xFF, 0xFF, 0x0D, 0xF0, 0xFF, 0x0F,
  0x00, 0x00, 0xFF, 0xFF, 0x0D, 0x00, 0x00, 0x00, 0x00, 0x00, 0xFF, 0xFF, 0x0D, 0x00, 0x00, 0x00,
  0x00, 0xF0, 0xFF, 0xFF, 0x00, 0x00, 0x00, 0x00, 0x00, 0xFF, 0xFF, 0xDF, 0x00, 0x00, 0x00, 0x00,
  0xFE, 0xFF, 0xFF, 0x0E, 0x00, 0x00, 0x00, 0x00, 0xFF, 0xFF, 0x0F, 0x00, 0x00, 0x00, 0x00, 0xE0,
  0xFF, 0xFF, 0x00, 0x00, 0x00, 0x00, 0x00, 0xF0, 0xFF, 0xDF, 0x00, 0x00, 0x00, 0x00, 0x00, 0xF0,
  0xFF, 0x0F, 0x00, 0x00, 0x00, 0x00, 0x00, 0x00, 0x00, 0x00, 0x00, 0x00, 0x00, 0x00, 0x00, 0x00,
  0x00, 0x00, 0x00, 0x00, 0x00, 0x00, 0x00, 0xD0, 0xFF, 0x0F, 0x00, 0x00, 0x00, 0x00, 0x00, 0xF0,
  0xFF, 0xEF, 0x00, 0x00, 0x00, 0x00, 0x00, 0xFD, 0xFF, 0xFF, 0x00, 0x00, 0x00, 0x00, 0x00, 0xF0,
  0xFF, 0xEF, 0x00, 0x00, 0x00, 0x00, 0x00, 0xE0, 0xFF, 0x0F, 0x00, 0x00, 0x00, 0x00, 0x00, 0x00,
  0x00, 0xD0, 0xFF, 0xFF, 0xFF, 0xFF, 0x0E, 0x00, 0x00, 0x00, 0x00, 0x00, 0x00, 0x00, 0xE0, 0xFF,
  0xFF, 0xFF, 0xFF, 0xFF, 0xFF, 0x0F, 0x00, 0x00, 0x00, 0x00, 0x00, 0x00, 0xFF, 0xFF, 0xFF, 0xFF,
  0xFF, 0xFF, 0xFF, 0xFF, 0x0E, 0x00, 0x00, 0x00, 0x00, 0xF0, 0xFF, 0xFF, 0xFF, 0xEF, 0xEE, 0xFE,
  0xFF, 0xFF, 0xFF, 0x00, 0x00, 0x00, 0x00, 0xFF, 0xFF, 0xEF, 0x00, 0x00, 0x00, 0x00, 0xE0, 0xFF,
  0xFF, 0x0F, 0x00, 0x00, 0xF0, 0xFF, 0xFF, 0x00, 0x00, 0x00, 0x00, 0x00, 0x00, 0xF0, 0xFF, 0xDF,
  0x00, 0x00, 0xFD, 0xFF, 0x0F, 0x00, 0x00, 0xD0, 0x0D, 0x00, 0x00, 0x00, 0xFF, 0xFF, 0x00, 0x00,
  0xFF, 0xFF, 0x0D, 0x00, 0xFE, 0xFF, 0xFF, 0xFE, 0xFF, 0x0D, 0xFE, 0xFF, 0x0D, 0x00, 0xFF, 0xFF,
  0x00, 0xE0, 0xFF, 0xFF, 0xFF, 0xFF, 0xFF, 0x0D, 0xF0, 0xFF, 0x0F, 0xD0, 0xFF, 0xEF, 0x00, 0xF0,
  0xFF, 0xFF, 0xFF, 0xFF, 0xFF, 0x0D, 0xF0, 0xFF, 0x0F, 0xE0, 0xFF, 0x0F, 0x00, 0xFF, 0xFF, 0x0E,
  0xE0, 0xFF, 0xFF, 0x0D, 0xE0, 0xFF, 0x0F, 0xF0, 0xFF, 0x0F, 0x00, 0xFF, 0xEF, 0x00, 0x00, 0xFD,
  0xFF, 0x0D, 0xD0, 0xFF, 0x0F, 0xF0, 0xFF, 0x0F, 0x00, 0xFF, 0x0F, 0x00, 0x00, 0xF0, 0xFF, 0x0D,
  0x00, 0xFF, 0x0F, 0xF0, 0xFF, 0x0F, 0xD0, 0xFF, 0x0F, 0x00, 0x00, 0xF0, 0xFF, 0x0D, 0x00, 0xFF,
  0x0F, 0xF0, 0xFF, 0x0F, 0xD0, 0xFF, 0x0F, 0x00, 0x00, 0xF0, 0xFF, 0x0D, 0xD0, 0xFF, 0x0F, 0xF0,
  0xFF, 0x0F, 0x00, 0xFF, 0x0F, 0x00, 0x00, 0xF0, 0xFF, 0x0D, 0xE0, 0xFF, 0x0F, 0xE0, 0xFF, 0x0F,
  0x00, 0xFF, 0xDF, 0x00, 0x00, 0xF0, 0xFF, 0x0D, 0xF0, 0xFF, 0x0F, 0xE0, 0xFF, 0xDF, 0x00, 0xFF,
  0xFF, 0x00, 0x00, 0xFF, 0xFF, 0x0E, 0xF0, 0xFF, 0x0D, 0x00, 0xFF, 0xFF, 0x00, 0xF0, 0xFF, 0xFF,
  0xFF, 0xFF, 0xFF, 0xFF, 0xFF, 0xFF, 0x00, 0x00, 0xFF, 0xFF, 0x00, 0xD0, 0xFF, 0xFF, 0xFF, 0xDF,
  0xFF, 0xFF, 0xFF, 0x0F, 0x00, 0x00, 0xFE, 0xFF, 0x0F, 0x00, 0xF0, 0xFF, 0xFF, 0x00, 0xF0, 0xFF,
  0xFF, 0x00, 0x00, 0x00, 0xF0, 0xFF, 0xFF, 0x00, 0x00, 0x00, 0x00, 0x00, 0x00, 0x00, 0x00, 0x00,
  0x00, 0x00, 0x00, 0xFF, 0xFF, 0xEF, 0x00, 0x00, 0x00, 0x00, 0x00, 0x00, 0x00, 0x00, 0x00, 0x00,
  0x00, 0xFD, 0xFF, 0xFF, 0xFF, 0xEF, 0xEE, 0xFE, 0xFF, 0x0F, 0x00, 0x00, 0x00, 0x00, 0x00, 0xD0,
  0xFF, 0xFF, 0xFF, 0xFF, 0xFF, 0xFF, 0xFF, 0x0F, 0x00, 0x00, 0x00, 0x00, 0x00, 0x00, 0xE0, 0xFF,
  0xFF, 0xFF, 0xFF, 0xFF, 0xFF, 0x0F, 0x00, 0x00, 0x00, 0x00, 0x00, 0x00, 0x00, 0xD0, 0xFF, 0xFF,
  0xFF, 0xFF, 0xDF, 0x00, 0x00, 0x00, 0x00, 0x00, 0x00, 0x00, 0xF0, 0xFF, 0xFF, 0xDF, 0x00, 0x00,
  0x00, 0x00, 0x00, 0x00, 0x00, 0xFF, 0xFF, 0xFF, 0x0F, 0x00, 0x00, 0x00, 0x00, 0x00, 0x00, 0xFD,
  0xFF, 0xFF, 0xFF, 0x00, 0x00, 0x00, 0x00, 0x00, 0x00, 0xF0, 0xFF, 0xFF, 0xFF, 0xDF, 0x00, 0x00,
  0x00, 0x00, 0x00, 0x00, 0xFF, 0xFF, 0xFE, 0xFF, 0x0F, 0x00, 0x00, 0x00, 0x00, 0x00, 0xFD, 0xFF,
  0x0F, 0xFF, 0xFF, 0x00, 0x00, 0x00, 0x00, 0x00, 0xF0, 0xFF, 0xFF, 0xF0, 0xFF, 0xDF, 0x00, 0x00,
  0x00, 0x00, 0x00, 0xFF, 0xFF, 0x0E, 0xFF, 0xFF, 0x0F, 0x00, 0x00, 0x00, 0x00, 0xFD, 0xFF, 0x0F,
  0xE0, 0xFF, 0xFF, 0x00, 0x00, 0x00, 0x00, 0xF0, 0xFF, 0xFF, 0x00, 0xF0, 0xFF, 0xEF, 0x00, 0x00,
  0x00, 0x00, 0xFF, 0xFF, 0x0F, 0x00, 0xFF, 0xFF, 0x0F, 0x00, 0x00, 0x00, 0xF0, 0xFF, 0xDF, 0x00,
  0xE0, 0xFF, 0xFF, 0x00, 0x00, 0x00, 0xF0, 0xFF, 0xFF, 0xEE, 0xEE, 0xFE, 0xFF, 0xEF, 0x00, 0x00,
  0x00, 0xFF, 0xFF, 0xFF, 0xFF, 0xFF, 0xFF, 0xFF, 0x0F, 0x00, 0x00, 0xF0, 0xFF, 0xFF, 0xFF, 0xFF,
  0xFF, 0xFF, 0xFF, 0x00, 0x00, 0xF0, 0xFF, 0xFF, 0xFF, 0xFF, 0xFF, 0xFF, 0xFF, 0xEF, 0x00, 0x00,
  0xFF, 0xFF, 0x0F, 0x00, 0x00, 0x00, 0xFF, 0xFF, 0x0F, 0x00, 0xF0, 0xFF, 0xEF, 0x00, 0x00, 0x00,
  0xF0, 0xFF, 0xFF, 0x00, 0xF0, 0xFF, 0xFF, 0x00, 0x00, 0x00, 0x00, 0xFD, 0xFF, 0xEF, 0x00, 0xFF,
  0xFF, 0x0F, 0x00, 0x00, 0x00, 0x00, 0xFF, 0xFF, 0x0F, 0xF0, 0xFF, 0xEF, 0x00, 0x00, 0x00, 0x00,
  0xF0, 0xFF, 0xFF, 0x00, 0x00, 0xFF, 0xFF, 0xFF, 0xFF, 0xFF, 0xEF, 0x00, 0x00, 0x00, 0xF0, 0xFF,
  0xFF, 0xFF, 0xFF, 0xFF, 0xFF, 0x00, 0x00, 0x00, 0xFF, 0xFF, 0xFF, 0xFF, 0xFF, 0xFF, 0xFF, 0x00,
  0x00, 0xF0, 0xFF, 0xEF, 0xEE, 0xFE, 0xFF, 0xFF, 0xDF, 0x00, 0x00, 0xFF, 0xFF, 0x00, 0x00, 0x00,
  0xFF, 0xFF, 0x0F, 0x00, 0xF0, 0xFF, 0x0F, 0x00, 0x00, 0xF0, 0xFF, 0xFF, 0x00, 0x00, 0xFF, 0xFF,
  0x00, 0x00, 0x00, 0xFF, 0xFF, 0x0F, 0x00, 0xF0, 0xFF, 0x0F, 0x00, 0x00, 0xF0, 0xFF, 0xDF, 0x00,
  0x00, 0xFF, 0xFF, 0xEE, 0xEE, 0xFF, 0xFF, 0xEF, 0x00, 0x00, 0xF0, 0xFF, 0xFF, 0xFF, 0xFF, 0xFF,
  0xDF, 0x00, 0x00, 0x00, 0xFF, 0xFF, 0xFF, 0xFF, 0xFF, 0xFF, 0x0F, 0x00, 0x00, 0xF0, 0xFF, 0xFF,
  0xFF, 0xFF, 0xFF, 0xFF, 0x0F, 0x00, 0x00, 0xFF, 0xFF, 0x00, 0x00, 0xE0, 0xFF, 0xFF, 0x0F, 0x00,
  0xF0, 0xFF, 0x0F, 0x00, 0x00, 0xE0, 0xFF, 0xFF, 0x00, 0x00, 0xFF, 0xFF, 0x00, 0x00, 0x00, 0xF0,
  0xFF, 0xEF, 0x00, 0xF0, 0xFF, 0x0F, 0x00, 0x00, 0x00, 0xFF, 0xFF, 0x0E, 0x00, 0xFF, 0xFF, 0x00,
  0x00, 0x00, 0xFE, 0xFF, 0xDF, 0x00, 0xF0, 0xFF, 0xEF, 0xEE, 0xEE, 0xFF, 0xFF, 0xFF, 0x00, 0x00,
  0xFF, 0xFF, 0xFF, 0xFF, 0xFF, 0xFF, 0xFF, 0x0E, 0x00, 0xF0, 0xFF, 0xFF, 0xFF, 0xFF, 0xFF, 0xFF,
  0x0E, 0x00, 0x00, 0xFF, 0xFF, 0xFF, 0xFF, 0xFF, 0xFF, 0x00, 0x00, 0x00, 0x00, 0x00, 0x00, 0xE0,
  0xFF, 0xFF, 0xFF, 0x0D, 0x00, 0x00, 0x00, 0x00, 0x00, 0xFE, 0xFF, 0xFF, 0xFF, 0xFF, 0xDF, 0x00,
  0x00, 0x00, 0x00, 0xFF, 0xFF, 0xFF, 0xFF, 0xFF, 0xFF, 0xDF, 0x00, 0x00, 0x00, 0xFF, 0xFF, 0xFF,
  0xEF, 0xFE, 0xFF, 0xFF, 0x0F, 0x00, 0x00, 0xFD, 0xFF, 0xFF, 0x00, 0x00, 0xD0, 0xFF, 0xFF, 0x0F,
  0x00, 0xF0, 0xFF, 0xFF, 0x00, 0x00, 0x00, 0xD0, 0xFF, 0xFF, 0x00, 0x00, 0xFF, 0xFF, 0x0D, 0x00,
  0x00, 0x00, 0xF0, 0xFF, 0xEF, 0x00, 0xFE, 0xFF, 0x0F, 0x00, 0x00, 0x00, 0x00, 0x00, 0x00, 0x00,
  0xF0, 0xFF, 0xFF, 0x00, 0x00, 0x00, 0x00, 0x00, 0x00, 0x00, 0x00, 0xFF, 0xFF, 0x0F, 0x00, 0x00,
  0x00, 0x00, 0x00, 0x00, 0x00, 0xF0, 0xFF, 0xFF, 0x00, 0x00, 0x00, 0x00, 0x00, 0x00, 0x00, 0x00,
  0xFF, 0xFF, 0x0F, 0x00, 0x00, 0x00, 0x00, 0x00, 0x00, 0x00, 0xF0, 0xFF, 0xFF, 0x00, 0x00, 0x00,
  0x00, 0x00, 0x00, 0x00, 0x00, 0xFE, 0xFF, 0x0F, 0x00, 0x00, 0x00, 0x00, 0x00, 0x00, 0x00, 0x00,
  0xFF, 0xFF, 0x0D, 0x00, 0x00, 0x00, 0xF0, 0xFF, 0xEF, 0x00, 0xF0, 0xFF, 0xFF, 0x00, 0x00, 0x00,
  0xD0, 0xFF, 0xFF, 0x00, 0x00, 0xFD, 0xFF, 0xFF, 0x00, 0x00, 0xD0, 0xFF, 0xFF, 0x0F, 0x00, 0x00,
  0xFF, 0xFF, 0xFF, 0xEF, 0xFE, 0xFF, 0xFF, 0x0F, 0x00, 0x00, 0x00, 0xFF, 0xFF, 0xFF, 0xFF, 0xFF,
  0xFF, 0xDF, 0x00, 0x00, 0x00, 0x00, 0xFF, 0xFF, 0xFF, 0xFF, 0xFF, 0x0F, 0x00, 0x00, 0x00, 0x00,
  0x00, 0xE0, 0xFF, 0xFF, 0xFF, 0x0D, 0x00, 0x00, 0x00, 0x00, 0xFF, 0xFF, 0xFF, 0xFF, 0xFF, 0x0F,
  0x00, 0x00, 0x00, 0x00, 0xFF, 0xFF, 0xFF, 0xFF, 0xFF, 0xFF, 0x0F, 0x00, 0x00, 0x00, 0xFF, 0xFF,
  0xFF, 0xFF, 0xFF, 0xFF, 0xFF, 0x00, 0x00, 0x00, 0xFF, 0xFF, 0xEE, 0xEE, 0xFF, 0xFF, 0xFF, 0x0F,
  0x00, 0x00, 0xFF, 0xFF, 0x00, 0x00, 0x00, 0xFE, 0xFF, 0xFF, 0x00, 0x00, 0xFF, 0xFF, 0x00, 0x00,
  0x00, 0xE0, 0xFF, 0xFF, 0x00, 0x00, 0xFF, 0xFF, 0x00, 0x00, 0x00, 0x00, 0xFF, 0xFF, 0x0E, 0x00,
  0xFF, 0xFF, 0x00, 0x00, 0x00, 0x00, 0xFF, 0xFF, 0x0F, 0x00, 0xFF, 0xFF, 0x00, 0x00, 0x00, 0x00,
  0xFE, 0xFF, 0x0F, 0x00, 0xFF, 0xFF, 0x00, 0x00, 0x00, 0x00, 0xFD, 0xFF, 0x0F, 0x00, 0xFF, 0xFF,
  0x00, 0x00, 0x00, 0x00, 0xFD, 0xFF, 0x0F, 0x00, 0xFF, 0xFF, 0x00, 0x00, 0x00, 0x00, 0xFD, 0xFF,
  0x0F, 0x00, 0xFF, 0xFF, 0x00, 0x00, 0x00, 0x00, 0xFE, 0xFF, 0x0F, 0x00, 0xFF, 0xFF, 0x00, 0x00,
  0x00, 0x00, 0xFF, 0xFF, 0x0F, 0x00, 0xFF, 0xFF, 0x00, 0x00, 0x00, 0x00, 0xFF, 0xFF, 0x0E, 0x00,
  0xFF, 0xFF, 0x00, 0x00, 0x00, 0xE0, 0xFF, 0xFF, 0x00, 0x00, 0xFF, 0xFF, 0x00, 0x00, 0x00, 0xFE,
  0xFF, 0xFF, 0x00, 0x00, 0xFF, 0xFF, 0xEE, 0xEE, 0xFF, 0xFF, 0xFF, 0x0F, 0x00, 0x00, 0xFF, 0xFF,
  0xFF, 0xFF, 0xFF, 0xFF, 0xFF, 0x00, 0x00, 0x00, 0xFF, 0xFF, 0xFF, 0xFF, 0xFF, 0xFF, 0x0F, 0x00,
  0x00, 0x00, 0xFF, 0xFF, 0xFF, 0xFF, 0xFF, 0x0F, 0x00, 0x00, 0x00, 0x00, 0xFF, 0xFF, 0xFF, 0xFF,
  0xFF, 0xFF, 0xEF, 0x00, 0xF0, 0xFF, 0xFF, 0xFF, 0xFF, 0xFF, 0xFF, 0x0E, 0x00, 0xFF, 0xFF, 0xFF,
  0xFF, 0xFF, 0xFF, 0xEF, 0x00, 0xF0, 0xFF, 0xEF, 0xEE, 0xEE, 0xEE, 0xEE, 0x00, 0x00, 0xFF, 0xFF,
  0x00, 0x00, 0x00, 0x00, 0x00, 0x00, 0xF0, 0xFF, 0x0F, 0x00, 0x00, 0x00, 0x00, 0x00, 0x00, 0xFF,
  0xFF, 0x00, 0x00, 0x00, 0x00, 0x00, 0x00, 0xF0, 0xFF, 0x0F, 0x00, 0x00, 0x00, 0x00, 0x00, 0x00,
  0xFF, 0xFF, 0xEE, 0xEE, 0xEE, 0xEE, 0x0D, 0x00, 0xF0, 0xFF, 0xFF, 0xFF, 0xFF, 0xFF, 0xFF, 0x00,
  0x00, 0xFF, 0xFF, 0xFF, 0xFF, 0xFF, 0xFF, 0x0F, 0x00, 0xF0, 0xFF, 0xFF, 0xFF, 0xFF, 0xFF, 0xFF,
  0x00, 0x00, 0xFF, 0xFF, 0x00, 0x00, 0x00, 0x00, 0x00, 0x00, 0xF0, 0xFF, 0x0F, 0x00, 0x00, 0x00,
  0x00, 0x00, 0x00, 0xFF, 0xFF, 0x00, 0x00, 0x00, 0x00, 0x00, 0x00, 0xF0, 0xFF, 0x0F, 0x00, 0x00,
  0x00, 0x00, 0x00, 0x00, 0xFF, 0xFF, 0x00, 0x00, 0x00, 0x00, 0x00, 0x00, 0xF0, 0xFF, 0xEF, 0xEE,
  0xEE, 0xEE, 0xEE, 0x00, 0x00, 0xFF, 0xFF, 0xFF, 0xFF, 0xFF, 0xFF, 0xFF, 0x00, 0xF0, 0xFF, 0xFF,
  0xFF, 0xFF, 0xFF, 0xFF, 0x0F, 0x00, 0xFF, 0xFF, 0xFF, 0xFF, 0xFF, 0xFF, 0xFF, 0x00, 0x00, 0xFF,
  0xFF, 0xFF, 0xFF, 0xFF, 0xFF, 0xDF, 0x00, 0xFF, 0xFF, 0xFF, 0xFF, 0xFF, 0xFF, 0xDF, 0x00, 0xFF,
  0xFF, 0xFF, 0xFF, 0xFF, 0xFF, 0xDF, 0x00, 0xFF, 0xFF, 0xEE, 0xEE, 0xEE, 0xEE, 0x0E, 0x00, 0xFF,
  0xFF, 0x00, 0x00, 0x00, 0x00, 0x00, 0x00, 0xFF, 0xFF, 0x00, 0x00, 0x00, 0x00, 0x00, 0x00, 0xFF,
  0xFF, 0x00, 0x00, 0x00, 0x00, 0x00, 0x00, 0xFF, 0xFF, 0x00, 0x00, 0x00, 0x00, 0x00, 0x00, 0xFF,
  0xFF, 0x00, 0x00, 0x00, 0x00, 0x00, 0x00, 0xFF, 0xFF, 0xEE, 0xEE, 0xEE, 0xEE, 0x00, 0x00, 0xFF,
  0xFF, 0xFF, 0xFF, 0xFF, 0xFF, 0x0E, 0x00, 0xFF, 0xFF, 0xFF, 0xFF, 0xFF, 0xFF, 0x0E, 0x00, 0xFF,
  0xFF, 0xFF, 0xFF, 0xFF, 0xFF, 0x0E, 0x00, 0xFF, 0xFF, 0x00, 0x00, 0x00, 0x00, 0x00, 0x00, 0xFF,
  0xFF, 0x00, 0x00, 0x00, 0x00, 0x00, 0x00, 0xFF, 0xFF, 0x00, 0x00, 0x00, 0x00, 0x00, 0x00, 0xFF,
  0xFF, 0x00, 0x00, 0x00, 0x00, 0x00, 0x00, 0xFF, 0xFF, 0x00, 0x00, 0x00, 0x00, 0x00, 0x00, 0xFF,
  0xFF, 0x00, 0x00, 0x00, 0x00, 0x00, 0x00, 0xFF, 0xFF, 0x00, 0x00, 0x00, 0x00, 0x00, 0x00, 0xFF,
  0xFF, 0x00, 0x00, 0x00, 0x00, 0x00, 0x00, 0x00, 0x00, 0xE0, 0xFF, 0xFF, 0xFF, 0x0D, 0x00, 0x00,
  0x00, 0x00, 0x00, 0xFE, 0xFF, 0xFF, 0xFF, 0xFF, 0xDF, 0x00, 0x00, 0x00, 0x00, 0xFF, 0xFF, 0xFF,
  0xFF, 0xFF, 0xFF, 0xDF, 0x00, 0x00, 0x00, 0xFF, 0xFF, 0xFF, 0xEF, 0xFE, 0xFF, 0xFF, 0x0F, 0x00,
  0x00, 0xFD, 0xFF, 0xFF, 0x00, 0x00, 0x00, 0xFF, 0xFF, 0x0F, 0x00, 0xF0, 0xFF, 0xFF, 0x00, 0x00,
  0x00, 0xD0, 0xFF, 0xFF, 0x00, 0x00, 0xFF, 0xFF, 0x0D, 0x00, 0x00, 0x00, 0xF0, 0xFF, 0xDF, 0x00,
  0xFE, 0xFF, 0x0F, 0x00, 0x00, 0x00, 0x00, 0x00, 0x00, 0x00, 0xF0, 0xFF, 0xFF, 0x00, 0x00, 0x00,
  0x00, 0x00, 0x00, 0x00, 0x00, 0xFF, 0xFF, 0x0F, 0x00, 0x00, 0xED, 0xEE, 0xEE, 0xEE, 0x0D, 0xF0,
  0xFF, 0xFF, 0x00, 0x00, 0xF0, 0xFF, 0xFF, 0xFF, 0xFF, 0x00, 0xFF, 0xFF, 0x0F, 0x00, 0x00, 0xFF,
  0xFF, 0xFF, 0xFF, 0x0F, 0xF0, 0xFF, 0xFF, 0x00, 0x00, 0xF0, 0xFF, 0xFF, 0xFF, 0xFF, 0x00, 0xFE,
  0xFF, 0x0F, 0x00, 0x00, 0x00, 0x00, 0xFE, 0xFF, 0x0F, 0x00, 0xFF, 0xFF, 0x0D, 0x00, 0x00, 0x00,
  0xF0, 0xFF, 0xEF, 0x00, 0xF0, 0xFF, 0xFF, 0x00, 0x00, 0x00, 0x00, 0xFF, 0xFF, 0x00, 0x00, 0xFD,
  0xFF, 0xFF, 0x00, 0x00, 0x00, 0xFF, 0xFF, 0x0F, 0x00, 0x00, 0xFF, 0xFF, 0xFF, 0xEF, 0xFE, 0xFF,
  0xFF, 0x0F, 0x00, 0x00, 0x00, 0xFF, 0xFF, 0xFF, 0xFF, 0xFF, 0xFF, 0xDF, 0x00, 0x00, 0x00, 0x00,
  0xFE, 0xFF, 0xFF, 0xFF, 0xFF, 0xDF, 0x00, 0x00, 0x00, 0x00, 0x00, 0xE0, 0xFF, 0xFF, 0xFF, 0x0E,
  0x00, 0x00, 0x00, 0x00, 0xFF, 0xFF, 0x00, 0x00, 0x00, 0x00, 0xF0, 0xFF, 0x0F, 0x00, 0xF0, 0xFF,
  0x0F, 0x00, 0x00, 0x00, 0x00, 0xFF, 0xFF, 0x00, 0x00, 0xFF, 0xFF, 0x00, 0x00, 0x00, 0x00, 0xF0,
  0xFF, 0x0F, 0x00, 0xF0, 0xFF, 0x0F, 0x00, 0x00, 0x00, 0x00, 0xFF, 0xFF, 0x00, 0x00, 0xFF, 0xFF,
  0x00, 0x00, 0x00, 0x00, 0xF0, 0xFF, 0x0F, 0x00, 0xF0, 0xFF, 0x0F, 0x00, 0x00, 0x00, 0x00, 0xFF,
  0xFF, 0x00, 0x00, 0xFF, 0xFF, 0x00, 0x00, 0x00, 0x00, 0xF0, 0xFF, 0x0F, 0x00, 0xF0, 0xFF, 0x0F,
  0x00, 0x00, 0x00, 0x00, 0xFF, 0xFF, 0x00, 0x00, 0xFF, 0xFF, 0xEE, 0xEE, 0xEE, 0xEE, 0xFE, 0xFF,
  0x0F, 0x00, 0xF0, 0xFF, 0xFF, 0xFF, 0xFF, 0xFF, 0xFF, 0xFF, 0xFF, 0x00, 0x00, 0xFF, 0xFF, 0xFF,
  0xFF, 0xFF, 0xFF, 0xFF, 0xFF, 0x0F, 0x00, 0xF0, 0xFF, 0xFF, 0xFF, 0xFF, 0xFF, 0xFF, 0xFF, 0xFF,
  0x00, 0x00, 0xFF, 0xFF, 0x00, 0x00, 0x00, 0x00, 0xF0, 0xFF, 0x0F, 0x00, 0xF0, 0xFF, 0x0F, 0x00,
  0x00, 0x00, 0x00, 0xFF, 0xFF, 0x00, 0x00, 0xFF, 0xFF, 0x00, 0x00, 0x00, 0x00, 0xF0, 0xFF, 0x0F,
  0x00, 0xF0, 0xFF, 0x0F, 0x00, 0x00, 0x00, 0x00, 0xFF, 0xFF, 0x00, 0x00, 0xFF, 0xFF, 0x00, 0x00,
  0x00, 0x00, 0xF0, 0xFF, 0x0F, 0x00, 0xF0, 0xFF, 0x0F, 0x00, 0x00, 0x00, 0x00, 0xFF, 0xFF, 0x00,
  0x00, 0xFF, 0xFF, 0x00, 0x00, 0x00, 0x00, 0xF0, 0xFF, 0x0F, 0x00, 0xF0, 0xFF, 0x0F, 0x00, 0x00,
  0x00, 0x00, 0xFF, 0xFF, 0x00, 0x00, 0xFF, 0xFF, 0x00, 0x00, 0x00, 0x00, 0xF0, 0xFF, 0x0F, 0x00,
  0x00, 0xFF, 0xFF, 0x00, 0x00, 0xFF, 0xFF, 0x00, 0x00, 0xFF, 0xFF, 0x00, 0x00, 0xFF, 0xFF, 0x00,
  0x00, 0xFF, 0xFF, 0x00, 0x00, 0xFF, 0xFF, 0x00, 0x00, 0xFF, 0xFF, 0x00, 0x00, 0xFF, 0xFF, 0x00,
  0x00, 0xFF, 0xFF, 0x00, 0x00, 0xFF, 0xFF, 0x00, 0x00, 0xFF, 0xFF, 0x00, 0x00, 0xFF, 0xFF, 0x00,
  0x00, 0xFF, 0xFF, 0x00, 0x00, 0xFF, 0xFF, 0x00, 0x00, 0xFF, 0xFF, 0x00, 0x00, 0xFF, 0xFF, 0x00,
  0x00, 0xFF, 0xFF, 0x00, 0x00, 0xFF, 0xFF, 0x00, 0x00, 0xFF, 0xFF, 0x00, 0x00, 0xFF, 0xFF, 0x00,
  0x00, 0xFF, 0xFF, 0x00, 0x00, 0x00, 0x00, 0x00, 0x00, 0xFF, 0xFF, 0x0F, 0x00, 0x00, 0x00, 0x00,
  0x00, 0xFF, 0xFF, 0x0F, 0x00, 0x00, 0x00, 0x00, 0x00, 0xFF, 0xFF, 0x0F, 0x00, 0x00, 0x00, 0x00,
  0x00, 0xFF, 0xFF, 0x0F, 0x00, 0x00, 0x00, 0x00, 0x00, 0xFF, 0xFF, 0x0F, 0x00, 0x00, 0x00, 0x00,
  0x00, 0xFF, 0xFF, 0x0F, 0x00, 0x00, 0x00, 0x00, 0x00, 0xFF, 0xFF, 0x0F, 0x00, 0x00, 0x00, 0x00,
  0x00, 0xFF, 0xFF, 0x0F, 0x00, 0x00, 0x00, 0x00, 0x00, 0xFF, 0xFF, 0x0F, 0x00, 0x00, 0x00, 0x00,
  0x00, 0xFF, 0xFF, 0x0F, 0x00, 0x00, 0x00, 0x00, 0x00, 0xFF, 0xFF, 0x0F, 0x00, 0x00, 0x00, 0x00,
  0x00, 0xFF, 0xFF, 0x0F, 0x00, 0x00, 0x00, 0x00, 0x00, 0xFF, 0xFF, 0x0F, 0xF0, 0xFF, 0x0F, 0x00,
  0x00, 0xFF, 0xFF, 0x0F, 0xF0, 0xFF, 0x0F, 0x00, 0x00, 0xFF, 0xFF, 0x0F, 0xF0, 0xFF, 0xDF, 0x00,
  0x00, 0xFF, 0xFF, 0x0E, 0xF0, 0xFF, 0xFF, 0x00, 0x00, 0xFF, 0xFF, 0x0D, 0xE0, 0xFF, 0xFF, 0xEF,
  0xFE, 0xFF, 0xFF, 0x00, 0x00, 0xFF, 0xFF, 0xFF, 0xFF, 0xFF, 0xEF, 0x00, 0x00, 0xF0, 0xFF, 0xFF,
  0xFF, 0xFF, 0x0E, 0x00, 0x00, 0x00, 0xFE, 0xFF, 0xFF, 0x0F, 0x00, 0x00, 0x00, 0xFF, 0xFF, 0x00,
  0x00, 0x00, 0xD0, 0xFF, 0xFF, 0x0F, 0x00, 0xFF, 0xFF, 0x00, 0x00, 0x00, 0xF0, 0xFF, 0xFF, 0x00,
  0x00, 0xFF, 0xFF, 0x00, 0x00, 0x00, 0xFF, 0xFF, 0xDF, 0x00, 0x00, 0xFF, 0xFF, 0x00, 0x00, 0xF0,
  0xFF, 0xFF, 0x0E, 0x00, 0x00, 0xFF, 0xFF, 0x00, 0x00, 0xFF, 0xFF, 0xFF, 0x00, 0x00, 0x00, 0xFF,
  0xFF, 0x00, 0xE0, 0xFF, 0xFF, 0x0F, 0x00, 0x00, 0x00, 0xFF, 0xFF, 0x00, 0xFD, 0xFF, 0xFF, 0x00,
  0x00, 0x00, 0x00, 0xFF, 0xFF, 0x00, 0xFF, 0xFF, 0x0F, 0x00, 0x00, 0x00, 0x00, 0xFF, 0xFF, 0xF0,
  0xFF, 0xFF, 0x0D, 0x00, 0x00, 0x00, 0x00, 0xFF, 0xFF, 0xFD, 0xFF, 0xFF, 0x00, 0x00, 0x00, 0x00,
  0x00, 0xFF, 0xFF, 0xFF, 0xFF, 0xFF, 0x0E, 0x00, 0x00, 0x00, 0x00, 0xFF, 0xFF, 0xFF, 0xFF, 0xFF,
  0x0F, 0x00, 0x00, 0x00, 0x00, 0xFF, 0xFF, 0xFF, 0xFE, 0xFF, 0xFF, 0x00, 0x00, 0x00, 0x00, 0xFF,
  0xFF, 0xEF, 0xE0, 0xFF, 0xFF, 0x0E, 0x00, 0x00, 0x00, 0xFF, 0xFF, 0x0F, 0x00, 0xFF, 0xFF, 0x0F,
  0x00, 0x00, 0x00, 0xFF, 0xFF, 0x00, 0x00, 0xF0, 0xFF, 0xFF, 0x00, 0x00, 0x00, 0xFF, 0xFF, 0x00,
  0x00, 0xE0, 0xFF, 0xFF, 0x0E, 0x00, 0x00, 0xFF, 0xFF, 0x00, 0x00, 0x00, 0xFF, 0xFF, 0x0F, 0x00,
  0x00, 0xFF, 0xFF, 0x00, 0x00, 0x00, 0xF0, 0xFF, 0xFF, 0x00, 0x00, 0xFF, 0xFF, 0x00, 0x00, 0x00,
  0xE0, 0xFF, 0xFF, 0x0E, 0x00, 0xFF, 0xFF, 0x00, 0x00, 0x00, 0x00, 0xFF, 0xFF, 0x0F, 0x00, 0xFF,
  0xFF, 0x00, 0x00, 0x00, 0x00, 0x00, 0x00, 0xFF, 0xFF, 0x00, 0x00, 0x00, 0x00, 0x00, 0x00, 0xFF,
  0xFF, 0x00, 0x00, 0x00, 0x00, 0x00, 0x00, 0xFF, 0xFF, 0x00, 0x00, 0x00, 0x00, 0x00, 0x00, 0xFF,
  0xFF, 0x00, 0x00, 0x00, 0x00, 0x00, 0x00, 0xFF, 0xFF, 0x00, 0x00, 0x00, 0x00, 0x00, 0x00, 0xFF,
  0xFF, 0x00, 0x00, 0x00, 0x00, 0x00, 0x00, 0xFF, 0xFF, 0x00, 0x00, 0x00, 0x00, 0x00, 0x00, 0xFF,
  0xFF, 0x00, 0x00, 0x00, 0x00, 0x00, 0x00, 0xFF, 0xFF, 0x00, 0x00, 0x00, 0x00, 0x00, 0x00, 0xFF,
  0xFF, 0x00, 0x00, 0x00, 0x00, 0x00, 0x00, 0xFF, 0xFF, 0x00, 0x00, 0x00, 0x00, 0x00, 0x00, 0xFF,
  0xFF, 0x00, 0x00, 0x00, 0x00, 0x00, 0x00, 0xFF, 0xFF, 0x00, 0x00, 0x00, 0x00, 0x00, 0x00, 0xFF,
  0xFF, 0x00, 0x00, 0x00, 0x00, 0x00, 0x00, 0xFF, 0xFF, 0x00, 0x00, 0x00, 0x00, 0x00, 0x00, 0xFF,
  0xFF, 0x00, 0x00, 0x00, 0x00, 0x00, 0x00, 0xFF, 0xFF, 0xEE, 0xEE, 0xEE, 0xEE, 0x0D, 0x00, 0xFF,
  0xFF, 0xFF, 0xFF, 0xFF, 0xFF, 0x0F, 0x00, 0xFF, 0xFF, 0xFF, 0xFF, 0xFF, 0xFF, 0x0F, 0x00, 0xFF,
  0xFF, 0xFF, 0xFF, 0xFF, 0xFF, 0x0F, 0x00, 0xFF, 0xFF, 0xFF, 0x0E, 0x00, 0x00, 0x00, 0xE0, 0xFF,
  0xFF, 0xFF, 0x0D, 0x00, 0xFF, 0xFF, 0xFF, 0x0F, 0x00, 0x00, 0x00, 0xF0, 0xFF, 0xFF, 0xFF, 0x0D,
  0x00, 0xFF, 0xFF, 0xFF, 0x0F, 0x00, 0x00, 0x00, 0xF0, 0xFF, 0xFF, 0xFF, 0x0D, 0x00, 0xFF, 0xFF,
  0xFF, 0xEF, 0x00, 0x00, 0x00, 0xFE, 0xFF, 0xFF, 0xFF, 0x0D, 0x00, 0xFF, 0xFF, 0xFF, 0xFF, 0x00,
  0x00, 0x00, 0xFF, 0xFF, 0xFF, 0xFF, 0x0D, 0x00, 0xFF, 0xFF, 0xFF, 0xFF, 0x00, 0x00, 0x00, 0xFF,
  0xFF, 0xFF, 0xFF, 0x0D, 0x00, 0xFF, 0xFF, 0xFF, 0xFF, 0x0E, 0x00, 0xE0, 0xFF, 0xFF, 0xFF, 0xFF,
  0x0D, 0x00, 0xFF, 0xFF, 0xFD, 0xFF, 0x0F, 0x00, 0xF0, 0xFF, 0xDF, 0xFF, 0xFF, 0x0D, 0x00, 0xFF,
  0xFF, 0xF0, 0xFF, 0x0F, 0x00, 0xF0, 0xFF, 0x0F, 0xFF, 0xFF, 0x0D, 0x00, 0xFF, 0xFF, 0xF0, 0xFF,
  0xEF, 0x00, 0xFE, 0xFF, 0x0F, 0xFF, 0xFF, 0x0D, 0x00, 0xFF, 0xFF, 0xE0, 0xFF, 0xFF, 0x00, 0xFF,
  0xFF, 0x0E, 0xFF, 0xFF, 0x0D, 0x00, 0xFF, 0xFF, 0x00, 0xFF, 0xFF, 0x00, 0xFF, 0xFF, 0x00, 0xFF,
  0xFF, 0x0D, 0x00, 0xFF, 0xFF, 0x00, 0xFF, 0xFF, 0x0D, 0xFF, 0xFF, 0x00, 0xFF, 0xFF, 0x0D, 0x00,
  0xFF, 0xFF, 0x00, 0xFE, 0xFF, 0xEF, 0xFF, 0xEF, 0x00, 0xFF, 0xFF, 0x0D, 0x00, 0xFF, 0xFF, 0x00,
  0xF0, 0xFF, 0xFF, 0xFF, 0x0F, 0x00, 0xFF, 0xFF, 0x0D, 0x00, 0xFF, 0xFF, 0x00, 0xF0, 0xFF, 0xFF,
  0xFF, 0x0F, 0x00, 0xFF, 0xFF, 0x0D, 0x00, 0xFF, 0xFF, 0x00, 0xD0, 0xFF, 0xFF, 0xFF, 0x0E, 0x00,
  0xFF, 0xFF, 0x0D, 0x00, 0xFF, 0xFF, 0x00, 0x00, 0xFF, 0xFF, 0xFF, 0x00, 0x00, 0xFF, 0xFF, 0x0D,
  0x00, 0xFF, 0xFF, 0x00, 0x00, 0xFF, 0xFF, 0xFF, 0x00, 0x00, 0xFF, 0xFF, 0x0D, 0x00, 0xFF, 0xFF,
  0x00, 0x00, 0xFD, 0xFF, 0xEF, 0x00, 0x00, 0xFF, 0xFF, 0x0D, 0x00, 0xFF, 0xFF, 0x00, 0x00, 0xF0,
  0xFF, 0x0F, 0x00, 0x00, 0xFF, 0xFF, 0x0D, 0x00, 0xFF, 0xFF, 0x0F, 0x00, 0x00, 0x00, 0xF0, 0xFF,
  0xFF, 0x00, 0xF0, 0xFF, 0xFF, 0x0E, 0x00, 0x00, 0x00, 0xFF, 0xFF, 0x0F, 0x00, 0xFF, 0xFF, 0xFF,
  0x00, 0x00, 0x00, 0xF0, 0xFF, 0xFF, 0x00, 0xF0, 0xFF, 0xFF, 0xFF, 0x00, 0x00, 0x00, 0xFF, 0xFF,
  0x0F, 0x00, 0xFF, 0xFF, 0xFF, 0xDF, 0x00, 0x00, 0xF0, 0xFF, 0xFF, 0x00, 0xF0, 0xFF, 0xFF, 0xFF,
  0x0F, 0x00, 0x00, 0xFF, 0xFF, 0x0F, 0x00, 0xFF, 0xFF, 0xFF, 0xFF, 0x0E, 0x00, 0xF0, 0xFF, 0xFF,
  0x00, 0xF0, 0xFF, 0xDF, 0xFF, 0xFF, 0x00, 0x00, 0xFF, 0xFF, 0x0F, 0x00, 0xFF, 0xFF, 0xF0, 0xFF,
  0xFF, 0x00, 0xF0, 0xFF, 0xFF, 0x00, 0xF0, 0xFF, 0x0F, 0xF0, 0xFF, 0xDF, 0x00, 0xFF, 0xFF, 0x0F,
  0x00, 0xFF, 0xFF, 0x00, 0xFF, 0xFF, 0x0F, 0xF0, 0xFF, 0xFF, 0x00, 0xF0, 0xFF, 0x0F, 0x00, 0xFF,
  0xFF, 0x0E, 0xFF, 0xFF, 0x0F, 0x00, 0xFF, 0xFF, 0x00, 0xE0, 0xFF, 0xFF, 0xF0, 0xFF, 0xFF, 0x00,
  0xF0, 0xFF, 0x0F, 0x00, 0xF0, 0xFF, 0xEF, 0xFF, 0xFF, 0x0F, 0x00, 0xFF, 0xFF, 0x00, 0x00, 0xF0,
  0xFF, 0xFF, 0xFF, 0xFF, 0x00, 0xF0, 0xFF, 0x0F, 0x00, 0x00, 0xFF, 0xFF, 0xFF, 0xFF, 0x0F, 0x00,
  0xFF, 0xFF, 0x00, 0x00, 0x00, 0xFF, 0xFF, 0xFF, 0xFF, 0x00, 0xF0, 0xFF, 0x0F, 0x00, 0x00, 0xE0,
  0xFF, 0xFF, 0xFF, 0x0F, 0x00, 0xFF, 0xFF, 0x00, 0x00, 0x00, 0xF0, 0xFF, 0xFF, 0xFF, 0x00, 0xF0,
  0xFF, 0x0F, 0x00, 0x00, 0x00, 0xF0, 0xFF, 0xFF, 0x0F, 0x00, 0xFF, 0xFF, 0x00, 0x00, 0x00, 0x00,
  0xFE, 0xFF, 0xFF, 0x00, 0x00, 0x00, 0x00, 0xE0, 0xFF, 0xFF, 0xFF, 0x0D, 0x00, 0x00, 0x00, 0x00,
  0x00, 0xE0, 0xFF, 0xFF, 0xFF, 0xFF, 0xFF, 0x0D, 0x00, 0x00, 0x00, 0x00, 0xFF, 0xFF, 0xFF, 0xFF,
  0xFF, 0xFF, 0xDF, 0x00, 0x00, 0x00, 0xF0, 0xFF, 0xFF, 0xFF, 0xEE, 0xFF, 0xFF, 0xFF, 0x0D, 0x00,
  0x00, 0xFD, 0xFF, 0xFF, 0x00, 0x00, 0x00, 0xFF, 0xFF, 0x0F, 0x00, 0x00, 0xFF, 0xFF, 0x0F, 0x00,
  0x00, 0x00, 0xFD, 0xFF, 0xEF, 0x00, 0x00, 0xFF, 0xFF, 0x0D, 0x00, 0x00, 0x00, 0xF0, 0xFF, 0xFF,
  0x00, 0xE0, 0xFF, 0xFF, 0x00, 0x00, 0x00, 0x00, 0xE0, 0xFF, 0xFF, 0x00, 0xF0, 0xFF, 0xFF, 0x00,
  0x00, 0x00, 0x00, 0x00, 0xFF, 0xFF, 0x00, 0xF0, 0xFF, 0xFF, 0x00, 0x00, 0x00, 0x00, 0x00, 0xFF,
  0xFF, 0x0D, 0xF0, 0xFF, 0xFF, 0x00, 0x00, 0x00, 0x00, 0x00, 0xFF, 0xFF, 0x0D, 0xF0, 0xFF, 0xFF,
  0x00, 0x00, 0x00, 0x00, 0x00, 0xFF, 0xFF, 0x0D, 0xF0, 0xFF, 0xFF, 0x00, 0x00, 0x00, 0x00, 0x00,
  0xFF, 0xFF, 0x00, 0xE0, 0xFF, 0xFF, 0x00, 0x00, 0x00, 0x00, 0xD0, 0xFF, 0xFF, 0x00, 0x00, 0xFF,
  0xFF, 0x0D, 0x00, 0x00, 0x00, 0xF0, 0xFF, 0xFF, 0x00, 0x00, 0xFF, 0xFF, 0x0F, 0x00, 0x00, 0x00,
  0xFD, 0xFF, 0xEF, 0x00, 0x00, 0xFD, 0xFF, 0xFF, 0x00, 0x00, 0x00, 0xFF, 0xFF, 0x0F, 0x00, 0x00,
  0xF0, 0xFF, 0xFF, 0xFF, 0xEE, 0xFF, 0xFF, 0xFF, 0x0D, 0x00, 0x00, 0x00, 0xFF, 0xFF, 0xFF, 0xFF,
  0xFF, 0xFF, 0xDF, 0x00, 0x00, 0x00, 0x00, 0xE0, 0xFF, 0xFF, 0xFF, 0xFF, 0xFF, 0x0D, 0x00, 0x00,
  0x00, 0x00, 0x00, 0xE0, 0xFF, 0xFF, 0xFF, 0x0D, 0x00, 0x00, 0x00, 0x00, 0xFF, 0xFF, 0xFF, 0xFF,
  0xFF, 0x0F, 0x00, 0x00, 0x00, 0xFF, 0xFF, 0xFF, 0xFF, 0xFF, 0xFF, 0x0F, 0x00, 0x00, 0xFF, 0xFF,
  0xFF, 0xFF, 0xFF, 0xFF, 0xFF, 0x00, 0x00, 0xFF, 0xFF, 0xEE, 0xEE, 0xFF, 0xFF, 0xFF, 0x0D, 0x00,
  0xFF, 0xFF, 0x00, 0x00, 0x00, 0xFF, 0xFF, 0x0F, 0x00, 0xFF, 0xFF, 0x00, 0x00, 0x00, 0xFF, 0xFF,
  0x0F, 0x00, 0xFF, 0xFF, 0x00, 0x00, 0x00, 0xFD, 0xFF, 0x0F, 0x00, 0xFF, 0xFF, 0x00, 0x00, 0x00,
  0xFE, 0xFF, 0x0F, 0x00, 0xFF, 0xFF, 0x00, 0x00, 0x00, 0xFF, 0xFF, 0x0F, 0x00, 0xFF, 0xFF, 0x00,
  0x00, 0x00, 0xFF, 0xFF, 0x0F, 0x00, 0xFF, 0xFF, 0xEE, 0xEE, 0xFF, 0xFF, 0xFF, 0x0D, 0x00, 0xFF,
  0xFF, 0xFF, 0xFF, 0xFF, 0xFF, 0xFF, 0x00, 0x00, 0xFF, 0xFF, 0xFF, 0xFF, 0xFF, 0xFF, 0x0F, 0x00,
  0x00, 0xFF, 0xFF, 0xFF, 0xFF, 0xFF, 0x0F, 0x00, 0x00, 0x00, 0xFF, 0xFF, 0x00, 0x00, 0x00, 0x00,
  0x00, 0x00, 0x00, 0xFF, 0xFF, 0x00, 0x00, 0x00, 0x00, 0x00, 0x00, 0x00, 0xFF, 0xFF, 0x00, 0x00,
  0x00, 0x00, 0x00, 0x00, 0x00, 0xFF, 0xFF, 0x00, 0x00, 0x00, 0x00, 0x00, 0x00, 0x00, 0xFF, 0xFF,
  0x00, 0x00, 0x00, 0x00, 0x00, 0x00, 0x00, 0xFF, 0xFF, 0x00, 0x00, 0x00, 0x00, 0x00, 0x00, 0x00,
  0xFF, 0xFF, 0x00, 0x00, 0x00, 0x00, 0x00, 0x00, 0x00, 0x00, 0x00, 0xE0, 0xFF, 0xFF, 0xFF, 0x0D,
  0x00, 0x00, 0x00, 0x00, 0x00, 0xE0, 0xFF, 0xFF, 0xFF, 0xFF, 0xFF, 0x00, 0x00, 0x00, 0x00, 0x00,
  0xFF, 0xFF, 0xFF, 0xFF, 0xFF, 0xFF, 0xDF, 0x00, 0x00, 0x00, 0xF0, 0xFF, 0xFF, 0xFF, 0xEE, 0xFF,
  0xFF, 0xFF, 0x00, 0x00, 0x00, 0xFD, 0xFF, 0xFF, 0x00, 0x00, 0xD0, 0xFF, 0xFF, 0x0F, 0x00, 0x00,
  0xFF, 0xFF, 0x0F, 0x00, 0x00, 0x00, 0xFD, 0xFF, 0xDF, 0x00, 0x00, 0xFF, 0xFF, 0x0D, 0x00, 0x00,
  0x00, 0xF0, 0xFF, 0xFF, 0x00, 0xE0, 0xFF, 0xFF, 0x00, 0x00, 0x00, 0x00, 0xE0, 0xFF, 0xFF, 0x00,
  0xF0, 0xFF, 0xFF, 0x00, 0x00, 0x00, 0x00, 0x00, 0xFF, 0xFF, 0x00, 0xF0, 0xFF, 0xFF, 0x00, 0x00,
  0x00, 0x00, 0x00, 0xFF, 0xFF, 0x0D, 0xF0, 0xFF, 0xFF, 0x00, 0x00, 0x00, 0x00, 0x00, 0xFF, 0xFF,
  0x0D, 0xF0, 0xFF, 0xFF, 0x00, 0x00, 0x00, 0x00, 0x00, 0xFF, 0xFF, 0x0D, 0xF0, 0xFF, 0xFF, 0x00,
  0x00, 0x00, 0x00, 0x00, 0xFF, 0xFF, 0x00, 0xE0, 0xFF, 0xFF, 0x00, 0x00, 0x00, 0x00, 0xE0, 0xFF,
  0xFF, 0x00, 0x00, 0xFF, 0xFF, 0x0D, 0x00, 0xFF, 0xFF, 0xF0, 0xFF, 0xFF, 0x00, 0x00, 0xFF, 0xFF,
  0x0F, 0x00, 0xFE, 0xFF, 0xFE, 0xFF, 0xEF, 0x00, 0x00, 0xFD, 0xFF, 0xFF, 0x00, 0xF0, 0xFF, 0xFF,
  0xFF, 0x0F, 0x00, 0x00, 0xF0, 0xFF, 0xFF, 0xFF, 0xEE, 0xFF, 0xFF, 0xFF, 0x0E, 0x00, 0x00, 0x00,
  0xFF, 0xFF, 0xFF, 0xFF, 0xFF, 0xFF, 0xFF, 0x00, 0x00, 0x00, 0x00, 0xE0, 0xFF, 0xFF, 0xFF, 0xFF,
  0xFF, 0xFF, 0x00, 0x00, 0x00, 0x00, 0x00, 0xE0, 0xFF, 0xFF, 0xFF, 0xFF, 0xFF, 0x0E, 0x00, 0x00,
  0x00, 0x00, 0x00, 0x00, 0x00, 0x00, 0xF0, 0xFF, 0xDF, 0x00, 0x00, 0x00, 0x00, 0x00, 0x00, 0x00,
  0x00, 0x00, 0xEE, 0xEE, 0x00, 0x00, 0xFF, 0xFF, 0xFF, 0xFF, 0xFF, 0xDF, 0x00, 0x00, 0x00, 0xFF,
  0xFF, 0xFF, 0xFF, 0xFF, 0xFF, 0x0F, 0x00, 0x00, 0xFF, 0xFF, 0xFF, 0xFF, 0xFF, 0xFF, 0xFF, 0x00,
  0x00, 0xFF, 0xFF, 0xEE, 0xEE, 0xFF, 0xFF, 0xFF, 0x0E, 0x00, 0xFF, 0xFF, 0x00, 0x00, 0x00, 0xFF,
  0xFF, 0x0F, 0x00, 0xFF, 0xFF, 0x00, 0x00, 0x00, 0xFE, 0xFF, 0x0F, 0x00, 0xFF, 0xFF, 0x00, 0x00,
  0x00, 0xFD, 0xFF, 0x0F, 0x00, 0xFF, 0xFF, 0x00, 0x00, 0x00, 0xFE, 0xFF, 0x0F, 0x00, 0xFF, 0xFF,
  0x00, 0x00, 0x00, 0xFF, 0xFF, 0x0F, 0x00, 0xFF, 0xFF, 0x00, 0x00, 0xFD, 0xFF, 0xFF, 0x0F, 0x00,
  0xFF, 0xFF, 0xFF, 0xFF, 0xFF, 0xFF, 0xFF, 0x00, 0x00, 0xFF, 0xFF, 0xFF, 0xFF, 0xFF, 0xFF, 0xDF,
  0x00, 0x00, 0xFF, 0xFF, 0xFF, 0xFF, 0xFF, 0xFF, 0x00, 0x00, 0x00, 0xFF, 0xFF, 0xEE, 0xFE, 0xFF,
  0xFF, 0x00, 0x00, 0x00, 0xFF, 0xFF, 0x00, 0x00, 0xFF, 0xFF, 0x0E, 0x00, 0x00, 0xFF, 0xFF, 0x00,
  0x00, 0xFF, 0xFF, 0x0F, 0x00, 0x00, 0xFF, 0xFF, 0x00, 0x00, 0xF0, 0xFF, 0xEF, 0x00, 0x00, 0xFF,
  0xFF, 0x00, 0x00, 0xF0, 0xFF, 0xFF, 0x00, 0x00, 0xFF, 0xFF, 0x00, 0x00, 0x00, 0xFF, 0xFF, 0x0E,
  0x00, 0xFF, 0xFF, 0x00, 0x00, 0x00, 0xFF, 0xFF, 0x0F, 0x00, 0xFF, 0xFF, 0x00, 0x00, 0x00, 0xF0,
  0xFF, 0xFF, 0x00, 0x00, 0xD0, 0xFF, 0xFF, 0xFF, 0x0E, 0x00, 0x00, 0x00, 0x00, 0xFF, 0xFF, 0xFF,
  0xFF, 0xFF, 0x0F, 0x00, 0x00, 0xF0, 0xFF, 0xFF, 0xFF, 0xFF, 0xFF, 0xFF, 0x00, 0x00, 0xFF, 0xFF,
  0xFF, 0xEE, 0xFE, 0xFF, 0xFF, 0x0D, 0x00, 0xFF, 0xFF, 0x0E, 0x00, 0x00, 0xFF, 0xFF, 0x0F, 0xD0,
  0xFF, 0xFF, 0x00, 0x00, 0x00, 0xFD, 0xFF, 0x0F, 0xD0, 0xFF, 0xFF, 0x0D, 0x00, 0x00, 0x00, 0x00,
  0x00, 0x00, 0xFF, 0xFF, 0xDF, 0x00, 0x00, 0x00, 0x00, 0x00, 0x00, 0xFF, 0xFF, 0xFF, 0xFF, 0x0E,
  0x00, 0x00, 0x00, 0x00, 0xF0, 0xFF, 0xFF, 0xFF, 0xFF, 0xEF, 0x00, 0x00, 0x00, 0x00, 0xFF, 0xFF,
  0xFF, 0xFF, 0xFF, 0x0F, 0x00, 0x00, 0x00, 0xD0, 0xFF, 0xFF, 0xFF, 0xFF, 0xFF, 0x00, 0x00, 0x00,
  0x00, 0x00, 0xE0, 0xFF, 0xFF, 0xFF, 0x0F, 0x00, 0x00, 0x00, 0x00, 0x00, 0x00, 0xFF, 0xFF, 0x0F,
  0xE0, 0xFF, 0x0F, 0x00, 0x00, 0x00, 0xF0, 0xFF, 0x0F, 0xF0, 0xFF, 0xEF, 0x00, 0x00, 0x00, 0xF0,
  0xFF, 0x0F, 0xE0, 0xFF, 0xFF, 0x00, 0x00, 0x00, 0xFF, 0xFF, 0x0F, 0x00, 0xFF, 0xFF, 0xFF, 0xEE,
  0xFE, 0xFF, 0xFF, 0x0F, 0x00, 0xFE, 0xFF, 0xFF, 0xFF, 0xFF, 0xFF, 0xFF, 0x00, 0x00, 0xE0, 0xFF,
  0xFF, 0xFF, 0xFF, 0xFF, 0x0F, 0x00, 0x00, 0x00, 0xE0, 0xFF, 0xFF, 0xFF, 0xDF, 0x00, 0x00, 0xF0,
  0xFF, 0xFF, 0xFF, 0xFF, 0xFF, 0xFF, 0xFF, 0xFF, 0x00, 0xFF, 0xFF, 0xFF, 0xFF, 0xFF, 0xFF, 0xFF,
  0xFF, 0x0F, 0xF0, 0xFF, 0xFF, 0xFF, 0xFF, 0xFF, 0xFF, 0xFF, 0xFF, 0x00, 0xEE, 0xEE, 0xEE, 0xFF,
  0xFF, 0xEF, 0xEE, 0xEE, 0x0D, 0x00, 0x00, 0x00, 0xF0, 0xFF, 0xEF, 0x00, 0x00, 0x00, 0x00, 0x00,
  0x00, 0x00, 0xFF, 0xFF, 0x0E, 0x00, 0x00, 0x00, 0x00, 0x00, 0x00, 0xF0, 0xFF, 0xEF, 0x00, 0x00,
  0x00, 0x00, 0x00, 0x00, 0x00, 0xFF, 0xFF, 0x0E, 0x00, 0x00, 0x00, 0x00, 0x00, 0x00, 0xF0, 0xFF,
  0xEF, 0x00, 0x00, 0x00, 0x00, 0x00, 0x00, 0x00, 0xFF, 0xFF, 0x0E, 0x00, 0x00, 0x00, 0x00, 0x00,
  0x00, 0xF0, 0xFF, 0xEF, 0x00, 0x00, 0x00, 0x00, 0x00, 0x00, 0x00, 0xFF, 0xFF, 0x0E, 0x00, 0x00,
  0x00, 0x00, 0x00, 0x00, 0xF0, 0xFF, 0xEF, 0x00, 0x00, 0x00, 0x00, 0x00, 0x00, 0x00, 0xFF, 0xFF,
  0x0E, 0x00, 0x00, 0x00, 0x00, 0x00, 0x00, 0xF0, 0xFF, 0xEF, 0x00, 0x00, 0x00, 0x00, 0x00, 0x00,
  0x00, 0xFF, 0xFF, 0x0E, 0x00, 0x00, 0x00, 0x00, 0x00, 0x00, 0xF0, 0xFF, 0xEF, 0x00, 0x00, 0x00,
  0x00, 0x00, 0x00, 0x00, 0xFF, 0xFF, 0x0E, 0x00, 0x00, 0x00, 0x00, 0x00, 0x00, 0xF0, 0xFF, 0xEF,
  0x00, 0x00, 0x00, 0x00, 0x00, 0x00, 0x00, 0xFF, 0xFF, 0x0E, 0x00, 0x00, 0x00, 0x00, 0x00, 0x00,
  0xF0, 0xFF, 0xEF, 0x00, 0x00, 0x00, 0x00, 0x00, 0xFF, 0xFF, 0x00, 0x00, 0x00, 0x00, 0xFF, 0xFF,
  0x0F, 0x00, 0xF0, 0xFF, 0x0F, 0x00, 0x00, 0x00, 0xF0, 0xFF, 0xFF, 0x00, 0x00, 0xFF, 0xFF, 0x00,
  0x00, 0x00, 0x00, 0xFF, 0xFF, 0x0F, 0x00, 0xF0, 0xFF, 0x0F, 0x00, 0x00, 0x00, 0xF0, 0xFF, 0xFF,
  0x00, 0x00, 0xFF, 0xFF, 0x00, 0x00, 0x00, 0x00, 0xFF, 0xFF, 0x0F, 0x00, 0xF0, 0xFF, 0x0F, 0x00,
  0x00, 0x00, 0xF0, 0xFF, 0xFF, 0x00, 0x00, 0xFF, 0xFF, 0x00, 0x00, 0x00, 0x00, 0xFF, 0xFF, 0x0F,
  0x00, 0xF0, 0xFF, 0x0F, 0x00, 0x00, 0x00, 0xF0, 0xFF, 0xFF, 0x00, 0x00, 0xFF, 0xFF, 0x00, 0x00,
  0x00, 0x00, 0xFF, 0xFF, 0x0F, 0x00, 0xF0, 0xFF, 0x0F, 0x00, 0x00, 0x00, 0xF0, 0xFF, 0xFF, 0x00,
  0x00, 0xFF, 0xFF, 0x00, 0x00, 0x00, 0x00, 0xFF, 0xFF, 0x0F, 0x00, 0xF0, 0xFF, 0x0F, 0x00, 0x00,
  0x00, 0xF0, 0xFF, 0xFF, 0x00, 0x00, 0xFF, 0xFF, 0x00, 0x00, 0x00, 0x00, 0xFF, 0xFF, 0x0F, 0x00,
  0xF0, 0xFF, 0x0F, 0x00, 0x00, 0x00, 0xF0, 0xFF, 0xFF, 0x00, 0x00, 0xFF, 0xFF, 0x00, 0x00, 0x00,
  0x00, 0xFF, 0xFF, 0x0F, 0x00, 0xF0, 0xFF, 0xFF, 0x00, 0x00, 0x00, 0xF0, 0xFF, 0xEF, 0x00, 0x00,
  0xFF, 0xFF, 0xDF, 0x00, 0x00, 0xF0, 0xFF, 0xFF, 0x00, 0x00, 0x00, 0xFF, 0xFF, 0xFF, 0xEE, 0xFE,
  0xFF, 0xFF, 0x0E, 0x00, 0x00, 0xD0, 0xFF, 0xFF, 0xFF, 0xFF, 0xFF, 0xFF, 0x0F, 0x00, 0x00, 0x00,
  0x00, 0xFF, 0xFF, 0xFF, 0xFF, 0xFF, 0x0E, 0x00, 0x00, 0x00, 0x00, 0x00, 0xFD, 0xFF, 0xFF, 0xEF,
  0x00, 0x00, 0x00, 0x00, 0xF0, 0xFF, 0xEF, 0x00, 0x00, 0x00, 0x00, 0xF0, 0xFF, 0xFF, 0x00, 0xFF,
  0xFF, 0x0F, 0x00, 0x00, 0x00, 0x00, 0xFF, 0xFF, 0x0F, 0xE0, 0xFF, 0xFF, 0x00, 0x00, 0x00, 0x00,
  0xF0, 0xFF, 0xEF, 0x00, 0xF0, 0xFF, 0xEF, 0x00, 0x00, 0x00, 0xE0, 0xFF, 0xFF, 0x00, 0x00, 0xFF,
  0xFF, 0x0F, 0x00, 0x00, 0x00, 0xFF, 0xFF, 0x0F, 0x00, 0xE0, 0xFF, 0xFF, 0x00, 0x00, 0x00, 0xF0,
  0xFF, 0xEF, 0x00, 0x00, 0xF0, 0xFF, 0xEF, 0x00, 0x00, 0xE0, 0xFF, 0xFF, 0x00, 0x00, 0x00, 0xFF,
  0xFF, 0x0F, 0x00, 0x00, 0xFF, 0xFF, 0x0F, 0x00, 0x00, 0xE0, 0xFF, 0xFF, 0x00, 0x00, 0xF0, 0xFF,
  0xEF, 0x00, 0x00, 0x00, 0xF0, 0xFF, 0xEF, 0x00, 0xE0, 0xFF, 0xFF, 0x00, 0x00, 0x00, 0x00, 0xFF,
  0xFF, 0x0F, 0x00, 0xFF, 0xFF, 0x0F, 0x00, 0x00, 0x00, 0xE0, 0xFF, 0xFF, 0x00, 0xF0, 0xFF, 0xEF,
  0x00, 0x00, 0x00, 0x00, 0xF0, 0xFF, 0xDF, 0x00, 0xFF, 0xFF, 0x00, 0x00, 0x00, 0x00, 0x00, 0xFF,
  0xFF, 0x0F, 0xFE, 0xFF, 0x0F, 0x00, 0x00, 0x00, 0x00, 0xE0, 0xFF, 0xFF, 0xF0, 0xFF, 0xEF, 0x00,
  0x00, 0x00, 0x00, 0x00, 0xF0, 0xFF, 0x0F, 0xFF, 0xFF, 0x00, 0x00, 0x00, 0x00, 0x00, 0x00, 0xFF,
  0xFF, 0xFE, 0xFF, 0x0F, 0x00, 0x00, 0x00, 0x00, 0x00, 0xE0, 0xFF, 0xFF, 0xFF, 0xEF, 0x00, 0x00,
  0x00, 0x00, 0x00, 0x00, 0xF0, 0xFF, 0xFF, 0xFF, 0x00, 0x00, 0x00, 0x00, 0x00, 0x00, 0x00, 0xFF,
  0xFF, 0xFF, 0x0F, 0x00, 0x00, 0x00, 0x00, 0x00, 0x00, 0xE0, 0xFF, 0xFF, 0xEF, 0x00, 0x00, 0x00,
  0x00, 0xFD, 0xFF, 0xEF, 0x00, 0x00, 0x00, 0xFF, 0xFF, 0x0F, 0x00, 0x00, 0xD0, 0xFF, 0xFF, 0x0D,
  0xFF, 0xFF, 0x0F, 0x00, 0x00, 0xF0, 0xFF, 0xFF, 0x00, 0x00, 0x00, 0xFF, 0xFF, 0x0F, 0xF0, 0xFF,
  0xFF, 0x00, 0x00, 0xD0, 0xFF, 0xFF, 0xDF, 0x00, 0x00, 0xF0, 0xFF, 0xFF, 0x00, 0xFE, 0xFF, 0x0F,
  0x00, 0x00, 0xFE, 0xFF, 0xFF, 0x0F, 0x00, 0x00, 0xFF, 0xFF, 0x0E, 0x00, 0xFF, 0xFF, 0x0D, 0x00,
  0xF0, 0xFF, 0xFF, 0xFF, 0x00, 0x00, 0xFD, 0xFF, 0xDF, 0x00, 0xF0, 0xFF, 0xEF, 0x00, 0x00, 0xFF,
  0xFF, 0xFF, 0x0F, 0x00, 0xE0, 0xFF, 0xFF, 0x00, 0x00, 0xFF, 0xFF, 0x0F, 0x00, 0xFD, 0xFF, 0xFF,
  0xFF, 0x0D, 0x00, 0xFF, 0xFF, 0x0F, 0x00, 0xE0, 0xFF, 0xFF, 0x00, 0xE0, 0xFF, 0xEF, 0xFF, 0xEF,
  0x00, 0xF0, 0xFF, 0xEF, 0x00, 0x00, 0xF0, 0xFF, 0x0F, 0x00, 0xFF, 0xFF, 0xF0, 0xFF, 0x0F, 0x00,
  0xFF, 0xFF, 0x00, 0x00, 0x00, 0xFF, 0xFF, 0x0E, 0xF0, 0xFF, 0x0F, 0xFF, 0xFF, 0x00, 0xFE, 0xFF,
  0x0F, 0x00, 0x00, 0xF0, 0xFF, 0xFF, 0x00, 0xFF, 0xFF, 0xF0, 0xFF, 0xDF, 0xF0, 0xFF, 0xFF, 0x00,
  0x00, 0x00, 0xFE, 0xFF, 0x0F, 0xFE, 0xFF, 0x0E, 0xFD, 0xFF, 0x0E, 0xFF, 0xFF, 0x0E, 0x00, 0x00,
  0x00, 0xFF, 0xFF, 0xF0, 0xFF, 0x0F, 0x00, 0xFF, 0xFF, 0xF0, 0xFF, 0x0F, 0x00, 0x00, 0x00, 0xF0,
  0xFF, 0x0F, 0xFF, 0xFF, 0x00, 0xF0, 0xFF, 0x0F, 0xFF, 0xFF, 0x00, 0x00, 0x00, 0x00, 0xFF, 0xFF,
  0xFE, 0xFF, 0x0F, 0x00, 0xFF, 0xFF, 0xFD, 0xFF, 0x0F, 0x00, 0x00, 0x00, 0xD0, 0xFF, 0xFF, 0xFF,
  0xDF, 0x00, 0xD0, 0xFF, 0xFF, 0xFF, 0xEF, 0x00, 0x00, 0x00, 0x00, 0xF0, 0xFF, 0xFF, 0xFF, 0x00,
  0x00, 0xF0, 0xFF, 0xFF, 0xFF, 0x00, 0x00, 0x00, 0x00, 0x00, 0xFF, 0xFF, 0xFF, 0x0F, 0x00, 0x00,
  0xFF, 0xFF, 0xFF, 0x0F, 0x00, 0x00, 0x00, 0x00, 0xF0, 0xFF, 0xFF, 0xFF, 0x00, 0x00, 0xF0, 0xFF,
  0xFF, 0xFF, 0x00, 0x00, 0x00, 0x00, 0x00, 0xFD, 0xFF, 0xFF, 0x0D, 0x00, 0x00, 0xFD, 0xFF, 0xFF,
  0x0D, 0x00, 0x00, 0x00, 0x00, 0x00, 0xFF, 0xFF, 0x0F, 0x00, 0x00, 0x00, 0xFF, 0xFF, 0x0F, 0x00,
  0x00, 0x00, 0xE0, 0xFF, 0xFF, 0x0E, 0x00, 0x00, 0x00, 0xFF, 0xFF, 0x0F, 0x00, 0xF0, 0xFF, 0xFF,
  0x00, 0x00, 0x00, 0xFD, 0xFF, 0xEF, 0x00, 0x00, 0xF0, 0xFF, 0xFF, 0x00, 0x00, 0xF0, 0xFF, 0xFF,
  0x00, 0x00, 0x00, 0xFE, 0xFF, 0xEF, 0x00, 0xF0, 0xFF, 0xFF, 0x00, 0x00, 0x00, 0x00, 0xFF, 0xFF,
  0x0F, 0x00, 0xFF, 0xFF, 0x0E, 0x00, 0x00, 0x00, 0x00, 0xFF, 0xFF, 0x0E, 0xFF, 0xFF, 0x0F, 0x00,
  0x00, 0x00, 0x00, 0xE0, 0xFF, 0xFF, 0xFD, 0xFF, 0xDF, 0x00, 0x00, 0x00, 0x00, 0x00, 0xF0, 0xFF,
  0xFF, 0xFF, 0xFF, 0x00, 0x00, 0x00, 0x00, 0x00, 0x00, 0xFD, 0xFF, 0xFF, 0xFF, 0x00, 0x00, 0x00,
  0x00, 0x00, 0x00, 0x00, 0xFF, 0xFF, 0xFF, 0x0D, 0x00, 0x00, 0x00, 0x00, 0x00, 0x00, 0x00, 0xFF,
  0xFF, 0x0F, 0x00, 0x00, 0x00, 0x00, 0x00, 0x00, 0x00, 0xFF, 0xFF, 0xFF, 0x0F, 0x00, 0x00, 0x00,
  0x00, 0x00, 0x00, 0xFE, 0xFF, 0xFF, 0xFF, 0x0D, 0x00, 0x00, 0x00, 0x00, 0x00, 0xF0, 0xFF, 0xFF,
  0xFF, 0xFF, 0x00, 0x00, 0x00, 0x00, 0x00, 0xF0, 0xFF, 0xFF, 0xF0, 0xFF, 0xFF, 0x00, 0x00, 0x00,
  0x00, 0xF0, 0xFF, 0xFF, 0x0D, 0xFF, 0xFF, 0xDF, 0x00, 0x00, 0x00, 0xD0, 0xFF, 0xFF, 0x0F, 0x00,
  0xFF, 0xFF, 0x0F, 0x00, 0x00, 0x00, 0xFF, 0xFF, 0x0F, 0x00, 0xD0, 0xFF, 0xFF, 0x0F, 0x00, 0x00,
  0xFF, 0xFF, 0xDF, 0x00, 0x00, 0xF0, 0xFF, 0xFF, 0x0D, 0x00, 0xFD, 0xFF, 0xFF, 0x00, 0x00, 0x00,
  0xF0, 0xFF, 0xFF, 0x00, 0xF0, 0xFF, 0xFF, 0x00, 0x00, 0x00, 0x00, 0xFD, 0xFF, 0xFF, 0x00, 0xF0,
  0xFF, 0xFF, 0x00, 0x00, 0x00, 0x00, 0xFE, 0xFF, 0xFF, 0xE0, 0xFF, 0xFF, 0x0E, 0x00, 0x00, 0x00,
  0xFF, 0xFF, 0x0F, 0x00, 0xFF, 0xFF, 0x0F, 0x00, 0x00, 0xE0, 0xFF, 0xFF, 0x0E, 0x00, 0xFE, 0xFF,
  0xEF, 0x00, 0x00, 0xF0, 0xFF, 0xFF, 0x00, 0x00, 0xF0, 0xFF, 0xFF, 0x00, 0x00, 0xFE, 0xFF, 0xDF,
  0x00, 0x00, 0xD0, 0xFF, 0xFF, 0x0E, 0x00, 0xFF, 0xFF, 0x0F, 0x00, 0x00, 0x00, 0xFF, 0xFF, 0x0F,
  0xE0, 0xFF, 0xFF, 0x00, 0x00, 0x00, 0x00, 0xF0, 0xFF, 0xEF, 0xF0, 0xFF, 0xFF, 0x00, 0x00, 0x00,
  0x00, 0xE0, 0xFF, 0xFF, 0xFD, 0xFF, 0x0F, 0x00, 0x00, 0x00, 0x00, 0x00, 0xFF, 0xFF, 0xFF, 0xFF,
  0x0E, 0x00, 0x00, 0x00, 0x00, 0x00, 0xFE, 0xFF, 0xFF, 0xFF, 0x00, 0x00, 0x00, 0x00, 0x00, 0x00,
  0xF0, 0xFF, 0xFF, 0xEF, 0x00, 0x00, 0x00, 0x00, 0x00, 0x00, 0xD0, 0xFF, 0xFF, 0x0F, 0x00, 0x00,
  0x00, 0x00, 0x00, 0x00, 0x00, 0xFF, 0xFF, 0x0E, 0x00, 0x00, 0x00, 0x00, 0x00, 0x00, 0x00, 0xFF,
  0xFF, 0x0E, 0x00, 0x00, 0x00, 0x00, 0x00, 0x00, 0x00, 0xFF, 0xFF, 0x0E, 0x00, 0x00, 0x00, 0x00,
  0x00, 0x00, 0x00, 0xFF, 0xFF, 0x0E, 0x00, 0x00, 0x00, 0x00, 0x00, 0x00, 0x00, 0xFF, 0xFF, 0x0E,
  0x00, 0x00, 0x00, 0x00, 0x00, 0x00, 0x00, 0xFF, 0xFF, 0x0E, 0x00, 0x00, 0x00, 0x00, 0x00, 0x00,
  0x00, 0xFF, 0xFF, 0x0E, 0x00, 0x00, 0x00, 0x00, 0x00, 0x00, 0x00, 0xFF, 0xFF, 0x0E, 0x00, 0x00,
  0x00, 0xE0, 0xFF, 0xFF, 0xFF, 0xFF, 0xFF, 0xFF, 0xFF, 0x0F, 0x00, 0xFE, 0xFF, 0xFF, 0xFF, 0xFF,
  0xFF, 0xFF, 0xFF, 0x00, 0xE0, 0xFF, 0xFF, 0xFF, 0xFF, 0xFF, 0xFF, 0xFF, 0x0F, 0x00, 0xE0, 0xEE,
  0xEE, 0xEE, 0xEE, 0xFE, 0xFF, 0xDF, 0x00, 0x00, 0x00, 0x00, 0x00, 0x00, 0xF0, 0xFF, 0xFF, 0x00,
  0x00, 0x00, 0x00, 0x00, 0x00, 0xF0, 0xFF, 0xFF, 0x00, 0x00, 0x00, 0x00, 0x00, 0x00, 0xE0, 0xFF,
  0xFF, 0x0D, 0x00, 0x00, 0x00, 0x00, 0x00, 0x00, 0xFF, 0xFF, 0x0F, 0x00, 0x00, 0x00, 0x00, 0x00,
  0x00, 0xFF, 0xFF, 0x0F, 0x00, 0x00, 0x00, 0x00, 0x00, 0x00, 0xFE, 0xFF, 0xDF, 0x00, 0x00, 0x00,
  0x00, 0x00, 0x00, 0xF0, 0xFF, 0xFF, 0x00, 0x00, 0x00, 0x00, 0x00, 0x00, 0xF0, 0xFF, 0xFF, 0x00,
  0x00, 0x00, 0x00, 0x00, 0x00, 0xE0, 0xFF, 0xFF, 0x0D, 0x00, 0x00, 0x00, 0x00, 0x00, 0x00, 0xFF,
  0xFF, 0x0F, 0x00, 0x00, 0x00, 0x00, 0x00, 0x00, 0xFF, 0xFF, 0x0F, 0x00, 0x00, 0x00, 0x00, 0x00,
  0x00, 0xFE, 0xFF, 0xDF, 0x00, 0x00, 0x00, 0x00, 0x00, 0x00, 0xF0, 0xFF, 0xEF, 0x00, 0x00, 0x00,
  0x00, 0x00, 0x00, 0xF0, 0xFF, 0xFF, 0xEE, 0xEE, 0xEE, 0xEE, 0xEE, 0x00, 0xD0, 0xFF, 0xFF, 0xFF,
  0xFF, 0xFF, 0xFF, 0xFF, 0x0F, 0x00, 0xFE, 0xFF, 0xFF, 0xFF, 0xFF, 0xFF, 0xFF, 0xFF, 0x00, 0xE0,
  0xFF, 0xFF, 0xFF, 0xFF, 0xFF, 0xFF, 0xFF, 0x0F, 0x00, 0x00, 0xE0, 0xEE, 0xEE, 0x0E, 0x00, 0xF0,
  0xFF, 0xFF, 0xFF, 0x00, 0x00, 0xFF, 0xFF, 0xFF, 0x0F, 0x00, 0xF0, 0xFF, 0xFF, 0xFF, 0x00, 0x00,
  0xFF, 0xFF, 0x0E, 0x00, 0x00, 0xF0, 0xFF, 0xEF, 0x00, 0x00, 0x00, 0xFF, 0xFF, 0x0E, 0x00, 0x00,
  0xF0, 0xFF, 0xEF, 0x00, 0x00, 0x00, 0xFF, 0xFF, 0x0E, 0x00, 0x00, 0xF0, 0xFF, 0xEF, 0x00, 0x00,
  0x00, 0xFF, 0xFF, 0x0E, 0x00, 0x00, 0xF0, 0xFF, 0xEF, 0x00, 0x00, 0x00, 0xFF, 0xFF, 0x0E, 0x00,
  0x00, 0xF0, 0xFF, 0xEF, 0x00, 0x00, 0x00, 0xFF, 0xFF, 0x0E, 0x00, 0x00, 0xF0, 0xFF, 0xEF, 0x00,
  0x00, 0x00, 0xFF, 0xFF, 0x0E, 0x00, 0x00, 0xF0, 0xFF, 0xEF, 0x00, 0x00, 0x00, 0xFF, 0xFF, 0x0E,
  0x00, 0x00, 0xF0, 0xFF, 0xEF, 0x00, 0x00, 0x00, 0xFF, 0xFF, 0x0E, 0x00, 0x00, 0xF0, 0xFF, 0xEF,
  0x00, 0x00, 0x00, 0xFF, 0xFF, 0x0E, 0x00, 0x00, 0xF0, 0xFF, 0xFF, 0xEE, 0x00, 0x00, 0xFF, 0xFF,
  0xFF, 0x0F, 0x00, 0xF0, 0xFF, 0xFF, 0xFF, 0x00, 0x00, 0xFF, 0xFF, 0xFF, 0x0F, 0x00, 0xFE, 0xFF,
  0x00, 0x00, 0x00, 0xD0, 0xFF, 0xEF, 0x00, 0x00, 0x00, 0xF0, 0xFF, 0x0F, 0x00, 0x00, 0x00, 0xFF,
  0xFF, 0x00, 0x00, 0x00, 0xE0, 0xFF, 0x0F, 0x00, 0x00, 0x00, 0xF0, 0xFF, 0x0E, 0x00, 0x00, 0x00,
  0xFF, 0xFF, 0x00, 0x00, 0x00, 0xF0, 0xFF, 0x0F, 0x00, 0x00, 0x00, 0xFE, 0xFF, 0x00, 0x00, 0x00,
  0x00, 0xFF, 0xEF, 0x00, 0x00, 0x00, 0xF0, 0xFF, 0x0F, 0x00, 0x00, 0x00, 0xFF, 0xFF, 0x00, 0x00,
  0x00, 0xE0, 0xFF, 0xDF, 0x00, 0x00, 0x00, 0xF0, 0xFF, 0x0E, 0x00, 0x00, 0x00, 0xFF, 0xFF, 0x00,
  0x00, 0x00, 0xF0, 0xFF, 0x0F, 0x00, 0x00, 0x00, 0xFD, 0xFF, 0x0D, 0x00, 0x00, 0x00, 0xFF, 0xFF,
  0x00, 0x00, 0x00, 0xF0, 0xFF, 0x0F, 0x00, 0x00, 0x00, 0xFE, 0xFF, 0x00, 0x00, 0x00, 0xD0, 0xFF,
  0xEF, 0x00, 0x00, 0x00, 0xF0, 0xFF, 0x0F, 0x00, 0x00, 0x00, 0xFF, 0xFF, 0x00, 0x00, 0x00, 0xE0,
  0xFF, 0x0F, 0x00, 0x00, 0x00, 0xF0, 0xFF, 0x0E, 0xD0, 0xEE, 0xEE, 0xEE, 0x00, 0x00, 0xFF, 0xFF,
  0xFF, 0x0F, 0x00, 0xF0, 0xFF, 0xFF, 0xFF, 0x00, 0x00, 0xFF, 0xFF, 0xFF, 0x0F, 0x00, 0x00, 0x00,
  0xFF, 0xFF, 0x00, 0x00, 0x00, 0xF0, 0xFF, 0x0F, 0x00, 0x00, 0x00, 0xFF, 0xFF, 0x00, 0x00, 0x00,
  0xF0, 0xFF, 0x0F, 0x00, 0x00, 0x00, 0xFF, 0xFF, 0x00, 0x00, 0x00, 0xF0, 0xFF, 0x0F, 0x00, 0x00,
  0x00, 0xFF, 0xFF, 0x00, 0x00, 0x00, 0xF0, 0xFF, 0x0F, 0x00, 0x00, 0x00, 0xFF, 0xFF, 0x00, 0x00,
  0x00, 0xF0, 0xFF, 0x0F, 0x00, 0x00, 0x00, 0xFF, 0xFF, 0x00, 0x00, 0x00, 0xF0, 0xFF, 0x0F, 0x00,
  0x00, 0x00, 0xFF, 0xFF, 0x00, 0x00, 0x00, 0xF0, 0xFF, 0x0F, 0x00, 0x00, 0x00, 0xFF, 0xFF, 0x00,
  0x00, 0x00, 0xF0, 0xFF, 0x0F, 0x00, 0x00, 0x00, 0xFF, 0xFF, 0x00, 0x00, 0x00, 0xF0, 0xFF, 0x0F,
  0x00, 0x00, 0x00, 0xFF, 0xFF, 0x00, 0x00, 0xED, 0xFE, 0xFF, 0x0F, 0x00, 0xF0, 0xFF, 0xFF, 0xFF,
  0x00, 0x00, 0xFF, 0xFF, 0xFF, 0x0F, 0x00, 0xF0, 0xFF, 0xFF, 0xFF, 0x00, 0x00, 0x00, 0x00, 0xF0,
  0xFF, 0x0F, 0x00, 0x00, 0x00, 0x00, 0xFF, 0xFF, 0x0F, 0x00, 0x00, 0x00, 0x00, 0xFF, 0xFF, 0xFF,
  0x00, 0x00, 0x00, 0xE0, 0xFF, 0xFE, 0xFF, 0x00, 0x00, 0x00, 0xF0, 0xFF, 0xE0, 0xFF, 0x0F, 0x00,
  0x00, 0xFE, 0xFF, 0x00, 0xFF, 0x0F, 0x00, 0x00, 0xFF, 0x0F, 0x00, 0xFF, 0xFF, 0x00, 0xE0, 0xFF,
  0x0F, 0x00, 0xF0, 0xFF, 0x00, 0xF0, 0xFF, 0x0E, 0x00, 0xF0, 0xFF, 0x0E, 0x00, 0x00, 0x00, 0x00,
  0x00, 0x00, 0x00, 0x00, 0x00, 0x00, 0x00, 0x00, 0x00, 0x00, 0x00, 0x00, 0x00, 0x00, 0x00, 0x00,
  0x00, 0x00, 0x00, 0x00, 0x00, 0x00, 0x00, 0x00, 0x00, 0x00, 0x00, 0x00, 0x00, 0x00, 0x00, 0x00,
  0x00, 0x00, 0x00, 0x00, 0x00, 0x00, 0x00, 0x00, 0x00, 0x00, 0x00, 0x00, 0x00, 0x00, 0x00, 0x00,
  0x00, 0x00, 0x00, 0x00, 0x00, 0x00, 0x00, 0x00, 0x00, 0x00, 0x00, 0x00, 0x00, 0x00, 0x00, 0x00,
  0x00, 0x00, 0x00, 0x00, 0x00, 0x00, 0x00, 0x00, 0x00, 0xEE, 0xEE, 0xEE, 0xEE, 0xEE, 0xEE, 0x0E,
  0xFF, 0xFF, 0xFF, 0xFF, 0xFF, 0xFF, 0xEF, 0xFF, 0xFF, 0xFF, 0xFF, 0xFF, 0xFF, 0xEF, 0xFF, 0xFF,
  0xFF, 0xFF, 0xFF, 0xFF, 0xEF, 0x00, 0xFE, 0xFF, 0x0D, 0x00, 0x00, 0xF0, 0xFF, 0x0F, 0x00, 0x00,
  0x00, 0xFF, 0xDF, 0x00, 0x00, 0x00, 0xFE, 0xFF, 0x00, 0x00, 0x00, 0x00, 0x00, 0x00, 0x00, 0x00,
  0x00, 0x00, 0x00, 0x00, 0x00, 0x00, 0x00, 0x00, 0x00, 0x00, 0x00, 0x00, 0x00, 0x00, 0x00, 0x00,
  0x00, 0x00, 0x00, 0x00, 0x00, 0x00, 0x00, 0x00, 0x00, 0x00, 0x00, 0x00, 0x00, 0x00, 0x00, 0x00,
  0x00, 0x00, 0x00, 0x00, 0x00, 0x00, 0x00, 0x00, 0x00, 0x00, 0x00, 0x00, 0x00, 0x00, 0x00, 0x00,
  0x00, 0x00, 0x00, 0x00, 0x00, 0x00, 0x00, 0x00, 0x00, 0x00, 0x00, 0x00, 0x00, 0x00, 0x00, 0x00,
  0x00, 0x00, 0x00, 0x00, 0x00, 0x00, 0x00, 0x00, 0x00, 0x00, 0x00, 0x00, 0x00, 0x00, 0x00, 0x00,
  0x00, 0x00, 0x00, 0x00, 0x00, 0xFD, 0xFF, 0xFF, 0xDF, 0x00, 0x00, 0x00, 0xF0, 0xFF, 0xFF, 0xFF,
  0xFF, 0x0F, 0x00, 0x00, 0xFF, 0xFF, 0xFF, 0xFF, 0xFF, 0xFF, 0x00, 0xD0, 0xFF, 0xFF, 0xEF, 0xFE,
  0xFF, 0xFF, 0x00, 0xD0, 0xFF, 0xEF, 0x00, 0x00, 0xFF, 0xFF, 0x0E, 0x00, 0x00, 0x00, 0x00, 0x00,
  0xFF, 0xFF, 0x0E, 0x00, 0x00, 0x00, 0xD0, 0xFE, 0xFF, 0xFF, 0x0F, 0x00, 0xE0, 0xFF, 0xFF, 0xFF,
  0xFF, 0xFF, 0x0F, 0x00, 0xFF, 0xFF, 0xFF, 0xFF, 0xFF, 0xFF, 0x0F, 0xF0, 0xFF, 0xFF, 0x0D, 0x00,
  0xFF, 0xFF, 0x0F, 0xF0, 0xFF, 0x0F, 0x00, 0x00, 0xFF, 0xFF, 0x0F, 0xF0, 0xFF, 0x0F, 0x00, 0xD0,
  0xFF, 0xFF, 0x0F, 0xF0, 0xFF, 0xFF, 0xEE, 0xFF, 0xFF, 0xFF, 0x0F, 0xF0, 0xFF, 0xFF, 0xFF, 0xFF,
  0xFF, 0xFF, 0x0F, 0x00, 0xFF, 0xFF, 0xFF, 0xFF, 0xFE, 0xFF, 0x0F, 0x00, 0xF0, 0xFF, 0xFF, 0x0E,
  0xFE, 0xFF, 0x0F, 0xD0, 0xFF, 0xFF, 0x00, 0x00, 0x00, 0x00, 0x00, 0x00, 0xD0, 0xFF, 0xFF, 0x00,
  0x00, 0x00, 0x00, 0x00, 0x00, 0xD0, 0xFF, 0xFF, 0x00, 0x00, 0x00, 0x00, 0x00, 0x00, 0xD0, 0xFF,
  0xFF, 0x00, 0x00, 0x00, 0x00, 0x00, 0x00, 0xD0, 0xFF, 0xFF, 0x00, 0x00, 0x00, 0x00, 0x00, 0x00,
  0xD0, 0xFF, 0xFF, 0x00, 0xFF, 0xFF, 0x0F, 0x00, 0x00, 0xD0, 0xFF, 0xFF, 0xFD, 0xFF, 0xFF, 0xFF,
  0x0D, 0x00, 0xD0, 0xFF, 0xFF, 0xFF, 0xFF, 0xFF, 0xFF, 0x0F, 0x00, 0xD0, 0xFF, 0xFF, 0xFF, 0xEE,
  0xFF, 0xFF, 0xFF, 0x00, 0xD0, 0xFF, 0xFF, 0x0F, 0x00, 0xF0, 0xFF, 0xFF, 0x00, 0xD0, 0xFF, 0xFF,
  0x0D, 0x00, 0x00, 0xFF, 0xFF, 0x0D, 0xD0, 0xFF, 0xFF, 0x00, 0x00, 0x00, 0xFF, 0xFF, 0x0E, 0xD0,
  0xFF, 0xFF, 0x00, 0x00, 0x00, 0xFF, 0xFF, 0x0E, 0xD0, 0xFF, 0xFF, 0x00, 0x00, 0x00, 0xFF, 0xFF,
  0x0E, 0xD0, 0xFF, 0xFF, 0x00, 0x00, 0x00, 0xFF, 0xFF, 0x0E, 0xD0, 0xFF, 0xFF, 0x0D, 0x00, 0x00,
  0xFF, 0xFF, 0x0D, 0xD0, 0xFF, 0xFF, 0x0F, 0x00, 0xF0, 0xFF, 0xFF, 0x00, 0xD0, 0xFF, 0xFF, 0xFF,
  0xEE, 0xFF, 0xFF, 0xFF, 0x00, 0xD0, 0xFF, 0xFF, 0xFF, 0xFF, 0xFF, 0xFF, 0x0F, 0x00, 0xD0, 0xFF,
  0xFF, 0xFD, 0xFF, 0xFF, 0xFF, 0x0D, 0x00, 0xD0, 0xFF, 0xFF, 0x00, 0xFF, 0xFF, 0x0F, 0x00, 0x00,
  0x00, 0x00, 0xE0, 0xFF, 0xFF, 0xEF, 0x00, 0x00, 0x00, 0x00, 0xFF, 0xFF, 0xFF, 0xFF, 0xDF, 0x00,
  0x00, 0xF0, 0xFF, 0xFF, 0xFF, 0xFF, 0xFF, 0x0D, 0x00, 0xFF, 0xFF, 0xFF, 0xEE, 0xFF, 0xFF, 0x0F,
  0xD0, 0xFF, 0xFF, 0x0D, 0x00, 0xF0, 0xFF, 0xDF, 0xF0, 0xFF, 0xFF, 0x00, 0x00, 0xF0, 0xFF, 0x0E,
  0xF0, 0xFF, 0xEF, 0x00, 0x00, 0x00, 0x00, 0x00, 0xF0, 0xFF, 0xEF, 0x00, 0x00, 0x00, 0x00, 0x00,
  0xF0, 0xFF, 0xEF, 0x00, 0x00, 0x00, 0x00, 0x00, 0xF0, 0xFF, 0xEF, 0x00, 0x00, 0x00, 0x00, 0x00,
  0xF0, 0xFF, 0xFF, 0x00, 0x00, 0xF0, 0xFF, 0x0E, 0xD0, 0xFF, 0xFF, 0x0D, 0x00, 0xF0, 0xFF, 0xDF,
  0x00, 0xFF, 0xFF, 0xFF, 0xEE, 0xFF, 0xFF, 0x0F, 0x00, 0xF0, 0xFF, 0xFF, 0xFF, 0xFF, 0xFF, 0x0D,
  0x00, 0x00, 0xFF, 0xFF, 0xFF, 0xFF, 0xDF, 0x00, 0x00, 0x00, 0xE0, 0xFF, 0xFF, 0xEF, 0x00, 0x00,
  0x00, 0x00, 0x00, 0x00, 0x00, 0xD0, 0xFF, 0xFF, 0x00, 0x00, 0x00, 0x00, 0x00, 0x00, 0xD0, 0xFF,
  0xFF, 0x00, 0x00, 0x00, 0x00, 0x00, 0x00, 0xD0, 0xFF, 0xFF, 0x00, 0x00, 0x00, 0x00, 0x00, 0x00,
  0xD0, 0xFF, 0xFF, 0x00, 0x00, 0x00, 0x00, 0x00, 0x00, 0xD0, 0xFF, 0xFF, 0x00, 0x00, 0x00, 0xFD,
  0xFF, 0xEF, 0xD0, 0xFF, 0xFF, 0x00, 0x00, 0xE0, 0xFF, 0xFF, 0xFF, 0xDF, 0xFF, 0xFF, 0x00, 0x00,
  0xFE, 0xFF, 0xFF, 0xFF, 0xFF, 0xFF, 0xFF, 0x00, 0x00, 0xFF, 0xFF, 0xFF, 0xEE, 0xFF, 0xFF, 0xFF,
  0x00, 0xE0, 0xFF, 0xFF, 0x0D, 0x00, 0xF0, 0xFF, 0xFF, 0x00, 0xF0, 0xFF, 0xFF, 0x00, 0x00, 0xF0,
  0xFF, 0xFF, 0x00, 0xF0, 0xFF, 0xEF, 0x00, 0x00, 0xD0, 0xFF, 0xFF, 0x00, 0xF0, 0xFF, 0xEF, 0x00,
  0x00, 0x00, 0xFF, 0xFF, 0x00, 0xF0, 0xFF, 0xEF, 0x00, 0x00, 0x00, 0xFF, 0xFF, 0x00, 0xF0, 0xFF,
  0xEF, 0x00, 0x00, 0xD0, 0xFF, 0xFF, 0x00, 0xF0, 0xFF, 0xFF, 0x00, 0x00, 0xF0, 0xFF, 0xFF, 0x00,
  0xE0, 0xFF, 0xFF, 0x0D, 0x00, 0xF0, 0xFF, 0xFF, 0x00, 0x00, 0xFF, 0xFF, 0xFF, 0xEE, 0xFF, 0xFF,
  0xFF, 0x00, 0x00, 0xFE, 0xFF, 0xFF, 0xFF, 0xFF, 0xFF, 0xFF, 0x00, 0x00, 0xE0, 0xFF, 0xFF, 0xFF,
  0x0F, 0xFF, 0xFF, 0x00, 0x00, 0x00, 0xFD, 0xFF, 0xFF, 0x00, 0xFF, 0xFF, 0x00, 0x00, 0x00, 0xE0,
  0xFF, 0xFF, 0xEF, 0x00, 0x00, 0x00, 0x00, 0xF0, 0xFF, 0xFF, 0xFF, 0xFF, 0x00, 0x00, 0x00, 0xF0,
  0xFF, 0xFF, 0xFF, 0xFF, 0xFF, 0x00, 0x00, 0xF0, 0xFF, 0xFF, 0xEE, 0xFE, 0xFF, 0xFF, 0x00, 0xD0,
  0xFF, 0xFF, 0x00, 0x00, 0xF0, 0xFF, 0x0F, 0x00, 0xFF, 0xFF, 0x0E, 0x00, 0x00, 0xFF, 0xFF, 0x0E,
  0xF0, 0xFF, 0xFF, 0xFF, 0xFF, 0xFF, 0xFF, 0xEF, 0x00, 0xFF, 0xFF, 0xFF, 0xFF, 0xFF, 0xFF, 0xFF,
  0x0F, 0xF0, 0xFF, 0xFF, 0xFF, 0xFF, 0xFF, 0xFF, 0xFF, 0x00, 0xFF, 0xFF, 0x0D, 0x00, 0x00, 0x00,
  0x00, 0x00, 0xF0, 0xFF, 0xEF, 0x00, 0x00, 0x00, 0x00, 0x00, 0x00, 0xFD, 0xFF, 0x0F, 0x00, 0x00,
  0xFF, 0xFF, 0x00, 0x00, 0xFF, 0xFF, 0xFF, 0xEE, 0xFF, 0xFF, 0x0F, 0x00, 0x00, 0xFF, 0xFF, 0xFF,
  0xFF, 0xFF, 0xEF, 0x00, 0x00, 0xD0, 0xFF, 0xFF, 0xFF, 0xFF, 0xEF, 0x00, 0x00, 0x00, 0x00, 0xFE,
  0xFF, 0xFF, 0x0F, 0x00, 0x00, 0x00, 0x00, 0x00, 0xEE, 0xEE, 0x00, 0x00, 0xE0, 0xFF, 0xFF, 0xFF,
  0x00, 0xE0, 0xFF, 0xFF, 0xFF, 0x0E, 0x00, 0xFF, 0xFF, 0xFF, 0xDF, 0x00, 0xF0, 0xFF, 0xDF, 0x00,
  0x00, 0x00, 0xFF, 0xFF, 0x00, 0x00, 0xFF, 0xFF, 0xFF, 0xFF, 0xFF, 0xFD, 0xFF, 0xFF, 0xFF, 0xFF,
  0xDF, 0xFF, 0xFF, 0xFF, 0xFF, 0xFF, 0xDD, 0xEE, 0xFF, 0xFF, 0xEE, 0x0E, 0x00, 0xF0, 0xFF, 0x0F,
  0x00, 0x00, 0x00, 0xFF, 0xFF, 0x00, 0x00, 0x00, 0xF0, 0xFF, 0x0F, 0x00, 0x00, 0x00, 0xFF, 0xFF,
  0x00, 0x00, 0x00, 0xF0, 0xFF, 0x0F, 0x00, 0x00, 0x00, 0xFF, 0xFF, 0x00, 0x00, 0x00, 0xF0, 0xFF,
  0x0F, 0x00, 0x00, 0x00, 0xFF, 0xFF, 0x00, 0x00, 0x00, 0xF0, 0xFF, 0x0F, 0x00, 0x00, 0x00, 0xFF,
  0xFF, 0x00, 0x00, 0x00, 0xF0, 0xFF, 0x0F, 0x00, 0x00, 0x00, 0xFF, 0xFF, 0x00, 0x00, 0x00, 0x00,
  0xFD, 0xFF, 0xFF, 0x00, 0xFF, 0xFF, 0x00, 0x00, 0xE0, 0xFF, 0xFF, 0xFF, 0x0F, 0xFF, 0xFF, 0x00,
  0x00, 0xFE, 0xFF, 0xFF, 0xFF, 0xFF, 0xFF, 0xFF, 0x00, 0x00, 0xFF, 0xFF, 0xFF, 0xEE, 0xFF, 0xFF,
  0xFF, 0x00, 0xD0, 0xFF, 0xFF, 0x0E, 0x00, 0xF0, 0xFF, 0xFF, 0x00, 0xF0, 0xFF, 0xFF, 0x00, 0x00,
  0xF0, 0xFF, 0xFF, 0x00, 0xF0, 0xFF, 0xEF, 0x00, 0x00, 0xD0, 0xFF, 0xFF, 0x00, 0xF0, 0xFF, 0xEF,
  0x00, 0x00, 0x00, 0xFF, 0xFF, 0x00, 0xF0, 0xFF, 0xEF, 0x00, 0x00, 0x00, 0xFF, 0xFF, 0x00, 0xF0,
  0xFF, 0xEF, 0x00, 0x00, 0xD0, 0xFF, 0xFF, 0x00, 0xF0, 0xFF, 0xFF, 0x00, 0x00, 0xF0, 0xFF, 0xFF,
  0x00, 0xE0, 0xFF, 0xFF, 0x0D, 0x00, 0xF0, 0xFF, 0xFF, 0x00, 0x00, 0xFF, 0xFF, 0xFF, 0xEE, 0xFF,
  0xFF, 0xFF, 0x00, 0x00, 0xFE, 0xFF, 0xFF, 0xFF, 0xFF, 0xFF, 0xFF, 0x00, 0x00, 0xF0, 0xFF, 0xFF,
  0xFF, 0x0F, 0xFF, 0xFF, 0x00, 0x00, 0x00, 0xFD, 0xFF, 0xFF, 0x00, 0xFF, 0xFF, 0x00, 0x00, 0x00,
  0x00, 0x00, 0x00, 0xD0, 0xFF, 0xFF, 0x00, 0x00, 0xE0, 0xEF, 0x00, 0x00, 0xF0, 0xFF, 0xFF, 0x00,
  0x00, 0xFF, 0xFF, 0xEF, 0xEE, 0xFF, 0xFF, 0xDF, 0x00, 0x00, 0xFF, 0xFF, 0xFF, 0xFF, 0xFF, 0xFF,
  0x0F, 0x00, 0x00, 0xF0, 0xFF, 0xFF, 0xFF, 0xFF, 0xFF, 0x00, 0x00, 0x00, 0x00, 0xFD, 0xFF, 0xFF,
  0xFF, 0x0D, 0x00, 0x00, 0xD0, 0xFF, 0xFF, 0x00, 0x00, 0x00, 0x00, 0x00, 0x00, 0xFD, 0xFF, 0x0F,
  0x00, 0x00, 0x00, 0x00, 0x00, 0xD0, 0xFF, 0xFF, 0x00, 0x00, 0x00, 0x00, 0x00, 0x00, 0xFD, 0xFF,
  0x0F, 0x00, 0x00, 0x00, 0x00, 0x00, 0xD0, 0xFF, 0xFF, 0x00, 0x00, 0x00, 0x00, 0x00, 0x00, 0xFD,
  0xFF, 0x0F, 0xF0, 0xFF, 0xFF, 0x00, 0x00, 0xD0, 0xFF, 0xFF, 0xFD, 0xFF, 0xFF, 0xFF, 0x0D, 0x00,
  0xFD, 0xFF, 0xFF, 0xFF, 0xFF, 0xFF, 0xFF, 0x00, 0xD0, 0xFF, 0xFF, 0xFF, 0xEE, 0xFF, 0xFF, 0xEF,
  0x00, 0xFD, 0xFF, 0xFF, 0x00, 0x00, 0xFF, 0xFF, 0x0F, 0xD0, 0xFF, 0xFF, 0x00, 0x00, 0xF0, 0xFF,
  0xFF, 0x00, 0xFD, 0xFF, 0x0F, 0x00, 0x00, 0xFE, 0xFF, 0x0F, 0xD0, 0xFF, 0xFF, 0x00, 0x00, 0xE0,
  0xFF, 0xFF, 0x00, 0xFD, 0xFF, 0x0F, 0x00, 0x00, 0xFE, 0xFF, 0x0F, 0xD0, 0xFF, 0xFF, 0x00, 0x00,
  0xE0, 0xFF, 0xFF, 0x00, 0xFD, 0xFF, 0x0F, 0x00, 0x00, 0xFE, 0xFF, 0x0F, 0xD0, 0xFF, 0xFF, 0x00,
  0x00, 0xE0, 0xFF, 0xFF, 0x00, 0xFD, 0xFF, 0x0F, 0x00, 0x00, 0xFE, 0xFF, 0x0F, 0xD0, 0xFF, 0xFF,
  0x00, 0x00, 0xE0, 0xFF, 0xFF, 0x00, 0xFD, 0xFF, 0x0F, 0x00, 0x00, 0xFE, 0xFF, 0x0F, 0xD0, 0xFF,
  0xFF, 0x00, 0x00, 0xE0, 0xFF, 0xFF, 0x00, 0x00, 0xFF, 0xDF, 0x00, 0xE0, 0xFF, 0xFF, 0x00, 0xE0,
  0xFF, 0xFF, 0x00, 0x00, 0xFF, 0xDF, 0x00, 0x00, 0x00, 0x00, 0x00, 0x00, 0x00, 0x00, 0x00, 0xD0,
  0xFF, 0xFF, 0x00, 0xD0, 0xFF, 0xFF, 0x00, 0xD0, 0xFF, 0xFF, 0x00, 0xD0, 0xFF, 0xFF, 0x00, 0xD0,
  0xFF, 0xFF, 0x00, 0xD0, 0xFF, 0xFF, 0x00, 0xD0, 0xFF, 0xFF, 0x00, 0xD0, 0xFF, 0xFF, 0x00, 0xD0,
  0xFF, 0xFF, 0x00, 0xD0, 0xFF, 0xFF, 0x00, 0xD0, 0xFF, 0xFF, 0x00, 0xD0, 0xFF, 0xFF, 0x00, 0xD0,
  0xFF, 0xFF, 0x00, 0xD0, 0xFF, 0xFF, 0x00, 0xD0, 0xFF, 0xFF, 0x00, 0xD0, 0xFF, 0xFF, 0x00, 0x00,
  0xF0, 0xFF, 0x0D, 0x00, 0xE0, 0xFF, 0xFF, 0x00, 0x00, 0xFE, 0xFF, 0x0F, 0x00, 0x00, 0xFF, 0xDF,
  0x00, 0x00, 0x00, 0x00, 0x00, 0x00, 0x00, 0x00, 0x00, 0x00, 0x00, 0xFD, 0xFF, 0x0F, 0x00, 0xD0,
  0xFF, 0xFF, 0x00, 0x00, 0xFD, 0xFF, 0x0F, 0x00, 0xD0, 0xFF, 0xFF, 0x00, 0x00, 0xFD, 0xFF, 0x0F,
  0x00, 0xD0, 0xFF, 0xFF, 0x00, 0x00, 0xFD, 0xFF, 0x0F, 0x00, 0xD0, 0xFF, 0xFF, 0x00, 0x00, 0xFD,
  0xFF, 0x0F, 0x00, 0xD0, 0xFF, 0xFF, 0x00, 0x00, 0xFD, 0xFF, 0x0F, 0x00, 0xD0, 0xFF, 0xFF, 0x00,
  0x00, 0xFD, 0xFF, 0x0F, 0x00, 0xD0, 0xFF, 0xFF, 0x00, 0x00, 0xFD, 0xFF, 0x0F, 0x00, 0xD0, 0xFF,
  0xFF, 0x00, 0x00, 0xFD, 0xFF, 0x0F, 0x00, 0xE0, 0xFF, 0xFF, 0x00, 0xED, 0xFF, 0xFF, 0x0F, 0xF0,
  0xFF, 0xFF, 0xDF, 0x00, 0xFF, 0xFF, 0xFF, 0x00, 0xF0, 0xFF, 0xDF, 0x00, 0x00, 0xD0, 0xFF, 0xFF,
  0x00, 0x00, 0x00, 0x00, 0x00, 0x00, 0xFD, 0xFF, 0x0F, 0x00, 0x00, 0x00, 0x00, 0x00, 0xD0, 0xFF,
  0xFF, 0x00, 0x00, 0x00, 0x00, 0x00, 0x00, 0xFD, 0xFF, 0x0F, 0x00, 0x00, 0x00, 0x00, 0x00, 0xD0,
  0xFF, 0xFF, 0x00, 0x00, 0x00, 0x00, 0x00, 0x00, 0xFD, 0xFF, 0x0F, 0x00, 0xD0, 0xFF, 0xFF, 0x0E,
  0xD0, 0xFF, 0xFF, 0x00, 0x00, 0xFF, 0xFF, 0x0F, 0x00, 0xFD, 0xFF, 0x0F, 0x00, 0xFF, 0xFF, 0x0F,
  0x00, 0xD0, 0xFF, 0xFF, 0x00, 0xFF, 0xFF, 0x0F, 0x00, 0x00, 0xFD, 0xFF, 0x0F, 0xFF, 0xFF, 0xDF,
  0x00, 0x00, 0xD0, 0xFF, 0xFF, 0xFD, 0xFF, 0xEF, 0x00, 0x00, 0x00, 0xFD, 0xFF, 0xFF, 0xFF, 0xFF,
  0x00, 0x00, 0x00, 0xD0, 0xFF, 0xFF, 0xFF, 0xFF, 0x0E, 0x00, 0x00, 0x00, 0xFD, 0xFF, 0xFF, 0xFF,
  0xFF, 0x00, 0x00, 0x00, 0xD0, 0xFF, 0xFF, 0xFF, 0xFF, 0xFF, 0x00, 0x00, 0x00, 0xFD, 0xFF, 0xDF,
  0xFE, 0xFF, 0xEF, 0x00, 0x00, 0xD0, 0xFF, 0xFF, 0x00, 0xFF, 0xFF, 0x0F, 0x00, 0x00, 0xFD, 0xFF,
  0x0F, 0x00, 0xFF, 0xFF, 0x0F, 0x00, 0xD0, 0xFF, 0xFF, 0x00, 0xE0, 0xFF, 0xFF, 0x0E, 0x00, 0xFD,
  0xFF, 0x0F, 0x00, 0xF0, 0xFF, 0xFF, 0x00, 0xD0, 0xFF, 0xFF, 0x00, 0x00, 0xF0, 0xFF, 0xFF, 0x00,
  0xD0, 0xFF, 0xFF, 0x00, 0xD0, 0xFF, 0xFF, 0x00, 0xD0, 0xFF, 0xFF, 0x00, 0xD0, 0xFF, 0xFF, 0x00,
  0xD0, 0xFF, 0xFF, 0x00, 0xD0, 0xFF, 0xFF, 0x00, 0xD0, 0xFF, 0xFF, 0x00, 0xD0, 0xFF, 0xFF, 0x00,
  0xD0, 0xFF, 0xFF, 0x00, 0xD0, 0xFF, 0xFF, 0x00, 0xD0, 0xFF, 0xFF, 0x00, 0xD0, 0xFF, 0xFF, 0x00,
  0xD0, 0xFF, 0xFF, 0x00, 0xD0, 0xFF, 0xFF, 0x00, 0xD0, 0xFF, 0xFF, 0x00, 0xD0, 0xFF, 0xFF, 0x00,
  0xD0, 0xFF, 0xFF, 0x00, 0xD0, 0xFF, 0xFF, 0x00, 0xD0, 0xFF, 0xFF, 0x00, 0xD0, 0xFF, 0xFF, 0x00,
  0xD0, 0xFF, 0xFF, 0x00, 0xD0, 0xFF, 0xFF, 0xD0, 0xFF, 0xFF, 0x00, 0x00, 0xFE, 0xFF, 0xDF, 0x00,
  0x00, 0xD0, 0xFF, 0xFF, 0xFD, 0xFF, 0xFF, 0x0F, 0xF0, 0xFF, 0xFF, 0xFF, 0x0E, 0x00, 0xD0, 0xFF,
  0xFF, 0xFF, 0xFF, 0xFF, 0xFF, 0xFF, 0xFF, 0xFF, 0xFF, 0x0F, 0x00, 0xD0, 0xFF, 0xFF, 0xFF, 0xFE,
  0xFF, 0xFF, 0xFF, 0xEE, 0xFF, 0xFF, 0xFF, 0x00, 0xD0, 0xFF, 0xFF, 0x0E, 0x00, 0xFF, 0xFF, 0xDF,
  0x00, 0xF0, 0xFF, 0xFF, 0x00, 0xD0, 0xFF, 0xFF, 0x00, 0x00, 0xFD, 0xFF, 0x0F, 0x00, 0xE0, 0xFF,
  0xFF, 0x00, 0xD0, 0xFF, 0xFF, 0x00, 0x00, 0xFD, 0xFF, 0x0F, 0x00, 0xD0, 0xFF, 0xFF, 0x00, 0xD0,
  0xFF, 0xFF, 0x00, 0x00, 0xFD, 0xFF, 0x0F, 0x00, 0xD0, 0xFF, 0xFF, 0x00, 0xD0, 0xFF, 0xFF, 0x00,
  0x00, 0xFD, 0xFF, 0x0F, 0x00, 0xD0, 0xFF, 0xFF, 0x00, 0xD0, 0xFF, 0xFF, 0x00, 0x00, 0xFD, 0xFF,
  0x0F, 0x00, 0xD0, 0xFF, 0xFF, 0x00, 0xD0, 0xFF, 0xFF, 0x00, 0x00, 0xFD, 0xFF, 0x0F, 0x00, 0xD0,
  0xFF, 0xFF, 0x00, 0xD0, 0xFF, 0xFF, 0x00, 0x00, 0xFD, 0xFF, 0x0F, 0x00, 0xD0, 0xFF, 0xFF, 0x00,
  0xD0, 0xFF, 0xFF, 0x00, 0x00, 0xFD, 0xFF, 0x0F, 0x00, 0xD0, 0xFF, 0xFF, 0x00, 0xD0, 0xFF, 0xFF,
  0x00, 0x00, 0xFD, 0xFF, 0x0F, 0x00, 0xD0, 0xFF, 0xFF, 0x00, 0xD0, 0xFF, 0xFF, 0x00, 0x00, 0xFD,
  0xFF, 0x0F, 0x00, 0xD0, 0xFF, 0xFF, 0x00, 0xD0, 0xFF, 0xFF, 0x00, 0x00, 0xFD, 0xFF, 0x0F, 0x00,
  0xD0, 0xFF, 0xFF, 0x00, 0xD0, 0xFF, 0xFF, 0x00, 0xFF, 0xFF, 0x0F, 0x00, 0x00, 0xFD, 0xFF, 0xDF,
  0xFF, 0xFF, 0xFF, 0xDF, 0x00, 0xD0, 0xFF, 0xFF, 0xFF, 0xFF, 0xFF, 0xFF, 0x0F, 0x00, 0xFD, 0xFF,
  0xFF, 0xEF, 0xFE, 0xFF, 0xFF, 0x0D, 0xD0, 0xFF, 0xFF, 0x0F, 0x00, 0xF0, 0xFF, 0xFF, 0x00, 0xFD,
  0xFF, 0x0F, 0x00, 0x00, 0xFF, 0xFF, 0x0F, 0xD0, 0xFF, 0xFF, 0x00, 0x00, 0xE0, 0xFF, 0xFF, 0x00,
  0xFD, 0xFF, 0x0F, 0x00, 0x00, 0xFE, 0xFF, 0x0F, 0xD0, 0xFF, 0xFF, 0x00, 0x00, 0xE0, 0xFF, 0xFF,
  0x00, 0xFD, 0xFF, 0x0F, 0x00, 0x00, 0xFE, 0xFF, 0x0F, 0xD0, 0xFF, 0xFF, 0x00, 0x00, 0xE0, 0xFF,
  0xFF, 0x00, 0xFD, 0xFF, 0x0F, 0x00, 0x00, 0xFE, 0xFF, 0x0F, 0xD0, 0xFF, 0xFF, 0x00, 0x00, 0xE0,
  0xFF, 0xFF, 0x00, 0xFD, 0xFF, 0x0F, 0x00, 0x00, 0xFE, 0xFF, 0x0F, 0xD0, 0xFF, 0xFF, 0x00, 0x00,
  0xE0, 0xFF, 0xFF, 0x00, 0xFD, 0xFF, 0x0F, 0x00, 0x00, 0xFE, 0xFF, 0x0F, 0x00, 0x00, 0xE0, 0xFF,
  0xFF, 0xEF, 0x00, 0x00, 0x00, 0x00, 0xF0, 0xFF, 0xFF, 0xFF, 0xFF, 0x0D, 0x00, 0x00, 0xF0, 0xFF,
  0xFF, 0xFF, 0xFF, 0xFF, 0x0D, 0x00, 0xF0, 0xFF, 0xFF, 0xEF, 0xFE, 0xFF, 0xFF, 0x00, 0xD0, 0xFF,
  0xFF, 0x0D, 0x00, 0xF0, 0xFF, 0xEF, 0x00, 0xFF, 0xFF, 0x0F, 0x00, 0x00, 0xFF, 0xFF, 0x0F, 0xF0,
  0xFF, 0xEF, 0x00, 0x00, 0xD0, 0xFF, 0xFF, 0x00, 0xFF, 0xFF, 0x0E, 0x00, 0x00, 0xF0, 0xFF, 0x0F,
  0xF0, 0xFF, 0xEF, 0x00, 0x00, 0x00, 0xFF, 0xFF, 0x00, 0xFF, 0xFF, 0x0E, 0x00, 0x00, 0xFD, 0xFF,
  0x0F, 0xF0, 0xFF, 0xFF, 0x00, 0x00, 0xF0, 0xFF, 0xFF, 0x00, 0xFD, 0xFF, 0xDF, 0x00, 0x00, 0xFF,
  0xFF, 0x0E, 0x00, 0xFF, 0xFF, 0xFF, 0xEE, 0xFF, 0xFF, 0x0F, 0x00, 0x00, 0xFF, 0xFF, 0xFF, 0xFF,
  0xFF, 0xDF, 0x00, 0x00, 0x00, 0xFF, 0xFF, 0xFF, 0xFF, 0xDF, 0x00, 0x00, 0x00, 0x00, 0xFE, 0xFF,
  0xFF, 0x0E, 0x00, 0x00, 0xD0, 0xFF, 0xFF, 0x00, 0xFF, 0xFF, 0x0F, 0x00, 0x00, 0xD0, 0xFF, 0xFF,
  0xFD, 0xFF, 0xFF, 0xFF, 0x0D, 0x00, 0xD0, 0xFF, 0xFF, 0xFF, 0xFF, 0xFF, 0xFF, 0x0F, 0x00, 0xD0,
  0xFF, 0xFF, 0xFF, 0xEE, 0xFF, 0xFF, 0xFF, 0x00, 0xD0, 0xFF, 0xFF, 0x0F, 0x00, 0xF0, 0xFF, 0xFF,
  0x00, 0xD0, 0xFF, 0xFF, 0x0D, 0x00, 0x00, 0xFF, 0xFF, 0x0D, 0xD0, 0xFF, 0xFF, 0x00, 0x00, 0x00,
  0xFF, 0xFF, 0x0E, 0xD0, 0xFF, 0xFF, 0x00, 0x00, 0x00, 0xFF, 0xFF, 0x0E, 0xD0, 0xFF, 0xFF, 0x00,
  0x00, 0x00, 0xFF, 0xFF, 0x0E, 0xD0, 0xFF, 0xFF, 0x00, 0x00, 0x00, 0xFF, 0xFF, 0x0E, 0xD0, 0xFF,
  0xFF, 0x0D, 0x00, 0x00, 0xFF, 0xFF, 0x0D, 0xD0, 0xFF, 0xFF, 0x0F, 0x00, 0xF0, 0xFF, 0xFF, 0x00,
  0xD0, 0xFF, 0xFF, 0xFF, 0xEE, 0xFF, 0xFF, 0xFF, 0x00, 0xD0, 0xFF, 0xFF, 0xFF, 0xFF, 0xFF, 0xFF,
  0x0F, 0x00, 0xD0, 0xFF, 0xFF, 0xFD, 0xFF, 0xFF, 0xFF, 0x0D, 0x00, 0xD0, 0xFF, 0xFF, 0x00, 0xFF,
  0xFF, 0x0F, 0x00, 0x00, 0xD0, 0xFF, 0xFF, 0x00, 0x00, 0x00, 0x00, 0x00, 0x00, 0xD0, 0xFF, 0xFF,
  0x00, 0x00, 0x00, 0x00, 0x00, 0x00, 0xD0, 0xFF, 0xFF, 0x00, 0x00, 0x00, 0x00, 0x00, 0x00, 0xD0,
  0xFF, 0xFF, 0x00, 0x00, 0x00, 0x00, 0x00, 0x00, 0xD0, 0xFF, 0xFF, 0x00, 0x00, 0x00, 0x00, 0x00,
  0x00, 0xD0, 0xFF, 0xFF, 0x00, 0x00, 0x00, 0x00, 0x00, 0x00, 0x00, 0x00, 0xFD, 0xFF, 0xEF, 0x00,
  0xFF, 0xFF, 0x00, 0x00, 0xE0, 0xFF, 0xFF, 0xFF, 0x0F, 0xFF, 0xFF, 0x00, 0x00, 0xFE, 0xFF, 0xFF,
  0xFF, 0xFF, 0xFF, 0xFF, 0x00, 0x00, 0xFF, 0xFF, 0xFF, 0xEE, 0xFF, 0xFF, 0xFF, 0x00, 0xE0, 0xFF,
  0xFF, 0x0D, 0x00, 0xF0, 0xFF, 0xFF, 0x00, 0xF0, 0xFF, 0xFF, 0x00, 0x00, 0xF0, 0xFF, 0xFF, 0x00,
  0xF0, 0xFF, 0xEF, 0x00, 0x00, 0xD0, 0xFF, 0xFF, 0x00, 0xF0, 0xFF, 0xEF, 0x00, 0x00, 0x00, 0xFF,
  0xFF, 0x00, 0xF0, 0xFF, 0xEF, 0x00, 0x00, 0x00, 0xFF, 0xFF, 0x00, 0xF0, 0xFF, 0xEF, 0x00, 0x00,
  0xD0, 0xFF, 0xFF, 0x00, 0xF0, 0xFF, 0xFF, 0x00, 0x00, 0xF0, 0xFF, 0xFF, 0x00, 0xE0, 0xFF, 0xFF,
  0x0D, 0x00, 0xF0, 0xFF, 0xFF, 0x00, 0x00, 0xFF, 0xFF, 0xFF, 0xEE, 0xFF, 0xFF, 0xFF, 0x00, 0x00,
  0xFE, 0xFF, 0xFF, 0xFF, 0xFF, 0xFF, 0xFF, 0x00, 0x00, 0xE0, 0xFF, 0xFF, 0xFF, 0xDF, 0xFF, 0xFF,
  0x00, 0x00, 0x00, 0xFD, 0xFF, 0xFF, 0xD0, 0xFF, 0xFF, 0x00, 0x00, 0x00, 0x00, 0x00, 0x00, 0xD0,
  0xFF, 0xFF, 0x00, 0x00, 0x00, 0x00, 0x00, 0x00, 0xD0, 0xFF, 0xFF, 0x00, 0x00, 0x00, 0x00, 0x00,
  0x00, 0xD0, 0xFF, 0xFF, 0x00, 0x00, 0x00, 0x00, 0x00, 0x00, 0xD0, 0xFF, 0xFF, 0x00, 0x00, 0x00,
  0x00, 0x00, 0x00, 0xD0, 0xFF, 0xFF, 0x00, 0x00, 0x00, 0x00, 0x00, 0x00, 0xD0, 0xFF, 0xFF, 0x00,
  0x00, 0x00, 0x00, 0x00, 0x00, 0x00, 0xFD, 0xFF, 0x0F, 0xFE, 0xFF, 0xD0, 0xFF, 0xFF, 0xFF, 0xFF,
  0x0F, 0xFD, 0xFF, 0xFF, 0xFF, 0xFF, 0xD0, 0xFF, 0xFF, 0xFF, 0xEE, 0x0E, 0xFD, 0xFF, 0xFF, 0x00,
  0x00, 0xD0, 0xFF, 0xFF, 0x00, 0x00, 0x00, 0xFD, 0xFF, 0x0F, 0x00, 0x00, 0xD0, 0xFF, 0xFF, 0x00,
  0x00, 0x00, 0xFD, 0xFF, 0x0F, 0x00, 0x00, 0xD0, 0xFF, 0xFF, 0x00, 0x00, 0x00, 0xFD, 0xFF, 0x0F,
  0x00, 0x00, 0xD0, 0xFF, 0xFF, 0x00, 0x00, 0x00, 0xFD, 0xFF, 0x0F, 0x00, 0x00, 0xD0, 0xFF, 0xFF,
  0x00, 0x00, 0x00, 0xFD, 0xFF, 0x0F, 0x00, 0x00, 0xD0, 0xFF, 0xFF, 0x00, 0x00, 0x00, 0x00, 0x00,
  0xFE, 0xFF, 0xFF, 0xDF, 0x00, 0x00, 0x00, 0xF0, 0xFF, 0xFF, 0xFF, 0xFF, 0x0F, 0x00, 0x00, 0xFF,
  0xFF, 0xFF, 0xFF, 0xFF, 0xEF, 0x00, 0xE0, 0xFF, 0xFF, 0xEF, 0xFE, 0xFF, 0xFF, 0x00, 0xF0, 0xFF,
  0xFF, 0x00, 0x00, 0xFF, 0xFF, 0x00, 0xE0, 0xFF, 0xFF, 0x00, 0x00, 0x00, 0x00, 0x00, 0x00, 0xFF,
  0xFF, 0xFF, 0x0E, 0x00, 0x00, 0x00, 0x00, 0xFE, 0xFF, 0xFF, 0xFF, 0xFF, 0x0D, 0x00, 0x00, 0x00,
  0xFF, 0xFF, 0xFF, 0xFF, 0xFF, 0x00, 0x00, 0x00, 0x00, 0xE0, 0xFF, 0xFF, 0xFF, 0x0D, 0x00, 0x00,
  0x0D, 0x00, 0x00, 0xFF, 0xFF, 0x0F, 0xF0, 0xFF, 0xEF, 0x00, 0x00, 0xFF, 0xFF, 0x0F, 0xF0, 0xFF,
  0xFF, 0xEF, 0xFE, 0xFF, 0xFF, 0x0E, 0x00, 0xFF, 0xFF, 0xFF, 0xFF, 0xFF, 0xFF, 0x00, 0x00, 0xF0,
  0xFF, 0xFF, 0xFF, 0xFF, 0x0F, 0x00, 0x00, 0x00, 0xFE, 0xFF, 0xFF, 0xDF, 0x00, 0x00, 0x00, 0xFF,
  0xFF, 0x0E, 0x00, 0x00, 0xFF, 0xFF, 0x0E, 0x00, 0x00, 0xFF, 0xFF, 0x0E, 0x00, 0x00, 0xFF, 0xFF,
  0x0E, 0x00, 0xFF, 0xFF, 0xFF, 0xFF, 0xEF, 0xFF, 0xFF, 0xFF, 0xFF, 0xEF, 0xFF, 0xFF, 0xFF, 0xFF,
  0xEF, 0xED, 0xFF, 0xFF, 0xEF, 0x0E, 0x00, 0xFF, 0xFF, 0x0E, 0x00, 0x00, 0xFF, 0xFF, 0x0E, 0x00,
  0x00, 0xFF, 0xFF, 0x0E, 0x00, 0x00, 0xFF, 0xFF, 0x0E, 0x00, 0x00, 0xFF, 0xFF, 0x0E, 0x00, 0x00,
  0xFF, 0xFF, 0x0E, 0x00, 0x00, 0xFF, 0xFF, 0x0E, 0x00, 0x00, 0xFF, 0xFF, 0x0F, 0x00, 0x00, 0xFF,
  0xFF, 0xEF, 0x0E, 0x00, 0xFD, 0xFF, 0xFF, 0xEF, 0x00, 0xF0, 0xFF, 0xFF, 0xFF, 0x00, 0x00, 0xFE,
  0xFF, 0xFF, 0xD0, 0xFF, 0xFF, 0x00, 0x00, 0xE0, 0xFF, 0xFF, 0x00, 0xFD, 0xFF, 0x0F, 0x00, 0x00,
  0xFE, 0xFF, 0x0F, 0xD0, 0xFF, 0xFF, 0x00, 0x00, 0xE0, 0xFF, 0xFF, 0x00, 0xFD, 0xFF, 0x0F, 0x00,
  0x00, 0xFE, 0xFF, 0x0F, 0xD0, 0xFF, 0xFF, 0x00, 0x00, 0xE0, 0xFF, 0xFF, 0x00, 0xFD, 0xFF, 0x0F,
  0x00, 0x00, 0xFE, 0xFF, 0x0F, 0xD0, 0xFF, 0xFF, 0x00, 0x00, 0xE0, 0xFF, 0xFF, 0x00, 0xFD, 0xFF,
  0x0F, 0x00, 0x00, 0xFE, 0xFF, 0x0F, 0xD0, 0xFF, 0xFF, 0x00, 0x00, 0xE0, 0xFF, 0xFF, 0x00, 0xFD,
  0xFF, 0x0F, 0x00, 0x00, 0xFE, 0xFF, 0x0F, 0xD0, 0xFF, 0xFF, 0x00, 0x00, 0xF0, 0xFF, 0xFF, 0x00,
  0xF0, 0xFF, 0xEF, 0x00, 0x00, 0xFF, 0xFF, 0x0F, 0x00, 0xFF, 0xFF, 0xFF, 0xFE, 0xFF, 0xFF, 0xFF,
  0x00, 0xE0, 0xFF, 0xFF, 0xFF, 0xFF, 0xFF, 0xFF, 0x0F, 0x00, 0xF0, 0xFF, 0xFF, 0xFF, 0xDF, 0xFF,
  0xFF, 0x00, 0x00, 0xE0, 0xFF, 0xFF, 0x0E, 0xFD, 0xFF, 0x0F, 0xFE, 0xFF, 0x0F, 0x00, 0x00, 0x00,
  0xFF, 0xFF, 0x00, 0xFF, 0xFF, 0x0D, 0x00, 0x00, 0xFE, 0xFF, 0x0F, 0xF0, 0xFF, 0xFF, 0x00, 0x00,
  0xF0, 0xFF, 0xEF, 0x00, 0xFE, 0xFF, 0x0F, 0x00, 0x00, 0xFF, 0xFF, 0x00, 0x00, 0xFF, 0xFF, 0x00,
  0x00, 0xFE, 0xFF, 0x0F, 0x00, 0xF0, 0xFF, 0xEF, 0x00, 0xF0, 0xFF, 0xEF, 0x00, 0x00, 0xFD, 0xFF,
  0x0F, 0x00, 0xFF, 0xFF, 0x00, 0x00, 0x00, 0xFF, 0xFF, 0x00, 0xFD, 0xFF, 0x0F, 0x00, 0x00, 0xF0,
  0xFF, 0xEF, 0xF0, 0xFF, 0xEF, 0x00, 0x00, 0x00, 0xFD, 0xFF, 0x0F, 0xFF, 0xFF, 0x00, 0x00, 0x00,
  0x00, 0xFF, 0xFF, 0xF0, 0xFF, 0x0F, 0x00, 0x00, 0x00, 0xF0, 0xFF, 0xEF, 0xFF, 0xDF, 0x00, 0x00,
  0x00, 0x00, 0xF0, 0xFF, 0xFF, 0xFF, 0x00, 0x00, 0x00, 0x00, 0x00, 0xFF, 0xFF, 0xFF, 0x0F, 0x00,
  0x00, 0x00, 0x00, 0xE0, 0xFF, 0xFF, 0xDF, 0x00, 0x00, 0x00, 0x00, 0x00, 0xF0, 0xFF, 0xFF, 0x00,
  0x00, 0x00, 0xFE, 0xFF, 0x0F, 0x00, 0x00, 0xFF, 0xFF, 0x00, 0x00, 0xF0, 0xFF, 0xDF, 0xF0, 0xFF,
  0x0F, 0x00, 0xE0, 0xFF, 0xFF, 0x00, 0x00, 0xFE, 0xFF, 0x0F, 0xF0, 0xFF, 0xDF, 0x00, 0xF0, 0xFF,
  0xFF, 0x0E, 0x00, 0xFF, 0xFF, 0x0F, 0xF0, 0xFF, 0xFF, 0x00, 0xF0, 0xFF, 0xFF, 0x0F, 0x00, 0xFF,
  0xFF, 0x0E, 0xD0, 0xFF, 0xFF, 0x00, 0xF0, 0xFF, 0xFF, 0x0F, 0x00, 0xFF, 0xFF, 0x00, 0x00, 0xFF,
  0xFF, 0x00, 0xFD, 0xFF, 0xFF, 0x0F, 0xD0, 0xFF, 0xFF, 0x00, 0x00, 0xFF, 0xFF, 0x00, 0xFF, 0xFF,
  0xFF, 0xDF, 0xE0, 0xFF, 0xFF, 0x00, 0x00, 0xFE, 0xFF, 0x0E, 0xFF, 0xEF, 0xFF, 0xEF, 0xF0, 0xFF,
  0xDF, 0x00, 0x00, 0xF0, 0xFF, 0x0F, 0xFF, 0x0F, 0xFE, 0xFF, 0xF0, 0xFF, 0x0F, 0x00, 0x00, 0xF0,
  0xFF, 0x0F, 0xFF, 0x0F, 0xF0, 0xFF, 0xF0, 0xFF, 0x0F, 0x00, 0x00, 0xF0, 0xFF, 0xEF, 0xFF, 0x0F,
  0xF0, 0xFF, 0xFE, 0xFF, 0x0E, 0x00, 0x00, 0xE0, 0xFF, 0xFF, 0xFF, 0x0E, 0xF0, 0xFF, 0xFF, 0xFF,
  0x00, 0x00, 0x00, 0x00, 0xFF, 0xFF, 0xFF, 0x00, 0xD0, 0xFF, 0xFF, 0xFF, 0x00, 0x00, 0x00, 0x00,
  0xFF, 0xFF, 0xFF, 0x00, 0x00, 0xFF, 0xFF, 0xFF, 0x00, 0x00, 0x00, 0x00, 0xFE, 0xFF, 0xFF, 0x00,
  0x00, 0xFF, 0xFF, 0xDF, 0x00, 0x00, 0x00, 0x00, 0xFD, 0xFF, 0xDF, 0x00, 0x00, 0xFE, 0xFF, 0x0F,
  0x00, 0x00, 0xF0, 0xFF, 0xFF, 0x00, 0x00, 0xF0, 0xFF, 0x0F, 0xD0, 0xFF, 0xFF, 0x00, 0x00, 0xFF,
  0xFF, 0x0F, 0x00, 0xFF, 0xFF, 0x0F, 0xD0, 0xFF, 0xFF, 0x00, 0x00, 0xF0, 0xFF, 0x0F, 0xF0, 0xFF,
  0xEF, 0x00, 0x00, 0xE0, 0xFF, 0xFF, 0xFD, 0xFF, 0x0F, 0x00, 0x00, 0x00, 0xFF, 0xFF, 0xFF, 0xFF,
  0x0D, 0x00, 0x00, 0x00, 0xFE, 0xFF, 0xFF, 0xFF, 0x00, 0x00, 0x00, 0x00, 0xF0, 0xFF, 0xFF, 0x0F,
  0x00, 0x00, 0x00, 0x00, 0xF0, 0xFF, 0xFF, 0x0F, 0x00, 0x00, 0x00, 0x00, 0xFE, 0xFF, 0xFF, 0xFF,
  0x00, 0x00, 0x00, 0x00, 0xFF, 0xFF, 0xFF, 0xFF, 0x0D, 0x00, 0x00, 0xF0, 0xFF, 0xEF, 0xFD, 0xFF,
  0x0F, 0x00, 0x00, 0xFD, 0xFF, 0x0F, 0xF0, 0xFF, 0xFF, 0x00, 0x00, 0xFF, 0xFF, 0x0E, 0x00, 0xFF,
  0xFF, 0x00, 0xF0, 0xFF, 0xFF, 0x00, 0x00, 0xFF, 0xFF, 0x0F, 0xF0, 0xFF, 0xDF, 0x00, 0x00, 0xF0,
  0xFF, 0xEF, 0xFE, 0xFF, 0x0F, 0x00, 0x00, 0x00, 0xFF, 0xFF, 0x0D, 0xFF, 0xFF, 0x0D, 0x00, 0x00,
  0xFE, 0xFF, 0x0F, 0xF0, 0xFF, 0xFF, 0x00, 0x00, 0xF0, 0xFF, 0xFF, 0x00, 0xFE, 0xFF, 0x0F, 0x00,
  0x00, 0xFF, 0xFF, 0x00, 0x00, 0xFF, 0xFF, 0x00, 0x00, 0xFE, 0xFF, 0x0F, 0x00, 0xF0, 0xFF, 0xEF,
  0x00, 0xF0, 0xFF, 0xEF, 0x00, 0x00, 0xFD, 0xFF, 0x0F, 0x00, 0xFF, 0xFF, 0x00, 0x00, 0x00, 0xFF,
  0xFF, 0x00, 0xFD, 0xFF, 0x0F, 0x00, 0x00, 0xF0, 0xFF, 0xEF, 0xF0, 0xFF, 0xEF, 0x00, 0x00, 0x00,
  0xF0, 0xFF, 0x0F, 0xFF, 0xFF, 0x00, 0x00, 0x00, 0x00, 0xFF, 0xFF, 0xF0, 0xFF, 0x0F, 0x00, 0x00,
  0x00, 0xE0, 0xFF, 0xFF, 0xFF, 0xDF, 0x00, 0x00, 0x00, 0x00, 0xF0, 0xFF, 0xFF, 0xFF, 0x00, 0x00,
  0x00, 0x00, 0x00, 0xFF, 0xFF, 0xFF, 0x0E, 0x00, 0x00, 0x00, 0x00, 0xE0, 0xFF, 0xFF, 0x0F, 0x00,
  0x00, 0x00, 0x00, 0x00, 0xF0, 0xFF, 0xFF, 0x00, 0x00, 0x00, 0x00, 0x00, 0x00, 0xFF, 0xFF, 0x0E,
  0x00, 0x00, 0x00, 0x00, 0x00, 0xF0, 0xFF, 0x0F, 0x00, 0x00, 0x00, 0x00, 0xED, 0xFE, 0xFF, 0xFF,
  0x00, 0x00, 0x00, 0x00, 0xF0, 0xFF, 0xFF, 0xFF, 0x00, 0x00, 0x00, 0x00, 0x00, 0xFF, 0xFF, 0xFF,
  0x0D, 0x00, 0x00, 0x00, 0x00, 0xF0, 0xFF, 0xFF, 0x00, 0x00, 0x00, 0x00, 0x00, 0x00, 0xFF, 0xFF,
  0xFF, 0xFF, 0xFF, 0xFF, 0x00, 0x00, 0xFF, 0xFF, 0xFF, 0xFF, 0xFF, 0xFF, 0x00, 0x00, 0xFF, 0xFF,
  0xFF, 0xFF, 0xFF, 0xFF, 0x00, 0x00, 0xEE, 0xEE, 0xEE, 0xFE, 0xFF, 0xFF, 0x00, 0x00, 0x00, 0x00,
  0x00, 0xFF, 0xFF, 0x0F, 0x00, 0x00, 0x00, 0x00, 0xE0, 0xFF, 0xFF, 0x00, 0x00, 0x00, 0x00, 0x00,
  0xFD, 0xFF, 0xEF, 0x00, 0x00, 0x00, 0x00, 0x00, 0xFF, 0xFF, 0x0F, 0x00, 0x00, 0x00, 0x00, 0xF0,
  0xFF, 0xFF, 0x00, 0x00, 0x00, 0x00, 0x00, 0xFE, 0xFF, 0xDF, 0x00, 0x00, 0x00, 0x00, 0x00, 0xFF,
  0xFF, 0x0F, 0x00, 0x00, 0x00, 0x00, 0xF0, 0xFF, 0xFF, 0x00, 0x00, 0x00, 0x00, 0x00, 0xFF, 0xFF,
  0xFF, 0xEE, 0xEE, 0xEE, 0x00, 0xD0, 0xFF, 0xFF, 0xFF, 0xFF, 0xFF, 0xFF, 0x0E, 0xE0, 0xFF, 0xFF,
  0xFF, 0xFF, 0xFF, 0xFF, 0x0E, 0xE0, 0xFF, 0xFF, 0xFF, 0xFF, 0xFF, 0xFF, 0x0E, 0x00, 0x00, 0x00,
  0x00, 0x00, 0xDD, 0x00, 0x00, 0x00, 0x00, 0xFF, 0xFF, 0x0F, 0x00, 0x00, 0x00, 0xFF, 0xFF, 0xFF,
  0x00, 0x00, 0x00, 0xFF, 0xFF, 0xFF, 0x0F, 0x00, 0x00, 0xF0, 0xFF, 0xFF, 0x00, 0x00, 0x00, 0x00,
  0xFF, 0xFF, 0x00, 0x00, 0x00, 0x00, 0xF0, 0xFF, 0x0F, 0x00, 0x00, 0x00, 0x00, 0xFF, 0xFF, 0x00,
  0x00, 0x00, 0x00, 0xF0, 0xFF, 0x0F, 0x00, 0x00, 0x00, 0x00, 0xFF, 0xFF, 0x00, 0x00, 0x00, 0x00,
  0xFD, 0xFF, 0x0F, 0x00, 0x00, 0x00, 0xFD, 0xFF, 0xEF, 0x00, 0x00, 0x00, 0xFF, 0xFF, 0xFF, 0x00,
  0x00, 0x00, 0xF0, 0xFF, 0xDF, 0x00, 0x00, 0x00, 0x00, 0xFF, 0xFF, 0xDF, 0x00, 0x00, 0x00, 0xE0,
  0xFF, 0xFF, 0xDF, 0x00, 0x00, 0x00, 0x00, 0xFE, 0xFF, 0x0F, 0x00, 0x00, 0x00, 0x00, 0xFF, 0xFF,
  0x00, 0x00, 0x00, 0x00, 0xF0, 0xFF, 0x0F, 0x00, 0x00, 0x00, 0x00, 0xFF, 0xFF, 0x00, 0x00, 0x00,
  0x00, 0xF0, 0xFF, 0x0F, 0x00, 0x00, 0x00, 0x00, 0xFF, 0xFF, 0x00, 0x00, 0x00, 0x00, 0xF0, 0xFF,
  0x0F, 0x00, 0x00, 0x00, 0x00, 0xFF, 0xFF, 0xEF, 0x0D, 0x00, 0x00, 0xE0, 0xFF, 0xFF, 0xFF, 0x00,
  0x00, 0x00, 0xF0, 0xFF, 0xFF, 0x0F, 0x00, 0x00, 0x00, 0xD0, 0xFF, 0xFF, 0x00, 0x00, 0xF0, 0xFF,
  0x0F, 0x00, 0x00, 0xF0, 0xFF, 0x0F, 0x00, 0x00, 0xF0, 0xFF, 0x0F, 0x00, 0x00, 0xF0, 0xFF, 0x0F,
  0x00, 0x00, 0xF0, 0xFF, 0x0F, 0x00, 0x00, 0xF0, 0xFF, 0x0F, 0x00, 0x00, 0xF0, 0xFF, 0x0F, 0x00,
  0x00, 0xF0, 0xFF, 0x0F, 0x00, 0x00, 0xF0, 0xFF, 0x0F, 0x00, 0x00, 0xF0, 0xFF, 0x0F, 0x00, 0x00,
  0xF0, 0xFF, 0x0F, 0x00, 0x00, 0xF0, 0xFF, 0x0F, 0x00, 0x00, 0xF0, 0xFF, 0x0F, 0x00, 0x00, 0xF0,
  0xFF, 0x0F, 0x00, 0x00, 0xF0, 0xFF, 0x0F, 0x00, 0x00, 0xF0, 0xFF, 0x0F, 0x00, 0x00, 0xF0, 0xFF,
  0x0F, 0x00, 0x00, 0xF0, 0xFF, 0x0F, 0x00, 0x00, 0xF0, 0xFF, 0x0F, 0x00, 0x00, 0xF0, 0xFF, 0x0F,
  0x00, 0x00, 0xF0, 0xFF, 0x0F, 0x00, 0x00, 0xF0, 0xFF, 0x0F, 0x00, 0x00, 0xF0, 0xFF, 0x0F, 0x00,
  0x00, 0xF0, 0xFF, 0x0F, 0x00, 0x00, 0xF0, 0xFF, 0x0F, 0x00, 0x00, 0xF0, 0xFF, 0x0F, 0x00, 0x00,
  0xF0, 0xFF, 0x0F, 0x00, 0x00, 0xF0, 0xFF, 0x0F, 0x00, 0x00, 0xF0, 0xFF, 0x0F, 0x00, 0x00, 0xF0,
  0xFF, 0x0F, 0x00, 0x00, 0xF0, 0xFF, 0x0F, 0x00, 0x00, 0xF0, 0xFF, 0x0F, 0x00, 0x00, 0xF0, 0xFF,
  0x0F, 0x00, 0x00, 0xF0, 0xFF, 0x0F, 0x00, 0x00, 0xF0, 0xFF, 0x0F, 0x00, 0xD0, 0xDD, 0x00, 0x00,
  0x00, 0x00, 0x00, 0xFF, 0xFF, 0x0F, 0x00, 0x00, 0x00, 0xF0, 0xFF, 0xFF, 0x0F, 0x00, 0x00, 0x00,
  0xFF, 0xFF, 0xFF, 0x0F, 0x00, 0x00, 0x00, 0xF0, 0xFF, 0xFF, 0x00, 0x00, 0x00, 0x00, 0xF0, 0xFF,
  0x0F, 0x00, 0x00, 0x00, 0x00, 0xFF, 0xFF, 0x00, 0x00, 0x00, 0x00, 0xF0, 0xFF, 0x0F, 0x00, 0x00,
  0x00, 0x00, 0xFF, 0xFF, 0x00, 0x00, 0x00, 0x00, 0xF0, 0xFF, 0xDF, 0x00, 0x00, 0x00, 0x00, 0xFF,
  0xFF, 0x0E, 0x00, 0x00, 0x00, 0xD0, 0xFF, 0xFF, 0x0D, 0x00, 0x00, 0x00, 0xF0, 0xFF, 0xFF, 0xDF,
  0x00, 0x00, 0x00, 0x00, 0xFF, 0xFF, 0x0D, 0x00, 0x00, 0x00, 0xFF, 0xFF, 0xDF, 0x00, 0x00, 0x00,
  0xFF, 0xFF, 0xEF, 0x00, 0x00, 0x00, 0xFE, 0xFF, 0x0F, 0x00, 0x00, 0x00, 0xF0, 0xFF, 0xDF, 0x00,
  0x00, 0x00, 0x00, 0xFF, 0xFF, 0x00, 0x00, 0x00, 0x00, 0xF0, 0xFF, 0x0F, 0x00, 0x00, 0x00, 0x00,
  0xFF, 0xFF, 0x00, 0x00, 0x00, 0x00, 0xF0, 0xFF, 0x0F, 0x00, 0x00, 0x00, 0x00, 0xFF, 0xFF, 0x00,
  0x00, 0x00, 0xED, 0xFF, 0xFF, 0x0F, 0x00, 0x00, 0xF0, 0xFF, 0xFF, 0xEF, 0x00, 0x00, 0x00, 0xFF,
  0xFF, 0xFF, 0x00, 0x00, 0x00, 0xF0, 0xFF, 0xEF, 0x00, 0x00, 0x00, 0x00, 0x00, 0x00, 0xD0, 0x0D,
  0x00, 0x00, 0x00, 0x00, 0x00, 0x00, 0x00, 0xF0, 0xFF, 0xFF, 0x00, 0x00, 0xFD, 0xFF, 0x00, 0x00,
  0xF0, 0xFF, 0xFF, 0xFF, 0x0D, 0xF0, 0xFF, 0x0F, 0x00, 0xE0, 0xFF, 0xFF, 0xFF, 0xFF, 0xEE, 0xFF,
  0xFF, 0x00, 0x00, 0xFF, 0xFF, 0x00, 0xFF, 0xFF, 0xFF, 0xFF, 0x0D, 0x00, 0xF0, 0xFF, 0x0E, 0x00,
  0xFF, 0xFF, 0xFF, 0x0F, 0x00, 0x00, 0xFE, 0x0F, 0x00, 0x00, 0xFE, 0xFF, 0x0F, 0x00, 0x00, 0x00,
  0x00, 0x00, 0x00, 0x00, 0x00, 0x00, 0x00, 0x00, 0x00, 0x00, 0x00, 0x00, 0x00, 0x00, 0x00, 0x00,
  0x00, 0x00, 0x00, 0x00, 0x00, 0x00, 0x00, 0x00, 0x00, 0x00, 0x00, 0x00, 0x00, 0x00, 0x00, 0x00,
  0x00, 0x00, 0x00, 0x00, 0x00, 0x00, 0x00, 0x00, 0x00, 0x00, 0x00, 0x00, 0x00, 0x00,
};
static constexpr Font kPageHeading{kPageHeadingGlyphs, kPageHeadingBitmap, 28, 7, 35};
static constexpr Glyph kBrandGlyphs[] = {
  {0, 8, 0, 0, 0, 8},
  {0, 11, 24, 0, -24, 11},
  {132, 18, 24, 0, -24, 18},
  {348, 21, 24, 0, -24, 21},
  {600, 21, 30, 0, -27, 21},
  {915, 33, 24, 0, -24, 33},
  {1311, 22, 24, 0, -24, 22},
  {1575, 11, 24, 0, -24, 11},
  {1707, 12, 30, 0, -26, 12},
  {1887, 12, 30, 0, -26, 12},
  {2067, 18, 24, 0, -24, 18},
  {2283, 22, 18, 0, -18, 22},
  {2481, 11, 10, 0, -4, 11},
  {2536, 15, 12, 0, -12, 15},
  {2626, 11, 5, 0, -5, 11},
  {2654, 12, 29, 0, -25, 12},
  {2828, 22, 24, 0, -24, 22},
  {3092, 14, 24, 0, -24, 14},
  {3260, 20, 24, 0, -24, 20},
  {3500, 21, 24, 0, -24, 21},
  {3752, 22, 24, 0, -24, 22},
  {4016, 20, 24, 0, -24, 20},
  {4256, 21, 24, 0, -24, 21},
  {4508, 19, 24, 0, -24, 19},
  {4736, 21, 24, 0, -24, 21},
  {4988, 21, 24, 0, -24, 21},
  {5240, 11, 17, 0, -17, 11},
  {5334, 11, 23, 0, -17, 11},
  {5461, 22, 19, 0, -19, 22},
  {5670, 22, 16, 0, -16, 22},
  {5846, 22, 19, 0, -19, 22},
  {6055, 18, 24, 0, -24, 18},
  {6271, 33, 31, 0, -24, 33},
  {6783, 24, 24, 0, -24, 24},
  {7071, 21, 24, 0, -24, 21},
  {7323, 24, 24, 0, -24, 24},
  {7611, 23, 24, 0, -24, 23},
  {7887, 19, 24, 0, -24, 19},
  {8115, 19, 24, 0, -24, 19},
  {8343, 24, 24, 0, -24, 24},
  {8631, 24, 24, 0, -24, 24},
  {8919, 9, 24, 0, -24, 9},
  {9027, 19, 24, 0, -24, 19},
  {9255, 23, 24, 0, -24, 23},
  {9531, 18, 24, 0, -24, 18},
  {9747, 30, 24, 0, -24, 30},
  {10107, 24, 24, 0, -24, 24},
  {10395, 25, 24, 0, -24, 25},
  {10695, 21, 24, 0, -24, 21},
  {10947, 25, 26, 0, -24, 25},
  {11272, 21, 24, 0, -24, 21},
  {11524, 21, 24, 0, -24, 21},
  {11776, 21, 24, 0, -24, 21},
  {12028, 23, 24, 0, -24, 23},
  {12304, 24, 24, 0, -24, 24},
  {12592, 33, 24, 0, -24, 33},
  {12988, 24, 24, 0, -24, 24},
  {13276, 23, 24, 0, -24, 23},
  {13552, 21, 24, 0, -24, 21},
  {13804, 12, 30, 0, -26, 12},
  {13984, 12, 29, 0, -25, 12},
  {14158, 12, 30, 0, -26, 12},
  {14338, 16, 23, 0, -23, 16},
  {14522, 16, 4, 0, 0, 15},
  {14554, 12, 25, 0, -25, 12},
  {14704, 19, 18, 0, -18, 19},
  {14875, 20, 24, 0, -24, 20},
  {15115, 19, 18, 0, -18, 19},
  {15286, 20, 24, 0, -24, 20},
  {15526, 19, 18, 0, -18, 19},
  {15697, 13, 25, 0, -25, 13},
  {15860, 20, 25, 0, -18, 20},
  {16110, 20, 24, 0, -24, 20},
  {16350, 9, 25, 0, -25, 9},
  {16463, 10, 32, -1, -25, 9},
  {16623, 19, 24, 0, -24, 19},
  {16851, 9, 24, 0, -24, 9},
  {16959, 29, 18, 0, -18, 29},
  {17220, 20, 18, 0, -18, 20},
  {17400, 20, 18, 0, -18, 20},
  {17580, 20, 25, 0, -18, 20},
  {17830, 20, 25, 0, -18, 20},
  {18080, 13, 19, 0, -19, 13},
  {18204, 18, 18, 0, -18, 18},
  {18366, 12, 22, 0, -22, 12},
  {18498, 20, 18, 0, -18, 20},
  {18678, 19, 18, 0, -18, 19},
  {18849, 27, 18, 0, -18, 27},
  {19092, 19, 18, 0, -18, 19},
  {19263, 19, 25, 0, -18, 19},
  {19501, 18, 18, 0, -18, 18},
  {19663, 15, 30, 0, -26, 15},
  {19888, 12, 39, 0, -31, 12},
  {20122, 15, 30, 0, -26, 15},
  {20347, 22, 13, 0, -13, 22},
};
static constexpr uint8_t kBrandBitmap[] = {
  0x00, 0xF0, 0xFF, 0xFF, 0x00, 0x00, 0x00, 0xFF, 0xFF, 0x0F, 0x00, 0x00, 0xF0, 0xFF, 0xFF, 0x00,
  0x00, 0x00, 0xFF, 0xFF, 0x0F, 0x00, 0x00, 0xF0, 0xFF, 0xFF, 0x00, 0x00, 0x00, 0xFF, 0xFF, 0x0F,
  0x00, 0x00, 0xF0, 0xFF, 0xFF, 0x00, 0x00, 0x00, 0xFF, 0xFF, 0x0F, 0x00, 0x00, 0xF0, 0xFF, 0xFF,
  0x00, 0x00, 0x00, 0xFF, 0xFF, 0x0F, 0x00, 0x00, 0xF0, 0xFF, 0xFF, 0x00, 0x00, 0x00, 0xFF, 0xFF,
  0x0F, 0x00, 0x00, 0xF0, 0xFF, 0xFF, 0x00, 0x00, 0x00, 0xFF, 0xFF, 0x0F, 0x00, 0x00, 0xF0, 0xFF,
  0xFF, 0x00, 0x00, 0x00, 0xFF, 0xFF, 0x0F, 0x00, 0x00, 0x00, 0x00, 0x00, 0x00, 0x00, 0x00, 0x00,
  0x00, 0x00, 0x00, 0x00, 0x00, 0x00, 0x00, 0x00, 0x00, 0x00, 0xFD, 0xFF, 0x0D, 0x00, 0x00, 0xF0,
  0xFF, 0xFF, 0x00, 0x00, 0xE0, 0xFF, 0xFF, 0x0F, 0x00, 0x00, 0xF0, 0xFF, 0xFF, 0x00, 0x00, 0x00,
  0xFE, 0xFF, 0x0D, 0x00, 0x00, 0xF0, 0xFF, 0xFF, 0x00, 0xFF, 0xFF, 0x0E, 0x00, 0x00, 0xF0, 0xFF,
  0xFF, 0x00, 0xFF, 0xFF, 0x0E, 0x00, 0x00, 0xF0, 0xFF, 0xFF, 0x00, 0xFF, 0xFF, 0x0E, 0x00, 0x00,
  0xF0, 0xFF, 0xFF, 0x00, 0xFF, 0xFF, 0x0E, 0x00, 0x00, 0xF0, 0xFF, 0xEF, 0x00, 0xFF, 0xFF, 0x0D,
  0x00, 0x00, 0xF0, 0xFF, 0xEF, 0x00, 0xFF, 0xFF, 0x0D, 0x00, 0x00, 0xF0, 0xFF, 0xEF, 0x00, 0xFF,
  0xFF, 0x00, 0x00, 0x00, 0xE0, 0xFF, 0xEF, 0x00, 0xFF, 0xFF, 0x00, 0x00, 0x00, 0xE0, 0xFF, 0xDF,
  0x00, 0xFF, 0xFF, 0x00, 0x00, 0x00, 0xE0, 0xFF, 0xDF, 0x00, 0xFF, 0xFF, 0x00, 0x00, 0x00, 0x00,
  0x00, 0x00, 0x00, 0x00, 0x00, 0x00, 0x00, 0x00, 0x00, 0x00, 0x00, 0x00, 0x00, 0x00, 0x00, 0x00,
  0x00, 0x00, 0x00, 0x00, 0x00, 0x00, 0x00, 0x00, 0x00, 0x00, 0x00, 0x00, 0x00, 0x00, 0x00, 0x00,
  0x00, 0x00, 0x00, 0x00, 0x00, 0x00, 0x00, 0x00, 0x00, 0x00, 0x00, 0x00, 0x00, 0x00, 0x00, 0x00,
  0x00, 0x00, 0x00, 0x00, 0x00, 0x00, 0x00, 0x00, 0x00, 0x00, 0x00, 0x00, 0x00, 0x00, 0x00, 0x00,
  0x00, 0x00, 0x00, 0x00, 0x00, 0x00, 0x00, 0x00, 0x00, 0x00, 0x00, 0x00, 0x00, 0x00, 0x00, 0x00,
  0x00, 0x00, 0x00, 0x00, 0x00, 0x00, 0x00, 0x00, 0x00, 0x00, 0x00, 0x00, 0x00, 0x00, 0x00, 0x00,
  0x00, 0x00, 0x00, 0x00, 0x00, 0x00, 0x00, 0x00, 0x00, 0x00, 0x00, 0x00, 0x00, 0x00, 0x00, 0x00,
  0x00, 0x00, 0x00, 0x00, 0x00, 0x00, 0x00, 0x00, 0x00, 0x00, 0x00, 0x00, 0x00, 0x00, 0x00, 0xFF,
  0xFF, 0x00, 0x00, 0xFE, 0xFF, 0x00, 0x00, 0x00, 0x00, 0xF0, 0xFF, 0x0F, 0x00, 0xF0, 0xFF, 0x0F,
  0x00, 0x00, 0x00, 0x00, 0xFF, 0xFF, 0x00, 0x00, 0xFF, 0xFF, 0x00, 0x00, 0x00, 0x00, 0xF0, 0xFF,
  0x0E, 0x00, 0xF0, 0xFF, 0x0F, 0x00, 0x00, 0x00, 0xD0, 0xFF, 0xDF, 0x00, 0x00, 0xFF, 0xEF, 0x00,
  0x00, 0x00, 0x00, 0xFE, 0xFF, 0x00, 0x00, 0xFD, 0xFF, 0x0D, 0x00, 0x00, 0xFF, 0xFF, 0xFF, 0xFF,
  0xFF, 0xFF, 0xFF, 0xFF, 0xFF, 0x0E, 0xF0, 0xFF, 0xFF, 0xFF, 0xFF, 0xFF, 0xFF, 0xFF, 0xFF, 0x0F,
  0x00, 0xFF, 0xFF, 0xFF, 0xFF, 0xFF, 0xFF, 0xFF, 0xFF, 0xFF, 0x00, 0xFD, 0xFF, 0xFF, 0xFF, 0xFF,
  0xFF, 0xFF, 0xFF, 0xFF, 0x0F, 0x00, 0x00, 0xFD, 0xFF, 0x0D, 0x00, 0xF0, 0xFF, 0x0E, 0x00, 0x00,
  0x00, 0xE0, 0xFF, 0x0F, 0x00, 0xD0, 0xFF, 0xEF, 0x00, 0x00, 0x00, 0x00, 0xFF, 0xFF, 0x00, 0x00,
  0xFE, 0xFF, 0x00, 0x00, 0x00, 0x00, 0xF0, 0xFF, 0x0F, 0x00, 0xF0, 0xFF, 0x0F, 0x00, 0x00, 0xF0,
  0xFF, 0xFF, 0xFF, 0xFF, 0xFF, 0xFF, 0xFF, 0xFF, 0x0F, 0xD0, 0xFF, 0xFF, 0xFF, 0xFF, 0xFF, 0xFF,
  0xFF, 0xFF, 0xFF, 0x00, 0xFE, 0xFF, 0xFF, 0xFF, 0xFF, 0xFF, 0xFF, 0xFF, 0xFF, 0x0F, 0xF0, 0xFF,
  0xFF, 0xFF, 0xFF, 0xFF, 0xFF, 0xFF, 0xFF, 0xFF, 0x00, 0x00, 0xF0, 0xFF, 0x0F, 0x00, 0xE0, 0xFF,
  0xDF, 0x00, 0x00, 0x00, 0x00, 0xFF, 0xFF, 0x00, 0x00, 0xFF, 0xFF, 0x00, 0x00, 0x00, 0x00, 0xF0,
  0xFF, 0x0F, 0x00, 0xF0, 0xFF, 0x0F, 0x00, 0x00, 0x00, 0x00, 0xFF, 0xFF, 0x00, 0x00, 0xFF, 0xFF,
  0x00, 0x00, 0x00, 0x00, 0xF0, 0xFF, 0x0E, 0x00, 0xF0, 0xFF, 0x0F, 0x00, 0x00, 0x00, 0xE0, 0xFF,
  0xDF, 0x00, 0x00, 0xFF, 0xEF, 0x00, 0x00, 0x00, 0x00, 0x00, 0x00, 0x00, 0xE0, 0xFF, 0x00, 0x00,
  0x00, 0x00, 0x00, 0x00, 0x00, 0x00, 0x00, 0xFE, 0x0F, 0x00, 0x00, 0x00, 0x00, 0x00, 0x00, 0x00,
  0x00, 0xE0, 0xFF, 0x00, 0x00, 0x00, 0x00, 0x00, 0x00, 0x00, 0xD0, 0xFF, 0xFF, 0xFF, 0xEF, 0x00,
  0x00, 0x00, 0x00, 0x00, 0xF0, 0xFF, 0xFF, 0xFF, 0xFF, 0xFF, 0x0E, 0x00, 0x00, 0x00, 0xFD, 0xFF,
  0xFF, 0xFF, 0xFF, 0xFF, 0xFF, 0x0F, 0x00, 0x00, 0xF0, 0xFF, 0xFF, 0xFF, 0xFF, 0xFF, 0xFF, 0xFF,
  0x0E, 0x00, 0xF0, 0xFF, 0xFF, 0xEF, 0xFE, 0xDF, 0xFF, 0xFF, 0xFF, 0x00, 0x00, 0xFF, 0xFF, 0xDF,
  0xE0, 0xFF, 0x00, 0xFF, 0xFF, 0x0F, 0x00, 0xF0, 0xFF, 0xFF, 0x00, 0xFE, 0x0F, 0xE0, 0xFF, 0xFF,
  0x0D, 0x00, 0xFF, 0xFF, 0x0F, 0xE0, 0xFF, 0x00, 0x00, 0x00, 0x00, 0x00, 0xF0, 0xFF, 0xFF, 0x0F,
  0xFE, 0x0F, 0x00, 0x00, 0x00, 0x00, 0x00, 0xFF, 0xFF, 0xFF, 0xFF, 0xFF, 0x00, 0x00, 0x00, 0x00,
  0x00, 0x00, 0xFF, 0xFF, 0xFF, 0xFF, 0xFF, 0x0E, 0x00, 0x00, 0x00, 0x00, 0x00, 0xFF, 0xFF, 0xFF,
  0xFF, 0xFF, 0xFF, 0x0D, 0x00, 0x00, 0x00, 0x00, 0xFE, 0xFF, 0xFF, 0xFF, 0xFF, 0xFF, 0x0E, 0x00,
  0x00, 0x00, 0x00, 0xD0, 0xFF, 0xFF, 0xFF, 0xFF, 0xFF, 0x0E, 0x00, 0x00, 0x00, 0x00, 0x00, 0xFE,
  0xFF, 0xFF, 0xFF, 0xFF, 0x00, 0x00, 0x00, 0x00, 0x00, 0xE0, 0xFF, 0x00, 0xFF, 0xFF, 0xEF, 0x00,
  0xFE, 0xFF, 0x0F, 0x00, 0xFE, 0x0F, 0xD0, 0xFF, 0xFF, 0x0F, 0xF0, 0xFF, 0xFF, 0x0D, 0xE0, 0xFF,
  0x00, 0xFD, 0xFF, 0xFF, 0x00, 0xFE, 0xFF, 0xFF, 0x00, 0xFE, 0x0F, 0xF0, 0xFF, 0xFF, 0x0E, 0x00,
  0xFF, 0xFF, 0xFF, 0xED, 0xFF, 0xF0, 0xFF, 0xFF, 0xDF, 0x00, 0xF0, 0xFF, 0xFF, 0xFF, 0xFF, 0xFF,
  0xFF, 0xFF, 0xFF, 0x00, 0x00, 0xF0, 0xFF, 0xFF, 0xFF, 0xFF, 0xFF, 0xFF, 0xFF, 0x00, 0x00, 0x00,
  0xF0, 0xFF, 0xFF, 0xFF, 0xFF, 0xFF, 0xFF, 0x00, 0x00, 0x00, 0x00, 0x00, 0xFF, 0xFF, 0xFF, 0xFF,
  0xDF, 0x00, 0x00, 0x00, 0x00, 0x00, 0x00, 0x00, 0xFE, 0x0F, 0x00, 0x00, 0x00, 0x00, 0x00, 0x00,
  0x00, 0x00, 0xE0, 0xFF, 0x00, 0x00, 0x00, 0x00, 0x00, 0x00, 0x00, 0x00, 0x00, 0xFE, 0x0F, 0x00,
  0x00, 0x00, 0x00, 0x00, 0x00, 0xE0, 0xFF, 0xFF, 0x0E, 0x00, 0x00, 0x00, 0x00, 0x00, 0xFF, 0xEF,
  0x00, 0x00, 0x00, 0x00, 0x00, 0xF0, 0xFF, 0xFF, 0xFF, 0x0F, 0x00, 0x00, 0x00, 0x00, 0xFE, 0xFF,
  0x00, 0x00, 0x00, 0x00, 0x00, 0xE0, 0xFF, 0xFF, 0xFF, 0xFF, 0x0E, 0x00, 0x00, 0x00, 0xF0, 0xFF,
  0x00, 0x00, 0x00, 0x00, 0x00, 0x00, 0xFF, 0xFF, 0x00, 0xFF, 0xFF, 0x00, 0x00, 0x00, 0xF0, 0xFF,
  0x0E, 0x00, 0x00, 0x00, 0x00, 0x00, 0xF0, 0xFF, 0x0D, 0xD0, 0xFF, 0x0F, 0x00, 0x00, 0xE0, 0xFF,
  0x0F, 0x00, 0x00, 0x00, 0x00, 0x00, 0x00, 0xFF, 0x0F, 0x00, 0xFD, 0xFF, 0x00, 0x00, 0x00, 0xFF,
  0x0F, 0x00, 0x00, 0x00, 0x00, 0x00, 0x00, 0xF0, 0xFF, 0x0D, 0xD0, 0xFF, 0x0F, 0x00, 0x00, 0xFF,
  0xEF, 0x00, 0x00, 0x00, 0x00, 0x00, 0x00, 0x00, 0xFF, 0xFF, 0x00, 0xFF, 0xFF, 0x00, 0x00, 0xFE,
  0xFF, 0x00, 0x00, 0x00, 0x00, 0x00, 0x00, 0x00, 0xE0, 0xFF, 0xFF, 0xFF, 0xFF, 0x0E, 0x00, 0xF0,
  0xFF, 0x00, 0x00, 0x00, 0x00, 0x00, 0x00, 0x00, 0x00, 0xF0, 0xFF, 0xFF, 0xFF, 0x0F, 0x00, 0xF0,
  0xFF, 0x0E, 0x00, 0x00, 0x00, 0x00, 0x00, 0x00, 0x00, 0x00, 0xE0, 0xFF, 0xFF, 0x0E, 0x00, 0xE0,
  0xFF, 0x0F, 0x00, 0x00, 0x00, 0x00, 0x00, 0x00, 0x00, 0x00, 0x00, 0x00, 0x00, 0x00, 0x00, 0x00,
  0xFF, 0x0F, 0x00, 0x00, 0x00, 0x00, 0x00, 0x00, 0x00, 0x00, 0x00, 0x00, 0x00, 0x00, 0x00, 0x00,
  0xFF, 0xEF, 0x00, 0x00, 0xFE, 0xFF, 0x0E, 0x00, 0x00, 0x00, 0x00, 0x00, 0x00, 0x00, 0x00, 0x00,
  0xFE, 0xFF, 0x00, 0x00, 0xFF, 0xFF, 0xFF, 0x0F, 0x00, 0x00, 0x00, 0x00, 0x00, 0x00, 0x00, 0x00,
  0xF0, 0xFF, 0x00, 0x00, 0xFF, 0xFF, 0xFF, 0xFF, 0x0F, 0x00, 0x00, 0x00, 0x00, 0x00, 0x00, 0x00,
  0xF0, 0xFF, 0x0E, 0x00, 0xFD, 0xFF, 0x0E, 0xFE, 0xFF, 0x0D, 0x00, 0x00, 0x00, 0x00, 0x00, 0x00,
  0xE0, 0xFF, 0x0F, 0x00, 0xE0, 0xFF, 0x0F, 0x00, 0xFF, 0xEF, 0x00, 0x00, 0x00, 0x00, 0x00, 0x00,
  0x00, 0xFF, 0x0F, 0x00, 0x00, 0xFF, 0xFF, 0x00, 0xF0, 0xFF, 0x0F, 0x00, 0x00, 0x00, 0x00, 0x00,
  0x00, 0xFF, 0xEF, 0x00, 0x00, 0xF0, 0xFF, 0x0F, 0x00, 0xFF, 0xFF, 0x00, 0x00, 0x00, 0x00, 0x00,
  0x00, 0xFE, 0xFF, 0x00, 0x00, 0x00, 0xFE, 0xFF, 0x00, 0xF0, 0xFF, 0x0F, 0x00, 0x00, 0x00, 0x00,
  0x00, 0xF0, 0xFF, 0x00, 0x00, 0x00, 0xD0, 0xFF, 0xDF, 0xD0, 0xFF, 0xDF, 0x00, 0x00, 0x00, 0x00,
  0x00, 0xF0, 0xFF, 0x0E, 0x00, 0x00, 0x00, 0xF0, 0xFF, 0xFF, 0xFF, 0xFF, 0x00, 0x00, 0x00, 0x00,
  0x00, 0xE0, 0xFF, 0x0F, 0x00, 0x00, 0x00, 0x00, 0xFD, 0xFF, 0xFF, 0xFF, 0x0D, 0x00, 0x00, 0x00,
  0x00, 0x00, 0xFF, 0x0F, 0x00, 0x00, 0x00, 0x00, 0x00, 0xF0, 0xFF, 0xFF, 0x00, 0x00, 0x00, 0x00,
  0x00, 0x00, 0xFD, 0xFF, 0xFF, 0x0E, 0x00, 0x00, 0x00, 0x00, 0x00, 0x00, 0xF0, 0xFF, 0xFF, 0xFF,
  0xFF, 0x00, 0x00, 0x00, 0x00, 0x00, 0x00, 0xFE, 0xFF, 0xFF, 0xFF, 0xFF, 0x0F, 0x00, 0x00, 0x00,
  0x00, 0x00, 0xFF, 0xFF, 0xFF, 0xFF, 0xFF, 0x0F, 0x00, 0x00, 0x00, 0x00, 0xE0, 0xFF, 0xFF, 0x00,
  0xF0, 0xFF, 0xEF, 0x00, 0x00, 0x00, 0x00, 0xF0, 0xFF, 0xEF, 0x00, 0xD0, 0xFF, 0xFF, 0x00, 0x00,
  0x00, 0x00, 0xF0, 0xFF, 0xEF, 0x00, 0xE0, 0xFF, 0xFF, 0x00, 0x00, 0x00, 0x00, 0xF0, 0xFF, 0xFF,
  0x00, 0xFD, 0xFF, 0xEF, 0x00, 0x00, 0x00, 0x00, 0xD0, 0xFF, 0xFF, 0xEE, 0xFF, 0xFF, 0x0F, 0x00,
  0x00, 0x00, 0x00, 0x00, 0xFF, 0xFF, 0xFF, 0xFF, 0xFF, 0x0E, 0x00, 0x00, 0x00, 0x00, 0x00, 0xFE,
  0xFF, 0xFF, 0xFF, 0xFF, 0x00, 0x00, 0x00, 0x00, 0x00, 0x00, 0xF0, 0xFF, 0xFF, 0xFF, 0x0E, 0x00,
  0x00, 0x00, 0x00, 0x00, 0x00, 0xFE, 0xFF, 0xFF, 0xEF, 0x00, 0x00, 0x00, 0x00, 0x00, 0x00, 0xF0,
  0xFF, 0xFF, 0xFF, 0xFF, 0x00, 0x00, 0xFF, 0xFF, 0x00, 0x00, 0xFF, 0xFF, 0xFF, 0xFF, 0xFF, 0x0F,
  0x00, 0xFF, 0xFF, 0x00, 0xD0, 0xFF, 0xFF, 0x0F, 0xFD, 0xFF, 0xFF, 0xE0, 0xFF, 0xFF, 0x00, 0xF0,
  0xFF, 0xFF, 0x00, 0xD0, 0xFF, 0xFF, 0xFF, 0xFF, 0xEF, 0x00, 0xF0, 0xFF, 0xFF, 0x00, 0x00, 0xFE,
  0xFF, 0xFF, 0xFF, 0x0F, 0x00, 0xF0, 0xFF, 0xFF, 0x00, 0x00, 0xE0, 0xFF, 0xFF, 0xFF, 0x0F, 0x00,
  0xE0, 0xFF, 0xFF, 0x0F, 0x00, 0xD0, 0xFF, 0xFF, 0xFF, 0x00, 0x00, 0x00, 0xFF, 0xFF, 0xFF, 0xFF,
  0xFF, 0xFF, 0xFF, 0xFF, 0x0F, 0x00, 0x00, 0xFD, 0xFF, 0xFF, 0xFF, 0xFF, 0xFF, 0xFF, 0xFF, 0xEF,
  0x00, 0x00, 0xD0, 0xFF, 0xFF, 0xFF, 0xFF, 0xFF, 0xFF, 0xFF, 0xFF, 0x00, 0x00, 0x00, 0xE0, 0xFF,
  0xFF, 0xFF, 0x0E, 0x00, 0xFF, 0xFF, 0x0F, 0x00, 0xF0, 0xFF, 0xFF, 0x00, 0x00, 0x00, 0xFF, 0xFF,
  0x0F, 0x00, 0x00, 0xF0, 0xFF, 0xFF, 0x00, 0x00, 0x00, 0xFF, 0xFF, 0x0F, 0x00, 0x00, 0xF0, 0xFF,
  0xEF, 0x00, 0x00, 0x00, 0xFF, 0xFF, 0x0E, 0x00, 0x00, 0xF0, 0xFF, 0xEF, 0x00, 0x00, 0x00, 0xFE,
  0xFF, 0x0E, 0x00, 0x00, 0xE0, 0xFF, 0xDF, 0x00, 0x00, 0x00, 0xFE, 0xFF, 0x0D, 0x00, 0x00, 0x00,
  0x00, 0x00, 0x00, 0x00, 0x00, 0x00, 0x00, 0x00, 0x00, 0x00, 0x00, 0x00, 0x00, 0x00, 0x00, 0x00,
  0x00, 0x00, 0x00, 0x00, 0x00, 0x00, 0x00, 0x00, 0x00, 0x00, 0x00, 0x00, 0x00, 0x00, 0x00, 0x00,
  0x00, 0x00, 0x00, 0x00, 0x00, 0x00, 0x00, 0x00, 0x00, 0x00, 0x00, 0x00, 0x00, 0x00, 0x00, 0x00,
  0x00, 0x00, 0x00, 0x00, 0x00, 0x00, 0x00, 0x00, 0x00, 0x00, 0x00, 0x00, 0x00, 0x00, 0x00, 0x00,
  0x00, 0x00, 0x00, 0x00, 0x00, 0x00, 0x00, 0x00, 0x00, 0x00, 0x00, 0x00, 0x00, 0x00, 0xFF, 0xFF,
  0x0F, 0x00, 0x00, 0x00, 0xFF, 0xFF, 0x0E, 0x00, 0x00, 0xF0, 0xFF, 0xFF, 0x00, 0x00, 0x00, 0xF0,
  0xFF, 0xFF, 0x00, 0x00, 0x00, 0xFE, 0xFF, 0xEF, 0x00, 0x00, 0x00, 0xFF, 0xFF, 0x0F, 0x00, 0x00,
  0x00, 0xFF, 0xFF, 0x0F, 0x00, 0x00, 0xD0, 0xFF, 0xFF, 0x0E, 0x00, 0x00, 0xE0, 0xFF, 0xFF, 0x0D,
  0x00, 0x00, 0xF0, 0xFF, 0xFF, 0x00, 0x00, 0x00, 0xF0, 0xFF, 0xFF, 0x00, 0x00, 0x00, 0xF0, 0xFF,
  0xFF, 0x00, 0x00, 0x00, 0xF0, 0xFF, 0xFF, 0x00, 0x00, 0x00, 0xFD, 0xFF, 0xFF, 0x00, 0x00, 0x00,
  0xFD, 0xFF, 0xEF, 0x00, 0x00, 0x00, 0xFE, 0xFF, 0xEF, 0x00, 0x00, 0x00, 0xFE, 0xFF, 0xEF, 0x00,
  0x00, 0x00, 0xFD, 0xFF, 0xEF, 0x00, 0x00, 0x00, 0xFD, 0xFF, 0xFF, 0x00, 0x00, 0x00, 0xF0, 0xFF,
  0xFF, 0x00, 0x00, 0x00, 0xF0, 0xFF, 0xFF, 0x00, 0x00, 0x00, 0xF0, 0xFF, 0xFF, 0x00, 0x00, 0x00,
  0xE0, 0xFF, 0xFF, 0x0E, 0x00, 0x00, 0x00, 0xFF, 0xFF, 0x0F, 0x00, 0x00, 0x00, 0xFF, 0xFF, 0x0F,
  0x00, 0x00, 0x00, 0xFE, 0xFF, 0xDF, 0x00, 0x00, 0x00, 0xF0, 0xFF, 0xFF, 0x00, 0x00, 0x00, 0xF0,
  0xFF, 0xFF, 0x00, 0x00, 0x00, 0x00, 0xFF, 0xFF, 0x0E, 0x00, 0x00, 0x00, 0xFF, 0xFF, 0x0F, 0xF0,
  0xFF, 0xFF, 0x00, 0x00, 0x00, 0xE0, 0xFF, 0xFF, 0x00, 0x00, 0x00, 0x00, 0xFF, 0xFF, 0x0F, 0x00,
  0x00, 0x00, 0xFF, 0xFF, 0x0F, 0x00, 0x00, 0x00, 0xFD, 0xFF, 0xEF, 0x00, 0x00, 0x00, 0xF0, 0xFF,
  0xFF, 0x00, 0x00, 0x00, 0xF0, 0xFF, 0xFF, 0x00, 0x00, 0x00, 0xE0, 0xFF, 0xFF, 0x0E, 0x00, 0x00,
  0xD0, 0xFF, 0xFF, 0x0F, 0x00, 0x00, 0x00, 0xFF, 0xFF, 0x0F, 0x00, 0x00, 0x00, 0xFF, 0xFF, 0x0F,
  0x00, 0x00, 0x00, 0xFF, 0xFF, 0x0F, 0x00, 0x00, 0x00, 0xFF, 0xFF, 0xDF, 0x00, 0x00, 0x00, 0xFE,
  0xFF, 0xEF, 0x00, 0x00, 0x00, 0xFE, 0xFF, 0xEF, 0x00, 0x00, 0x00, 0xFE, 0xFF, 0xEF, 0x00, 0x00,
  0x00, 0xFE, 0xFF, 0xEF, 0x00, 0x00, 0x00, 0xFE, 0xFF, 0xEF, 0x00, 0x00, 0x00, 0xFF, 0xFF, 0xDF,
  0x00, 0x00, 0x00, 0xFF, 0xFF, 0x0F, 0x00, 0x00, 0x00, 0xFF, 0xFF, 0x0F, 0x00, 0x00, 0x00, 0xFF,
  0xFF, 0x0F, 0x00, 0x00, 0xD0, 0xFF, 0xFF, 0x0F, 0x00, 0x00, 0xF0, 0xFF, 0xFF, 0x0D, 0x00, 0x00,
  0xF0, 0xFF, 0xFF, 0x00, 0x00, 0x00, 0xFD, 0xFF, 0xFF, 0x00, 0x00, 0x00, 0xFF, 0xFF, 0x0F, 0x00,
  0x00, 0x00, 0xFF, 0xFF, 0x0F, 0x00, 0x00, 0xE0, 0xFF, 0xFF, 0x00, 0x00, 0x00, 0xF0, 0xFF, 0xFF,
  0x00, 0x00, 0x00, 0x00, 0x00, 0x00, 0xF0, 0xFF, 0x0E, 0x00, 0x00, 0x00, 0x00, 0x00, 0x00, 0xE0,
  0xFF, 0x0E, 0x00, 0x00, 0x00, 0x00, 0xD0, 0x0F, 0xE0, 0xFF, 0x0D, 0xF0, 0x00, 0x00, 0x00, 0xF0,
  0xFF, 0xEE, 0xFF, 0xED, 0xFF, 0x0F, 0x00, 0x00, 0xFD, 0xFF, 0xFF, 0xFF, 0xFF, 0xFF, 0x0F, 0x00,
  0x00, 0x00, 0xFF, 0xFF, 0xFF, 0xFF, 0xFF, 0x00, 0x00, 0x00, 0x00, 0x00, 0xFF, 0xFF, 0xFF, 0x00,
  0x00, 0x00, 0x00, 0x00, 0xFE, 0xFF, 0xFF, 0xFF, 0xEF, 0x00, 0x00, 0x00, 0xFD, 0xFF, 0xFF, 0xFF,
  0xFF, 0xFF, 0x0F, 0x00, 0x00, 0xF0, 0xFF, 0xEE, 0xFF, 0xFD, 0xFF, 0x0F, 0x00, 0x00, 0xE0, 0x0F,
  0xE0, 0xFF, 0x0D, 0xFD, 0x0D, 0x00, 0x00, 0x00, 0x00, 0xE0, 0xFF, 0x0E, 0x00, 0x00, 0x00, 0x00,
  0x00, 0x00, 0xF0, 0xFF, 0x0E, 0x00, 0x00, 0x00, 0x00, 0x00, 0x00, 0x00, 0x00, 0x00, 0x00, 0x00,
  0x00, 0x00, 0x00, 0x00, 0x00, 0x00, 0x00, 0x00, 0x00, 0x00, 0x00, 0x00, 0x00, 0x00, 0x00, 0x00,
  0x00, 0x00, 0x00, 0x00, 0x00, 0x00, 0x00, 0x00, 0x00, 0x00, 0x00, 0x00, 0x00, 0x00, 0x00, 0x00,
  0x00, 0x00, 0x00, 0x00, 0x00, 0x00, 0x00, 0x00, 0x00, 0x00, 0x00, 0x00, 0x00, 0x00, 0x00, 0x00,
  0x00, 0x00, 0x00, 0x00, 0x00, 0x00, 0x00, 0x00, 0x00, 0x00, 0x00, 0x00, 0x00, 0x00, 0x00, 0x00,
  0x00, 0x00, 0x00, 0x00, 0x00, 0x00, 0x00, 0x00, 0x00, 0x00, 0x00, 0x00, 0x00, 0x00, 0x00, 0x00,
  0x00, 0x00, 0x00, 0x00, 0x00, 0x00, 0x00, 0x00, 0x00, 0x00, 0x00, 0x00, 0x00, 0x00, 0x00, 0xF0,
  0xFF, 0x0F, 0x00, 0x00, 0x00, 0x00, 0x00, 0x00, 0x00, 0x00, 0xF0, 0xFF, 0x0F, 0x00, 0x00, 0x00,
  0x00, 0x00, 0x00, 0x00, 0x00, 0xF0, 0xFF, 0x0F, 0x00, 0x00, 0x00, 0x00, 0x00, 0x00, 0x00, 0x00,
  0xF0, 0xFF, 0x0F, 0x00, 0x00, 0x00, 0x00, 0x00, 0x00, 0x00, 0x00, 0xF0, 0xFF, 0x0F, 0x00, 0x00,
  0x00, 0x00, 0x00, 0x00, 0x00, 0x00, 0xF0, 0xFF, 0x0F, 0x00, 0x00, 0x00, 0x00, 0x00, 0xF0, 0xFF,
  0xFF, 0xFF, 0xFF, 0xFF, 0xFF, 0xFF, 0x0F, 0x00, 0x00, 0xF0, 0xFF, 0xFF, 0xFF, 0xFF, 0xFF, 0xFF,
  0xFF, 0x0F, 0x00, 0x00, 0xF0, 0xFF, 0xFF, 0xFF, 0xFF, 0xFF, 0xFF, 0xFF, 0x0F, 0x00, 0x00, 0xF0,
  0xFF, 0xFF, 0xFF, 0xFF, 0xFF, 0xFF, 0xFF, 0x0F, 0x00, 0x00, 0x00, 0x00, 0x00, 0xF0, 0xFF, 0x0F,
  0x00, 0x00, 0x00, 0x00, 0x00, 0x00, 0x00, 0x00, 0xF0, 0xFF, 0x0F, 0x00, 0x00, 0x00, 0x00, 0x00,
  0x00, 0x00, 0x00, 0xF0, 0xFF, 0x0F, 0x00, 0x00, 0x00, 0x00, 0x00, 0x00, 0x00, 0x00, 0xF0, 0xFF,
  0x0F, 0x00, 0x00, 0x00, 0x00, 0x00, 0x00, 0x00, 0x00, 0xF0, 0xFF, 0x0F, 0x00, 0x00, 0x00, 0x00,
  0x00, 0x00, 0x00, 0x00, 0xF0, 0xFF, 0x0F, 0x00, 0x00, 0x00, 0x00, 0x00, 0x00, 0x00, 0x00, 0x00,
  0x00, 0x00, 0x00, 0x00, 0x00, 0x00, 0x00, 0x00, 0x00, 0x00, 0x00, 0x00, 0x00, 0x00, 0x00, 0x00,
  0x00, 0x00, 0xF0, 0xFF, 0xFF, 0x00, 0x00, 0x00, 0xFF, 0xFF, 0x0E, 0x00, 0x00, 0xF0, 0xFF, 0xDF,
  0x00, 0x00, 0xD0, 0xFF, 0xFF, 0x00, 0x00, 0x00, 0xFE, 0xFF, 0x0F, 0x00, 0x00, 0xF0, 0xFF, 0xEF,
  0x00, 0x00, 0x00, 0xFF, 0xFF, 0x00, 0x00, 0x00, 0xF0, 0xFF, 0x0F, 0x00, 0x00, 0x00, 0xFF, 0xEF,
  0x00, 0x00, 0x00, 0xF0, 0xFF, 0x0D, 0x00, 0x00, 0x00, 0xFF, 0xFF, 0xFF, 0xFF, 0xFF, 0x0F, 0x00,
  0xF0, 0xFF, 0xFF, 0xFF, 0xFF, 0xFF, 0x00, 0x00, 0xFF, 0xFF, 0xFF, 0xFF, 0xFF, 0x0F, 0x00, 0xF0,
  0xFF, 0xFF, 0xFF, 0xFF, 0xFF, 0x00, 0x00, 0x00, 0x00, 0x00, 0x00, 0x00, 0x00, 0x00, 0x00, 0x00,
  0x00, 0x00, 0x00, 0x00, 0x00, 0x00, 0x00, 0x00, 0x00, 0x00, 0x00, 0x00, 0x00, 0x00, 0x00, 0x00,
  0x00, 0x00, 0x00, 0x00, 0x00, 0x00, 0x00, 0x00, 0x00, 0x00, 0x00, 0x00, 0x00, 0x00, 0x00, 0x00,
  0x00, 0x00, 0x00, 0x00, 0x00, 0x00, 0x00, 0x00, 0x00, 0x00, 0x00, 0x00, 0x00, 0x00, 0x00, 0x00,
  0x00, 0x00, 0x00, 0xD0, 0xFF, 0x0F, 0x00, 0x00, 0x00, 0xFF, 0xFF, 0x0F, 0x00, 0x00, 0xFD, 0xFF,
  0xFF, 0x00, 0x00, 0x00, 0xFF, 0xFF, 0x0F, 0x00, 0x00, 0xD0, 0xFF, 0x0F, 0x00, 0x00, 0x00, 0x00,
  0x00, 0x00, 0xFF, 0xEF, 0x00, 0x00, 0x00, 0xE0, 0xFF, 0xFF, 0x00, 0x00, 0x00, 0xF0, 0xFF, 0xEF,
  0x00, 0x00, 0x00, 0xF0, 0xFF, 0xDF, 0x00, 0x00, 0x00, 0xF0, 0xFF, 0x0F, 0x00, 0x00, 0x00, 0xFE,
  0xFF, 0x0F, 0x00, 0x00, 0x00, 0xFF, 0xFF, 0x0E, 0x00, 0x00, 0x00, 0xFF, 0xFF, 0x00, 0x00, 0x00,
  0x00, 0xFF, 0xFF, 0x00, 0x00, 0x00, 0xE0, 0xFF, 0xFF, 0x00, 0x00, 0x00, 0xF0, 0xFF, 0xEF, 0x00,
  0x00, 0x00, 0xF0, 0xFF, 0x0F, 0x00, 0x00, 0x00, 0xFD, 0xFF, 0x0F, 0x00, 0x00, 0x00, 0xFE, 0xFF,
  0x0F, 0x00, 0x00, 0x00, 0xFF, 0xFF, 0x0E, 0x00, 0x00, 0x00, 0xFF, 0xFF, 0x00, 0x00, 0x00, 0xD0,
  0xFF, 0xFF, 0x00, 0x00, 0x00, 0xF0, 0xFF, 0xFF, 0x00, 0x00, 0x00, 0xF0, 0xFF, 0xDF, 0x00, 0x00,
  0x00, 0xF0, 0xFF, 0x0F, 0x00, 0x00, 0x00, 0xFE, 0xFF, 0x0F, 0x00, 0x00, 0x00, 0xFF, 0xFF, 0x0E,
  0x00, 0x00, 0x00, 0xFF, 0xFF, 0x0D, 0x00, 0x00, 0x00, 0xFF, 0xFF, 0x00, 0x00, 0x00, 0xE0, 0xFF,
  0xFF, 0x00, 0x00, 0x00, 0xF0, 0xFF, 0xEF, 0x00, 0x00, 0x00, 0xF0, 0xFF, 0x0F, 0x00, 0x00, 0x00,
  0xF0, 0xFF, 0x0F, 0x00, 0x00, 0x00, 0xFE, 0xFF, 0x0F, 0x00, 0x00, 0x00, 0x00, 0x00, 0x00, 0xE0,
  0xFF, 0xFF, 0xFF, 0x0D, 0x00, 0x00, 0x00, 0x00, 0x00, 0xE0, 0xFF, 0xFF, 0xFF, 0xFF, 0xFF, 0x00,
  0x00, 0x00, 0x00, 0x00, 0xFE, 0xFF, 0xFF, 0xFF, 0xFF, 0xFF, 0x0F, 0x00, 0x00, 0x00, 0xD0, 0xFF,
  0xFF, 0xFF, 0xFF, 0xFF, 0xFF, 0xFF, 0x00, 0x00, 0x00, 0xF0, 0xFF, 0xFF, 0x0F, 0x00, 0xFD, 0xFF,
  0xFF, 0x0E, 0x00, 0x00, 0xFE, 0xFF, 0xFF, 0x00, 0x00, 0xD0, 0xFF, 0xFF, 0x0F, 0x00, 0x00, 0xFF,
  0xFF, 0xDF, 0x00, 0x00, 0x00, 0xFF, 0xFF, 0xDF, 0x00, 0x00, 0xFF, 0xFF, 0x0F, 0x00, 0x00, 0x00,
  0xFD, 0xFF, 0xFF, 0x00, 0xD0, 0xFF, 0xFF, 0x0F, 0x00, 0x00, 0x00, 0xF0, 0xFF, 0xFF, 0x00, 0xE0,
  0xFF, 0xFF, 0x0E, 0x00, 0x00, 0x00, 0xF0, 0xFF, 0xFF, 0x00, 0xE0, 0xFF, 0xFF, 0x0E, 0x00, 0x00,
  0x00, 0xF0, 0xFF, 0xFF, 0x00, 0xF0, 0xFF, 0xFF, 0x0E, 0x00, 0x00, 0x00, 0xF0, 0xFF, 0xFF, 0x00,
  0xF0, 0xFF, 0xFF, 0x0E, 0x00, 0x00, 0x00, 0xF0, 0xFF, 0xFF, 0x00, 0xE0, 0xFF, 0xFF, 0x0E, 0x00,
  0x00, 0x00, 0xF0, 0xFF, 0xFF, 0x00, 0xE0, 0xFF, 0xFF, 0x0E, 0x00, 0x00, 0x00, 0xF0, 0xFF, 0xFF,
  0x00, 0xD0, 0xFF, 0xFF, 0x0F, 0x00, 0x00, 0x00, 0xF0, 0xFF, 0xFF, 0x00, 0x00, 0xFF, 0xFF, 0x0F,
  0x00, 0x00, 0x00, 0xFD, 0xFF, 0xFF, 0x00, 0x00, 0xFF, 0xFF, 0xDF, 0x00, 0x00, 0x00, 0xFF, 0xFF,
  0xEF, 0x00, 0x00, 0xFE, 0xFF, 0xFF, 0x00, 0x00, 0xD0, 0xFF, 0xFF, 0x0F, 0x00, 0x00, 0xF0, 0xFF,
  0xFF, 0x0F, 0x00, 0xFD, 0xFF, 0xFF, 0x0E, 0x00, 0x00, 0xD0, 0xFF, 0xFF, 0xFF, 0xFF, 0xFF, 0xFF,
  0xFF, 0x00, 0x00, 0x00, 0x00, 0xFE, 0xFF, 0xFF, 0xFF, 0xFF, 0xFF, 0x0F, 0x00, 0x00, 0x00, 0x00,
  0xE0, 0xFF, 0xFF, 0xFF, 0xFF, 0xFF, 0x00, 0x00, 0x00, 0x00, 0x00, 0x00, 0xE0, 0xFF, 0xFF, 0xFF,
  0x0D, 0x00, 0x00, 0x00, 0x00, 0x00, 0xD0, 0xFF, 0xFF, 0xFF, 0x00, 0x00, 0x00, 0xFE, 0xFF, 0xFF,
  0xFF, 0x00, 0x00, 0xF0, 0xFF, 0xFF, 0xFF, 0xFF, 0x00, 0x00, 0xFF, 0xFF, 0xFF, 0xFF, 0xFF, 0x00,
  0xF0, 0xFF, 0xFF, 0xFF, 0xFF, 0xFF, 0x00, 0xF0, 0xFF, 0xFF, 0xF0, 0xFF, 0xFF, 0x00, 0xF0, 0xFF,
  0x0D, 0xF0, 0xFF, 0xFF, 0x00, 0xF0, 0x0F, 0x00, 0xF0, 0xFF, 0xFF, 0x00, 0x00, 0x00, 0x00, 0xF0,
  0xFF, 0xFF, 0x00, 0x00, 0x00, 0x00, 0xF0, 0xFF, 0xFF, 0x00, 0x00, 0x00, 0x00, 0xF0, 0xFF, 0xFF,
  0x00, 0x00, 0x00, 0x00, 0xF0, 0xFF, 0xFF, 0x00, 0x00, 0x00, 0x00, 0xF0, 0xFF, 0xFF, 0x00, 0x00,
  0x00, 0x00, 0xF0, 0xFF, 0xFF, 0x00, 0x00, 0x00, 0x00, 0xF0, 0xFF, 0xFF, 0x00, 0x00, 0x00, 0x00,
  0xF0, 0xFF, 0xFF, 0x00, 0x00, 0x00, 0x00, 0xF0, 0xFF, 0xFF, 0x00, 0x00, 0x00, 0x00, 0xF0, 0xFF,
  0xFF, 0x00, 0x00, 0x00, 0x00, 0xF0, 0xFF, 0xFF, 0x00, 0x00, 0x00, 0x00, 0xF0, 0xFF, 0xFF, 0x00,
  0x00, 0x00, 0x00, 0xF0, 0xFF, 0xFF, 0x00, 0x00, 0x00, 0x00, 0xF0, 0xFF, 0xFF, 0x00, 0x00, 0x00,
  0x00, 0xF0, 0xFF, 0xFF, 0x00, 0x00, 0x00, 0x00, 0xF0, 0xFF, 0xFF, 0x00, 0x00, 0x00, 0x00, 0xFE,
  0xFF, 0xFF, 0xEF, 0x00, 0x00, 0x00, 0x00, 0x00, 0xFD, 0xFF, 0xFF, 0xFF, 0xFF, 0xDF, 0x00, 0x00,
  0x00, 0xE0, 0xFF, 0xFF, 0xFF, 0xFF, 0xFF, 0xFF, 0x0D, 0x00, 0x00, 0xFD, 0xFF, 0xFF, 0xFF, 0xFF,
  0xFF, 0xFF, 0x0F, 0x00, 0x00, 0xFF, 0xFF, 0xFF, 0x00, 0x00, 0xFF, 0xFF, 0xFF, 0x00, 0x00, 0xFF,
  0xFF, 0x0F, 0x00, 0x00, 0xF0, 0xFF, 0xFF, 0x00, 0xD0, 0xFF, 0xFF, 0x0E, 0x00, 0x00, 0xF0, 0xFF,
  0xFF, 0x00, 0x00, 0xFF, 0xFF, 0x00, 0x00, 0x00, 0xF0, 0xFF, 0xFF, 0x00, 0x00, 0x00, 0x00, 0x00,
  0x00, 0x00, 0xF0, 0xFF, 0xFF, 0x00, 0x00, 0x00, 0x00, 0x00, 0x00, 0x00, 0xF0, 0xFF, 0xFF, 0x00,
  0x00, 0x00, 0x00, 0x00, 0x00, 0x00, 0xFF, 0xFF, 0xDF, 0x00, 0x00, 0x00, 0x00, 0x00, 0x00, 0xF0,
  0xFF, 0xFF, 0x0F, 0x00, 0x00, 0x00, 0x00, 0x00, 0x00, 0xFF, 0xFF, 0xFF, 0x00, 0x00, 0x00, 0x00,
  0x00, 0x00, 0xF0, 0xFF, 0xFF, 0x0F, 0x00, 0x00, 0x00, 0x00, 0x00, 0x00, 0xFF, 0xFF, 0xFF, 0x0D,
  0x00, 0x00, 0x00, 0x00, 0x00, 0xF0, 0xFF, 0xFF, 0xDF, 0x00, 0x00, 0x00, 0x00, 0x00, 0x00, 0xFF,
  0xFF, 0xFF, 0x0D, 0x00, 0x00, 0x00, 0x00, 0x00, 0xF0, 0xFF, 0xFF, 0xDF, 0x00, 0x00, 0x00, 0x00,
  0x00, 0x00, 0xFF, 0xFF, 0xFF, 0x0D, 0x00, 0x00, 0x00, 0x00, 0x00, 0xF0, 0xFF, 0xFF, 0xEF, 0x00,
  0x00, 0x00, 0x00, 0x00, 0x00, 0xFF, 0xFF, 0xFF, 0xFF, 0xFF, 0xFF, 0xFF, 0xFF, 0x0D, 0x00, 0xFF,
  0xFF, 0xFF, 0xFF, 0xFF, 0xFF, 0xFF, 0xFF, 0x0E, 0x00, 0xFF, 0xFF, 0xFF, 0xFF, 0xFF, 0xFF, 0xFF,
  0xFF, 0x0E, 0x00, 0xFF, 0xFF, 0xFF, 0xFF, 0xFF, 0xFF, 0xFF, 0xFF, 0x0E, 0x00, 0x00, 0x00, 0xFD,
  0xFF, 0xFF, 0xEF, 0x00, 0x00, 0x00, 0x00, 0x00, 0x00, 0xFF, 0xFF, 0xFF, 0xFF, 0xFF, 0x0E, 0x00,
  0x00, 0x00, 0xD0, 0xFF, 0xFF, 0xFF, 0xFF, 0xFF, 0xFF, 0x0F, 0x00, 0x00, 0x00, 0xFF, 0xFF, 0xFF,
  0xFF, 0xFF, 0xFF, 0xFF, 0x0E, 0x00, 0x00, 0xFF, 0xFF, 0xFF, 0x00, 0x00, 0xFE, 0xFF, 0xFF, 0x00,
  0x00, 0xF0, 0xFF, 0xFF, 0x00, 0x00, 0x00, 0xFF, 0xFF, 0x0F, 0x00, 0x00, 0xFF, 0xFF, 0x0E, 0x00,
  0x00, 0xE0, 0xFF, 0xFF, 0x0D, 0x00, 0x00, 0x00, 0x00, 0x00, 0x00, 0x00, 0xFE, 0xFF, 0xDF, 0x00,
  0x00, 0x00, 0x00, 0x00, 0x00, 0x00, 0xF0, 0xFF, 0xFF, 0x00, 0x00, 0x00, 0x00, 0x00, 0x00, 0x00,
  0xFD, 0xFF, 0xFF, 0x0E, 0x00, 0x00, 0x00, 0x00, 0xD0, 0xFF, 0xFF, 0xFF, 0xFF, 0x0E, 0x00, 0x00,
  0x00, 0x00, 0x00, 0xFD, 0xFF, 0xFF, 0xFF, 0x00, 0x00, 0x00, 0x00, 0x00, 0x00, 0xD0, 0xFF, 0xFF,
  0xFF, 0xFF, 0x0E, 0x00, 0x00, 0x00, 0x00, 0x00, 0xFD, 0xFF, 0xFF, 0xFF, 0xFF, 0x0F, 0x00, 0x00,
  0x00, 0x00, 0x00, 0x00, 0x00, 0xFE, 0xFF, 0xFF, 0x0E, 0x00, 0x00, 0x00, 0x00, 0x00, 0x00, 0x00,
  0xFD, 0xFF, 0xFF, 0x00, 0x00, 0x00, 0x00, 0x00, 0x00, 0x00, 0x00, 0xFF, 0xFF, 0x0F, 0x00, 0xFD,
  0xFF, 0xDF, 0x00, 0x00, 0x00, 0xF0, 0xFF, 0xFF, 0x00, 0xD0, 0xFF, 0xFF, 0x0F, 0x00, 0x00, 0x00,
  0xFF, 0xFF, 0x0F, 0x00, 0xF0, 0xFF, 0xFF, 0x0F, 0x00, 0xD0, 0xFF, 0xFF, 0xFF, 0x00, 0x00, 0xFE,
  0xFF, 0xFF, 0xFF, 0xFF, 0xFF, 0xFF, 0xFF, 0x0D, 0x00, 0x00, 0xFF, 0xFF, 0xFF, 0xFF, 0xFF, 0xFF,
  0xFF, 0x0D, 0x00, 0x00, 0x00, 0xFE, 0xFF, 0xFF, 0xFF, 0xFF, 0xFF, 0x0D, 0x00, 0x00, 0x00, 0x00,
  0xE0, 0xFF, 0xFF, 0xFF, 0xDF, 0x00, 0x00, 0x00, 0x00, 0x00, 0x00, 0x00, 0x00, 0xF0, 0xFF, 0xFF,
  0xDF, 0x00, 0x00, 0x00, 0x00, 0x00, 0x00, 0x00, 0xFF, 0xFF, 0xFF, 0xDF, 0x00, 0x00, 0x00, 0x00,
  0x00, 0x00, 0xD0, 0xFF, 0xFF, 0xFF, 0xDF, 0x00, 0x00, 0x00, 0x00, 0x00, 0x00, 0xF0, 0xFF, 0xFF,
  0xFF, 0xDF, 0x00, 0x00, 0x00, 0x00, 0x00, 0x00, 0xFE, 0xFF, 0xFF, 0xFF, 0xDF, 0x00, 0x00, 0x00,
  0x00, 0x00, 0x00, 0xFF, 0xFF, 0xFF, 0xFF, 0xDF, 0x00, 0x00, 0x00, 0x00, 0x00, 0xF0, 0xFF, 0xFF,
  0xFE, 0xFF, 0xDF, 0x00, 0x00, 0x00, 0x00, 0x00, 0xFD, 0xFF, 0xEF, 0xFD, 0xFF, 0xDF, 0x00, 0x00,
  0x00, 0x00, 0x00, 0xFF, 0xFF, 0x0F, 0xFD, 0xFF, 0xDF, 0x00, 0x00, 0x00, 0x00, 0xE0, 0xFF, 0xFF,
  0x0D, 0xFD, 0xFF, 0xDF, 0x00, 0x00, 0x00, 0x00, 0xF0, 0xFF, 0xFF, 0x00, 0xFD, 0xFF, 0xDF, 0x00,
  0x00, 0x00, 0x00, 0xFF, 0xFF, 0x0F, 0x00, 0xFD, 0xFF, 0xDF, 0x00, 0x00, 0x00, 0xD0, 0xFF, 0xFF,
  0x0E, 0x00, 0xFD, 0xFF, 0xDF, 0x00, 0x00, 0x00, 0xF0, 0xFF, 0xFF, 0x00, 0x00, 0xFD, 0xFF, 0xDF,
  0x00, 0x00, 0x00, 0xFE, 0xFF, 0xDF, 0x00, 0x00, 0xFD, 0xFF, 0xDF, 0x00, 0x00, 0x00, 0xFF, 0xFF,
  0x0F, 0x00, 0x00, 0xFD, 0xFF, 0xDF, 0x00, 0x00, 0xE0, 0xFF, 0xFF, 0xFF, 0xFF, 0xFF, 0xFF, 0xFF,
  0xFF, 0xFF, 0x0D, 0xE0, 0xFF, 0xFF, 0xFF, 0xFF, 0xFF, 0xFF, 0xFF, 0xFF, 0xFF, 0x0D, 0xE0, 0xFF,
  0xFF, 0xFF, 0xFF, 0xFF, 0xFF, 0xFF, 0xFF, 0xFF, 0x0D, 0xE0, 0xFF, 0xFF, 0xFF, 0xFF, 0xFF, 0xFF,
  0xFF, 0xFF, 0xFF, 0x00, 0x00, 0x00, 0x00, 0x00, 0x00, 0x00, 0xFD, 0xFF, 0xDF, 0x00, 0x00, 0x00,
  0x00, 0x00, 0x00, 0x00, 0x00, 0xFD, 0xFF, 0xDF, 0x00, 0x00, 0x00, 0x00, 0x00, 0x00, 0x00, 0x00,
  0xFD, 0xFF, 0xDF, 0x00, 0x00, 0x00, 0x00, 0x00, 0x00, 0x00, 0x00, 0xFD, 0xFF, 0xDF, 0x00, 0x00,
  0x00, 0xF0, 0xFF, 0xFF, 0xFF, 0xFF, 0xFF, 0xFF, 0x0F, 0x00, 0x00, 0xF0, 0xFF, 0xFF, 0xFF, 0xFF,
  0xFF, 0xFF, 0x0F, 0x00, 0x00, 0xF0, 0xFF, 0xFF, 0xFF, 0xFF, 0xFF, 0xFF, 0x0F, 0x00, 0x00, 0xFD,
  0xFF, 0xFF, 0xFF, 0xFF, 0xFF, 0xFF, 0x0F, 0x00, 0x00, 0xFE, 0xFF, 0x0F, 0x00, 0x00, 0x00, 0x00,
  0x00, 0x00, 0x00, 0xFE, 0xFF, 0x0F, 0x00, 0x00, 0x00, 0x00, 0x00, 0x00, 0x00, 0xFF, 0xFF, 0x0F,
  0x00, 0x00, 0x00, 0x00, 0x00, 0x00, 0x00, 0xFF, 0xFF, 0x0F, 0x00, 0x00, 0x00, 0x00, 0x00, 0x00,
  0x00, 0xFF, 0xFF, 0x0F, 0xFE, 0xFF, 0xFF, 0x00, 0x00, 0x00, 0x00, 0xFF, 0xFF, 0xFF, 0xFF, 0xFF,
  0xFF, 0xEF, 0x00, 0x00, 0x00, 0xFF, 0xFF, 0xFF, 0xFF, 0xFF, 0xFF, 0xFF, 0x0F, 0x00, 0x00, 0xFF,
  0xFF, 0xFF, 0xFF, 0xFF, 0xFF, 0xFF, 0xDF, 0x00, 0x00, 0xFF, 0xFF, 0xEF, 0x00, 0x00, 0xFF, 0xFF,
  0xFF, 0x00, 0x00, 0x00, 0xD0, 0x00, 0x00, 0x00, 0xF0, 0xFF, 0xFF, 0x00, 0x00, 0x00, 0x00, 0x00,
  0x00, 0x00, 0xE0, 0xFF, 0xFF, 0x0D, 0x00, 0x00, 0x00, 0x00, 0x00, 0x00, 0xD0, 0xFF, 0xFF, 0x0E,
  0x00, 0x00, 0x00, 0x00, 0x00, 0x00, 0xD0, 0xFF, 0xFF, 0x0E, 0xE0, 0xFF, 0xFF, 0x00, 0x00, 0x00,
  0xE0, 0xFF, 0xFF, 0x0D, 0xE0, 0xFF, 0xFF, 0x0F, 0x00, 0x00, 0xF0, 0xFF, 0xFF, 0x00, 0x00, 0xFF,
  0xFF, 0xEF, 0x00, 0x00, 0xFF, 0xFF, 0xFF, 0x00, 0x00, 0xFE, 0xFF, 0xFF, 0xFF, 0xFF, 0xFF, 0xFF,
  0x0F, 0x00, 0x00, 0xF0, 0xFF, 0xFF, 0xFF, 0xFF, 0xFF, 0xFF, 0x0D, 0x00, 0x00, 0x00, 0xFE, 0xFF,
  0xFF, 0xFF, 0xFF, 0x0F, 0x00, 0x00, 0x00, 0x00, 0x00, 0xFE, 0xFF, 0xFF, 0xDF, 0x00, 0x00, 0x00,
  0x00, 0x00, 0x00, 0xE0, 0xFF, 0xFF, 0xFF, 0x0D, 0x00, 0x00, 0x00, 0x00, 0x00, 0xFD, 0xFF, 0xFF,
  0xFF, 0xFF, 0x0F, 0x00, 0x00, 0x00, 0x00, 0xFD, 0xFF, 0xFF, 0xFF, 0xFF, 0xFF, 0xDF, 0x00, 0x00,
  0x00, 0xF0, 0xFF, 0xFF, 0xFF, 0xFF, 0xFF, 0xFF, 0x0F, 0x00, 0x00, 0xF0, 0xFF, 0xFF, 0x0F, 0x00,
  0xF0, 0xFF, 0xFF, 0x0F, 0x00, 0xD0, 0xFF, 0xFF, 0x0F, 0x00, 0x00, 0xF0, 0xFF, 0xFF, 0x00, 0x00,
  0xFF, 0xFF, 0x0F, 0x00, 0x00, 0x00, 0xED, 0xEE, 0x0E, 0x00, 0xF0, 0xFF, 0xFF, 0x00, 0x00, 0x00,
  0x00, 0x00, 0x00, 0x00, 0x00, 0xFF, 0xFF, 0x0E, 0xE0, 0xFF, 0xFF, 0x0F, 0x00, 0x00, 0x00, 0xFE,
  0xFF, 0xDF, 0xF0, 0xFF, 0xFF, 0xFF, 0xEF, 0x00, 0x00, 0xE0, 0xFF, 0xFF, 0xFD, 0xFF, 0xFF, 0xFF,
  0xFF, 0xFF, 0x00, 0x00, 0xFE, 0xFF, 0xFF, 0xFF, 0xFF, 0xFF, 0xFF, 0xFF, 0xDF, 0x00, 0xF0, 0xFF,
  0xFF, 0xFF, 0x0E, 0x00, 0xFD, 0xFF, 0xFF, 0x0F, 0x00, 0xFF, 0xFF, 0xFF, 0x0E, 0x00, 0x00, 0xF0,
  0xFF, 0xFF, 0x00, 0xE0, 0xFF, 0xFF, 0x0F, 0x00, 0x00, 0x00, 0xFF, 0xFF, 0xDF, 0x00, 0xFE, 0xFF,
  0xFF, 0x00, 0x00, 0x00, 0xE0, 0xFF, 0xFF, 0x0D, 0x00, 0xFF, 0xFF, 0x0F, 0x00, 0x00, 0x00, 0xFE,
  0xFF, 0xDF, 0x00, 0xF0, 0xFF, 0xFF, 0x00, 0x00, 0x00, 0xF0, 0xFF, 0xFF, 0x00, 0x00, 0xFF, 0xFF,
  0xEF, 0x00, 0x00, 0x00, 0xFF, 0xFF, 0x0F, 0x00, 0x00, 0xFF, 0xFF, 0xEF, 0x00, 0xD0, 0xFF, 0xFF,
  0xEF, 0x00, 0x00, 0xE0, 0xFF, 0xFF, 0xFF, 0xFF, 0xFF, 0xFF, 0xFF, 0x00, 0x00, 0x00, 0xF0, 0xFF,
  0xFF, 0xFF, 0xFF, 0xFF, 0xFF, 0x00, 0x00, 0x00, 0x00, 0xE0, 0xFF, 0xFF, 0xFF, 0xFF, 0xFF, 0x00,
  0x00, 0x00, 0x00, 0x00, 0x00, 0xFE, 0xFF, 0xFF, 0xDF, 0x00, 0x00, 0x00, 0xF0, 0xFF, 0xFF, 0xFF,
  0xFF, 0xFF, 0xFF, 0xFF, 0xEF, 0x00, 0xFF, 0xFF, 0xFF, 0xFF, 0xFF, 0xFF, 0xFF, 0xFF, 0x0E, 0xF0,
  0xFF, 0xFF, 0xFF, 0xFF, 0xFF, 0xFF, 0xFF, 0xEF, 0x00, 0xFF, 0xFF, 0xFF, 0xFF, 0xFF, 0xFF, 0xFF,
  0xFF, 0x0E, 0x00, 0x00, 0x00, 0x00, 0x00, 0x00, 0xFF, 0xFF, 0x0F, 0x00, 0x00, 0x00, 0x00, 0x00,
  0x00, 0xFE, 0xFF, 0xFF, 0x00, 0x00, 0x00, 0x00, 0x00, 0x00, 0xF0, 0xFF, 0xFF, 0x00, 0x00, 0x00,
  0x00, 0x00, 0x00, 0xE0, 0xFF, 0xFF, 0x0F, 0x00, 0x00, 0x00, 0x00, 0x00, 0x00, 0xFF, 0xFF, 0x0F,
  0x00, 0x00, 0x00, 0x00, 0x00, 0x00, 0xFD, 0xFF, 0xFF, 0x00, 0x00, 0x00, 0x00, 0x00, 0x00, 0xF0,
  0xFF, 0xFF, 0x0D, 0x00, 0x00, 0x00, 0x00, 0x00, 0xD0, 0xFF, 0xFF, 0x0F, 0x00, 0x00, 0x00, 0x00,
  0x00, 0x00, 0xFF, 0xFF, 0xDF, 0x00, 0x00, 0x00, 0x00, 0x00, 0x00, 0xFD, 0xFF, 0xFF, 0x00, 0x00,
  0x00, 0x00, 0x00, 0x00, 0xF0, 0xFF, 0xFF, 0x0D, 0x00, 0x00, 0x00, 0x00, 0x00, 0x00, 0xFF, 0xFF,
  0x0F, 0x00, 0x00, 0x00, 0x00, 0x00, 0x00, 0xFF, 0xFF, 0xEF, 0x00, 0x00, 0x00, 0x00, 0x00, 0x00,
  0xF0, 0xFF, 0xFF, 0x00, 0x00, 0x00, 0x00, 0x00, 0x00, 0xF0, 0xFF, 0xFF, 0x0E, 0x00, 0x00, 0x00,
  0x00, 0x00, 0x00, 0xFF, 0xFF, 0x0F, 0x00, 0x00, 0x00, 0x00, 0x00, 0x00, 0xFF, 0xFF, 0xEF, 0x00,
  0x00, 0x00, 0x00, 0x00, 0x00, 0xF0, 0xFF, 0xFF, 0x00, 0x00, 0x00, 0x00, 0x00, 0x00, 0xF0, 0xFF,
  0xFF, 0x0E, 0x00, 0x00, 0x00, 0x00, 0x00, 0x00, 0xFF, 0xFF, 0x0F, 0x00, 0x00, 0x00, 0x00, 0x00,
  0x00, 0x00, 0x00, 0xFD, 0xFF, 0xFF, 0xFF, 0x00, 0x00, 0x00, 0x00, 0x00, 0x00, 0xFF, 0xFF, 0xFF,
  0xFF, 0xFF, 0x0F, 0x00, 0x00, 0x00, 0x00, 0xFF, 0xFF, 0xFF, 0xFF, 0xFF, 0xFF, 0x0F, 0x00, 0x00,
  0x00, 0xFF, 0xFF, 0xFF, 0xFF, 0xFF, 0xFF, 0xFF, 0x0F, 0x00, 0x00, 0xFE, 0xFF, 0xFF, 0x0D, 0x00,
  0xFE, 0xFF, 0xFF, 0x00, 0x00, 0xF0, 0xFF, 0xFF, 0x0E, 0x00, 0x00, 0xFF, 0xFF, 0xEF, 0x00, 0x00,
  0xFF, 0xFF, 0x0F, 0x00, 0x00, 0xD0, 0xFF, 0xFF, 0x0E, 0x00, 0xF0, 0xFF, 0xFF, 0x00, 0x00, 0x00,
  0xFD, 0xFF, 0xEF, 0x00, 0x00, 0xFD, 0xFF, 0xEF, 0x00, 0x00, 0xF0, 0xFF, 0xFF, 0x00, 0x00, 0x00,
  0xFF, 0xFF, 0xFF, 0x00, 0xFD, 0xFF, 0xFF, 0x0F, 0x00, 0x00, 0x00, 0xFF, 0xFF, 0xFF, 0xFF, 0xFF,
  0xFF, 0x0F, 0x00, 0x00, 0x00, 0x00, 0xFD, 0xFF, 0xFF, 0xFF, 0xFF, 0x0D, 0x00, 0x00, 0x00, 0x00,
  0xFF, 0xFF, 0xFF, 0xFF, 0xFF, 0xFF, 0x0E, 0x00, 0x00, 0x00, 0xFF, 0xFF, 0xFF, 0xFF, 0xFF, 0xFF,
  0xFF, 0x0F, 0x00, 0x00, 0xFF, 0xFF, 0xFF, 0x00, 0x00, 0xFD, 0xFF, 0xFF, 0x0E, 0x00, 0xF0, 0xFF,
  0xFF, 0x00, 0x00, 0x00, 0xF0, 0xFF, 0xFF, 0x00, 0xE0, 0xFF, 0xFF, 0x0E, 0x00, 0x00, 0x00, 0xFF,
  0xFF, 0xDF, 0x00, 0xFF, 0xFF, 0xEF, 0x00, 0x00, 0x00, 0xF0, 0xFF, 0xFF, 0x0E, 0xE0, 0xFF, 0xFF,
  0x0F, 0x00, 0x00, 0x00, 0xFF, 0xFF, 0xDF, 0x00, 0xF0, 0xFF, 0xFF, 0x0F, 0x00, 0xD0, 0xFF, 0xFF,
  0xFF, 0x00, 0x00, 0xFF, 0xFF, 0xFF, 0xFF, 0xFF, 0xFF, 0xFF, 0xFF, 0x0E, 0x00, 0x00, 0xFF, 0xFF,
  0xFF, 0xFF, 0xFF, 0xFF, 0xFF, 0x0F, 0x00, 0x00, 0x00, 0xFE, 0xFF, 0xFF, 0xFF, 0xFF, 0xFF, 0x0E,
  0x00, 0x00, 0x00, 0x00, 0xE0, 0xFF, 0xFF, 0xFF, 0xEF, 0x00, 0x00, 0x00, 0x00, 0x00, 0x00, 0xFE,
  0xFF, 0xFF, 0xEF, 0x00, 0x00, 0x00, 0x00, 0x00, 0x00, 0xFF, 0xFF, 0xFF, 0xFF, 0xFF, 0x0D, 0x00,
  0x00, 0x00, 0xD0, 0xFF, 0xFF, 0xFF, 0xFF, 0xFF, 0xFF, 0x0E, 0x00, 0x00, 0x00, 0xFF, 0xFF, 0xFF,
  0xFF, 0xFF, 0xFF, 0xFF, 0x0D, 0x00, 0x00, 0xFF, 0xFF, 0xFF, 0x00, 0x00, 0xFF, 0xFF, 0xFF, 0x00,
  0x00, 0xF0, 0xFF, 0xFF, 0x00, 0x00, 0x00, 0xFF, 0xFF, 0xEF, 0x00, 0xE0, 0xFF, 0xFF, 0x0E, 0x00,
  0x00, 0x00, 0xFF, 0xFF, 0x0F, 0x00, 0xFE, 0xFF, 0x0F, 0x00, 0x00, 0x00, 0xF0, 0xFF, 0xFF, 0x00,
  0xE0, 0xFF, 0xFF, 0x00, 0x00, 0x00, 0x00, 0xFF, 0xFF, 0x0F, 0x00, 0xFE, 0xFF, 0xEF, 0x00, 0x00,
  0x00, 0xFD, 0xFF, 0xFF, 0x0D, 0xD0, 0xFF, 0xFF, 0x0F, 0x00, 0x00, 0xF0, 0xFF, 0xFF, 0xDF, 0x00,
  0xF0, 0xFF, 0xFF, 0xEF, 0x00, 0xFD, 0xFF, 0xFF, 0xFF, 0x0E, 0x00, 0xFD, 0xFF, 0xFF, 0xFF, 0xFF,
  0xFF, 0xFF, 0xFF, 0xDF, 0x00, 0x00, 0xFF, 0xFF, 0xFF, 0xFF, 0xFF, 0xEF, 0xFF, 0xFF, 0x0D, 0x00,
  0x00, 0xFE, 0xFF, 0xFF, 0xFF, 0x0F, 0xFE, 0xFF, 0x0F, 0x00, 0x00, 0x00, 0xE0, 0xFF, 0xEF, 0x00,
  0xF0, 0xFF, 0xFF, 0x00, 0x00, 0x00, 0x00, 0x00, 0x00, 0x00, 0x00, 0xFF, 0xFF, 0x0F, 0x00, 0xF0,
  0xFF, 0xEF, 0x00, 0x00, 0x00, 0xFD, 0xFF, 0xEF, 0x00, 0x00, 0xFF, 0xFF, 0x0F, 0x00, 0x00, 0xF0,
  0xFF, 0xFF, 0x00, 0x00, 0xF0, 0xFF, 0xFF, 0x0F, 0x00, 0xF0, 0xFF, 0xFF, 0x0F, 0x00, 0x00, 0xF0,
  0xFF, 0xFF, 0xFF, 0xFF, 0xFF, 0xFF, 0x0F, 0x00, 0x00, 0x00, 0xFD, 0xFF, 0xFF, 0xFF, 0xFF, 0xFF,
  0x0F, 0x00, 0x00, 0x00, 0x00, 0xFD, 0xFF, 0xFF, 0xFF, 0xFF, 0x0F, 0x00, 0x00, 0x00, 0x00, 0x00,
  0xE0, 0xFF, 0xFF, 0xFF, 0x0D, 0x00, 0x00, 0x00, 0x00, 0xD0, 0xFF, 0x0F, 0x00, 0x00, 0x00, 0xFF,
  0xFF, 0x0F, 0x00, 0x00, 0xFD, 0xFF, 0xFF, 0x00, 0x00, 0x00, 0xFF, 0xFF, 0x0F, 0x00, 0x00, 0xD0,
  0xFF, 0x0F, 0x00, 0x00, 0x00, 0x00, 0x00, 0x00, 0x00, 0x00, 0x00, 0x00, 0x00, 0x00, 0x00, 0x00,
  0x00, 0x00, 0x00, 0x00, 0x00, 0x00, 0x00, 0x00, 0x00, 0x00, 0x00, 0x00, 0x00, 0x00, 0x00, 0x00,
  0x00, 0x00, 0x00, 0x00, 0x00, 0x00, 0x00, 0x00, 0x00, 0x00, 0x00, 0xD0, 0xFF, 0x0F, 0x00, 0x00,
  0x00, 0xFF, 0xFF, 0x0F, 0x00, 0x00, 0xFD, 0xFF, 0xFF, 0x00, 0x00, 0x00, 0xFF, 0xFF, 0x0F, 0x00,
  0x00, 0xD0, 0xFF, 0x0F, 0x00, 0x00, 0x00, 0x00, 0xFF, 0xDF, 0x00, 0x00, 0x00, 0xFF, 0xFF, 0x0F,
  0x00, 0x00, 0xF0, 0xFF, 0xFF, 0x0D, 0x00, 0x00, 0xFF, 0xFF, 0x0F, 0x00, 0x00, 0x00, 0xFF, 0xDF,
  0x00, 0x00, 0x00, 0x00, 0x00, 0x00, 0x00, 0x00, 0x00, 0x00, 0x00, 0x00, 0x00, 0x00, 0x00, 0x00,
  0x00, 0x00, 0x00, 0x00, 0x00, 0x00, 0x00, 0x00, 0x00, 0x00, 0x00, 0x00, 0x00, 0x00, 0x00, 0x00,
  0x00, 0x00, 0x00, 0x00, 0x00, 0x00, 0x00, 0x00, 0x00, 0x00, 0x00, 0x00, 0x00, 0x00, 0x00, 0xFF,
  0xFF, 0x0F, 0x00, 0x00, 0xF0, 0xFF, 0xEF, 0x00, 0x00, 0x00, 0xFF, 0xFF, 0x0D, 0x00, 0x00, 0xFD,
  0xFF, 0x0F, 0x00, 0x00, 0xE0, 0xFF, 0xFF, 0x00, 0x00, 0x00, 0xFF, 0xFF, 0x0E, 0x00, 0x00, 0xF0,
  0xFF, 0x0F, 0x00, 0x00, 0x00, 0xFF, 0xFF, 0x00, 0x00, 0x00, 0xF0, 0xFF, 0x0E, 0x00, 0x00, 0x00,
  0xFF, 0xDF, 0x00, 0x00, 0x00, 0x00, 0x00, 0x00, 0x00, 0x00, 0x00, 0x00, 0x00, 0x00, 0x00, 0x00,
  0x00, 0x00, 0x00, 0x00, 0x00, 0x00, 0x00, 0x00, 0xFE, 0x0F, 0x00, 0x00, 0x00, 0x00, 0x00, 0x00,
  0x00, 0x00, 0xFF, 0xFF, 0x0F, 0x00, 0x00, 0x00, 0x00, 0x00, 0x00, 0x00, 0xFF, 0xFF, 0xFF, 0x0F,
  0x00, 0x00, 0x00, 0x00, 0x00, 0xD0, 0xFF, 0xFF, 0xFF, 0xFF, 0x0F, 0x00, 0x00, 0x00, 0x00, 0xE0,
  0xFF, 0xFF, 0xFF, 0xFF, 0xFF, 0x00, 0x00, 0x00, 0x00, 0xF0, 0xFF, 0xFF, 0xFF, 0xFF, 0xEF, 0x00,
  0x00, 0x00, 0x00, 0xF0, 0xFF, 0xFF, 0xFF, 0xFF, 0xDF, 0x00, 0x00, 0x00, 0x00, 0x00, 0xFE, 0xFF,
  0xFF, 0xFF, 0x0E, 0x00, 0x00, 0x00, 0x00, 0x00, 0x00, 0xFE, 0xFF, 0xFF, 0x0D, 0x00, 0x00, 0x00,
  0x00, 0x00, 0x00, 0x00, 0xFE, 0xFF, 0xFF, 0xEF, 0x00, 0x00, 0x00, 0x00, 0x00, 0x00, 0x00, 0xFD,
  0xFF, 0xFF, 0xFF, 0xFF, 0x0D, 0x00, 0x00, 0x00, 0x00, 0x00, 0x00, 0xFE, 0xFF, 0xFF, 0xFF, 0xFF,
  0x0E, 0x00, 0x00, 0x00, 0x00, 0x00, 0x00, 0xFE, 0xFF, 0xFF, 0xFF, 0xFF, 0xDF, 0x00, 0x00, 0x00,
  0x00, 0x00, 0x00, 0xFD, 0xFF, 0xFF, 0xFF, 0xFF, 0x0E, 0x00, 0x00, 0x00, 0x00, 0x00, 0x00, 0xF0,
  0xFF, 0xFF, 0xFF, 0x0F, 0x00, 0x00, 0x00, 0x00, 0x00, 0x00, 0x00, 0xE0, 0xFF, 0xFF, 0x0F, 0x00,
  0x00, 0x00, 0x00, 0x00, 0x00, 0x00, 0x00, 0xE0, 0xFF, 0x0F, 0x00, 0x00, 0x00, 0x00, 0x00, 0x00,
  0x00, 0x00, 0x00, 0xD0, 0x0D, 0x00, 0x00, 0xF0, 0xFF, 0xFF, 0xFF, 0xFF, 0xFF, 0xFF, 0xFF, 0x0E,
  0x00, 0x00, 0xF0, 0xFF, 0xFF, 0xFF, 0xFF, 0xFF, 0xFF, 0xFF, 0x0F, 0x00, 0x00, 0xF0, 0xFF, 0xFF,
  0xFF, 0xFF, 0xFF, 0xFF, 0xFF, 0x0F, 0x00, 0x00, 0xF0, 0xFF, 0xFF, 0xFF, 0xFF, 0xFF, 0xFF, 0xFF,
  0x0F, 0x00, 0x00, 0x00, 0x00, 0x00, 0x00, 0x00, 0x00, 0x00, 0x00, 0x00, 0x00, 0x00, 0x00, 0x00,
  0x00, 0x00, 0x00, 0x00, 0x00, 0x00, 0x00, 0x00, 0x00, 0x00, 0x00, 0x00, 0x00, 0x00, 0x00, 0x00,
  0x00, 0x00, 0x00, 0x00, 0x00, 0x00, 0x00, 0x00, 0x00, 0x00, 0x00, 0x00, 0x00, 0x00, 0x00, 0xF0,
  0xFF, 0xFF, 0xFF, 0xFF, 0xFF, 0xFF, 0xFF, 0x0E, 0x00, 0x00, 0xF0, 0xFF, 0xFF, 0xFF, 0xFF, 0xFF,
  0xFF, 0xFF, 0x0F, 0x00, 0x00, 0xF0, 0xFF, 0xFF, 0xFF, 0xFF, 0xFF, 0xFF, 0xFF, 0x0F, 0x00, 0x00,
  0xF0, 0xFF, 0xFF, 0xFF, 0xFF, 0xFF, 0xFF, 0xFF, 0x0F, 0x00, 0x00, 0x00, 0x00, 0x00, 0x00, 0x00,
  0x00, 0x00, 0x00, 0x00, 0x00, 0x00, 0x00, 0x00, 0x00, 0x00, 0x00, 0x00, 0x00, 0x00, 0x00, 0x00,
  0x00, 0x00, 0x00, 0x00, 0x00, 0x00, 0x00, 0x00, 0x00, 0x00, 0x00, 0x00, 0x00, 0x00, 0x00, 0x00,
  0x00, 0x00, 0x00, 0x00, 0x00, 0x00, 0x00, 0x00, 0x00, 0x00, 0x00, 0x00, 0x00, 0x00, 0x00, 0x00,
  0x00, 0x00, 0xF0, 0xDF, 0x00, 0x00, 0x00, 0x00, 0x00, 0x00, 0x00, 0x00, 0x00, 0xF0, 0xFF, 0xEF,
  0x00, 0x00, 0x00, 0x00, 0x00, 0x00, 0x00, 0x00, 0xF0, 0xFF, 0xFF, 0xFF, 0x00, 0x00, 0x00, 0x00,
  0x00, 0x00, 0x00, 0xF0, 0xFF, 0xFF, 0xFF, 0xFF, 0x00, 0x00, 0x00, 0x00, 0x00, 0x00, 0xD0, 0xFF,
  0xFF, 0xFF, 0xFF, 0xFF, 0x0D, 0x00, 0x00, 0x00, 0x00, 0x00, 0x00, 0xFF, 0xFF, 0xFF, 0xFF, 0xFF,
  0x0E, 0x00, 0x00, 0x00, 0x00, 0x00, 0x00, 0xFE, 0xFF, 0xFF, 0xFF, 0xFF, 0x0E, 0x00, 0x00, 0x00,
  0x00, 0x00, 0x00, 0xF0, 0xFF, 0xFF, 0xFF, 0x0F, 0x00, 0x00, 0x00, 0x00, 0x00, 0x00, 0x00, 0xE0,
  0xFF, 0xFF, 0x0F, 0x00, 0x00, 0x00, 0x00, 0x00, 0x00, 0x00, 0xFF, 0xFF, 0xFF, 0x0F, 0x00, 0x00,
  0x00, 0x00, 0x00, 0xE0, 0xFF, 0xFF, 0xFF, 0xFF, 0x0F, 0x00, 0x00, 0x00, 0x00, 0xF0, 0xFF, 0xFF,
  0xFF, 0xFF, 0xEF, 0x00, 0x00, 0x00, 0x00, 0xFD, 0xFF, 0xFF, 0xFF, 0xFF, 0xDF, 0x00, 0x00, 0x00,
  0x00, 0xF0, 0xFF, 0xFF, 0xFF, 0xFF, 0x0F, 0x00, 0x00, 0x00, 0x00, 0x00, 0xF0, 0xFF, 0xFF, 0xFF,
  0x0E, 0x00, 0x00, 0x00, 0x00, 0x00, 0x00, 0xF0, 0xFF, 0xFF, 0x0E, 0x00, 0x00, 0x00, 0x00, 0x00,
  0x00, 0x00, 0xF0, 0xFF, 0x0D, 0x00, 0x00, 0x00, 0x00, 0x00, 0x00, 0x00, 0x00, 0xE0, 0x00, 0x00,
  0x00, 0x00, 0x00, 0x00, 0x00, 0x00, 0x00, 0x00, 0x00, 0xE0, 0xFF, 0xFF, 0xFF, 0x0D, 0x00, 0x00,
  0x00, 0xE0, 0xFF, 0xFF, 0xFF, 0xFF, 0xFF, 0x00, 0x00, 0x00, 0xFD, 0xFF, 0xFF, 0xFF, 0xFF, 0xFF,
  0x0F, 0x00, 0x00, 0xFF, 0xFF, 0xFF, 0xFF, 0xFF, 0xFF, 0xFF, 0x00, 0xE0, 0xFF, 0xFF, 0x0F, 0x00,
  0xFE, 0xFF, 0xFF, 0x00, 0xF0, 0xFF, 0xFF, 0x00, 0x00, 0xF0, 0xFF, 0xFF, 0x0D, 0xF0, 0xFF, 0xFF,
  0x00, 0x00, 0xE0, 0xFF, 0xFF, 0x0E, 0x00, 0x00, 0x00, 0x00, 0x00, 0xF0, 0xFF, 0xFF, 0x0D, 0x00,
  0x00, 0x00, 0x00, 0x00, 0xFD, 0xFF, 0xFF, 0x00, 0x00, 0x00, 0x00, 0x00, 0xD0, 0xFF, 0xFF, 0xFF,
  0x00, 0x00, 0x00, 0x00, 0x00, 0xFF, 0xFF, 0xFF, 0x0F, 0x00, 0x00, 0x00, 0x00, 0xF0, 0xFF, 0xFF,
  0xFF, 0x00, 0x00, 0x00, 0x00, 0x00, 0xFD, 0xFF, 0xFF, 0x0E, 0x00, 0x00, 0x00, 0x00, 0x00, 0xFF,
  0xFF, 0xDF, 0x00, 0x00, 0x00, 0x00, 0x00, 0x00, 0xFF, 0xFF, 0x0F, 0x00, 0x00, 0x00, 0x00, 0x00,
  0x00, 0xFF, 0xFF, 0x0E, 0x00, 0x00, 0x00, 0x00, 0x00, 0x00, 0xFF, 0xFF, 0x0D, 0x00, 0x00, 0x00,
  0x00, 0x00, 0x00, 0x00, 0x00, 0x00, 0x00, 0x00, 0x00, 0x00, 0x00, 0x00, 0x00, 0x00, 0x00, 0x00,
  0x00, 0x00, 0x00, 0x00, 0x00, 0xFE, 0xFF, 0x00, 0x00, 0x00, 0x00, 0x00, 0x00, 0xE0, 0xFF, 0xFF,
  0x0F, 0x00, 0x00, 0x00, 0x00, 0x00, 0xF0, 0xFF, 0xFF, 0x0F, 0x00, 0x00, 0x00, 0x00, 0x00, 0xE0,
  0xFF, 0xFF, 0x0F, 0x00, 0x00, 0x00, 0x00, 0x00, 0x00, 0xFE, 0xFF, 0x00, 0x00, 0x00, 0x00, 0x00,
  0x00, 0x00, 0x00, 0x00, 0xE0, 0xFF, 0xFF, 0xFF, 0xFF, 0xDF, 0x00, 0x00, 0x00, 0x00, 0x00, 0x00,
  0x00, 0x00, 0x00, 0x00, 0xFF, 0xFF, 0xFF, 0xFF, 0xFF, 0xFF, 0xFF, 0x0E, 0x00, 0x00, 0x00, 0x00,
  0x00, 0x00, 0x00, 0xE0, 0xFF, 0xFF, 0xFF, 0xFF, 0xFF, 0xFF, 0xFF, 0xFF, 0xDF, 0x00, 0x00, 0x00,
  0x00, 0x00, 0x00, 0xF0, 0xFF, 0xFF, 0xFF, 0xFF, 0xFF, 0xFF, 0xFF, 0xFF, 0xFF, 0xEF, 0x00, 0x00,
  0x00, 0x00, 0x00, 0xF0, 0xFF, 0xFF, 0xFF, 0x0E, 0x00, 0x00, 0x00, 0xFD, 0xFF, 0xFF, 0xFF, 0x00,
  0x00, 0x00, 0x00, 0xF0, 0xFF, 0xFF, 0xDF, 0x00, 0x00, 0x00, 0x00, 0x00, 0x00, 0xFF, 0xFF, 0xDF,
  0x00, 0x00, 0x00, 0xD0, 0xFF, 0xFF, 0x0F, 0x00, 0x00, 0x00, 0x00, 0x00, 0x00, 0x00, 0xFF, 0xFF,
  0x0F, 0x00, 0x00, 0x00, 0xFF, 0xFF, 0x0F, 0x00, 0x00, 0x00, 0x00, 0x00, 0x00, 0x00, 0x00, 0xFF,
  0xFF, 0x0E, 0x00, 0x00, 0xFD, 0xFF, 0x0F, 0x00, 0x00, 0xFD, 0xFF, 0xFF, 0x0D, 0xFF, 0x0F, 0x00,
  0xFF, 0xFF, 0x00, 0x00, 0xF0, 0xFF, 0xFF, 0x00, 0x00, 0xFE, 0xFF, 0xFF, 0xFF, 0xFE, 0xFF, 0x0D,
  0xF0, 0xFF, 0xEF, 0x00, 0x00, 0xFF, 0xFF, 0x0D, 0x00, 0xFE, 0xFF, 0xFF, 0xFF, 0xFF, 0xFF, 0xDF,
  0x00, 0xFE, 0xFF, 0x0F, 0x00, 0xF0, 0xFF, 0x0F, 0x00, 0xF0, 0xFF, 0xFF, 0xFF, 0xFF, 0xFF, 0xFF,
  0x0D, 0x00, 0xFF, 0xFF, 0x00, 0xD0, 0xFF, 0xFF, 0x00, 0xF0, 0xFF, 0xFF, 0x00, 0x00, 0xFF, 0xFF,
  0xDF, 0x00, 0xF0, 0xFF, 0x0F, 0x00, 0xFE, 0xFF, 0x0F, 0x00, 0xFF, 0xFF, 0x00, 0x00, 0x00, 0xFF,
  0xFF, 0x0D, 0x00, 0xFF, 0xFF, 0x00, 0xE0, 0xFF, 0xEF, 0x00, 0xF0, 0xFF, 0x0E, 0x00, 0x00, 0xE0,
  0xFF, 0xDF, 0x00, 0xF0, 0xFF, 0x0F, 0x00, 0xFF, 0xFF, 0x0E, 0x00, 0xFF, 0xEF, 0x00, 0x00, 0x00,
  0xFD, 0xFF, 0x0D, 0x00, 0xFF, 0xFF, 0x00, 0xE0, 0xFF, 0xEF, 0x00, 0xF0, 0xFF, 0x0E, 0x00, 0x00,
  0xD0, 0xFF, 0xDF, 0x00, 0xF0, 0xFF, 0x0F, 0x00, 0xFE, 0xFF, 0x0F, 0x00, 0xFF, 0xFF, 0x00, 0x00,
  0x00, 0xFE, 0xFF, 0x0D, 0x00, 0xFF, 0xFF, 0x00, 0xE0, 0xFF, 0xFF, 0x00, 0xF0, 0xFF, 0x0F, 0x00,
  0x00, 0xF0, 0xFF, 0xDF, 0x00, 0xF0, 0xFF, 0x0F, 0x00, 0xFD, 0xFF, 0x0F, 0x00, 0xFF, 0xFF, 0x0F,
  0x00, 0xF0, 0xFF, 0xFF, 0x0D, 0xE0, 0xFF, 0xDF, 0x00, 0x00, 0xFF, 0xFF, 0x00, 0xD0, 0xFF, 0xFF,
  0xFF, 0xFF, 0xFF, 0xFF, 0xFF, 0xD0, 0xFF, 0xFF, 0x00, 0x00, 0xF0, 0xFF, 0xFF, 0x00, 0xF0, 0xFF,
  0xFF, 0xFF, 0xFF, 0xFF, 0xFF, 0xFF, 0xFF, 0xFF, 0x0D, 0x00, 0x00, 0xFE, 0xFF, 0x0F, 0x00, 0xF0,
  0xFF, 0xFF, 0xFF, 0xFF, 0xF0, 0xFF, 0xFF, 0xFF, 0x0E, 0x00, 0x00, 0x00, 0xFF, 0xFF, 0x0F, 0x00,
  0xD0, 0xFF, 0xFF, 0xDF, 0x00, 0xF0, 0xFF, 0xFF, 0x0D, 0x00, 0x00, 0x00, 0xE0, 0xFF, 0xFF, 0x0F,
  0x00, 0x00, 0x00, 0x00, 0x00, 0x00, 0x00, 0x00, 0x00, 0x00, 0x00, 0x00, 0x00, 0xF0, 0xFF, 0xFF,
  0xDF, 0x00, 0x00, 0x00, 0x00, 0x00, 0x00, 0x00, 0x00, 0x00, 0x00, 0x00, 0x00, 0x00, 0xF0, 0xFF,
  0xFF, 0xFF, 0x0E, 0x00, 0x00, 0x00, 0xE0, 0xDF, 0x00, 0x00, 0x00, 0x00, 0x00, 0x00, 0x00, 0xF0,
  0xFF, 0xFF, 0xFF, 0xFF, 0xFF, 0xFF, 0xFF, 0xFF, 0x0F, 0x00, 0x00, 0x00, 0x00, 0x00, 0x00, 0x00,
  0xF0, 0xFF, 0xFF, 0xFF, 0xFF, 0xFF, 0xFF, 0xFF, 0xFF, 0x00, 0x00, 0x00, 0x00, 0x00, 0x00, 0x00,
  0x00, 0xD0, 0xFF, 0xFF, 0xFF, 0xFF, 0xFF, 0xFF, 0xFF, 0x0F, 0x00, 0x00, 0x00, 0x00, 0x00, 0x00,
  0x00, 0x00, 0x00, 0xE0, 0xFF, 0xFF, 0xFF, 0xFF, 0xEF, 0x00, 0x00, 0x00, 0x00, 0x00, 0x00, 0x00,
  0x00, 0x00, 0x00, 0xFE, 0xFF, 0xFF, 0x0F, 0x00, 0x00, 0x00, 0x00, 0x00, 0x00, 0x00, 0x00, 0xFF,
  0xFF, 0xFF, 0xEF, 0x00, 0x00, 0x00, 0x00, 0x00, 0x00, 0x00, 0x00, 0xFF, 0xFF, 0xFF, 0xFF, 0x00,
  0x00, 0x00, 0x00, 0x00, 0x00, 0x00, 0xE0, 0xFF, 0xFF, 0xFF, 0xFF, 0x00, 0x00, 0x00, 0x00, 0x00,
  0x00, 0x00, 0xF0, 0xFF, 0xFF, 0xFF, 0xFF, 0x0E, 0x00, 0x00, 0x00, 0x00, 0x00, 0x00, 0xF0, 0xFF,
  0xEF, 0xFF, 0xFF, 0x0F, 0x00, 0x00, 0x00, 0x00, 0x00, 0x00, 0xFE, 0xFF, 0xDF, 0xFF, 0xFF, 0x0F,
  0x00, 0x00, 0x00, 0x00, 0x00, 0x00, 0xFF, 0xFF, 0x0F, 0xFE, 0xFF, 0xFF, 0x00, 0x00, 0x00, 0x00,
  0x00, 0x00, 0xFF, 0xFF, 0x0F, 0xF0, 0xFF, 0xFF, 0x00, 0x00, 0x00, 0x00, 0x00, 0xE0, 0xFF, 0xFF,
  0x0F, 0xF0, 0xFF, 0xFF, 0x0D, 0x00, 0x00, 0x00, 0x00, 0xF0, 0xFF, 0xFF, 0x0D, 0xF0, 0xFF, 0xFF,
  0x0F, 0x00, 0x00, 0x00, 0x00, 0xF0, 0xFF, 0xFF, 0x00, 0xD0, 0xFF, 0xFF, 0x0F, 0x00, 0x00, 0x00,
  0x00, 0xFE, 0xFF, 0xFF, 0x00, 0x00, 0xFF, 0xFF, 0xDF, 0x00, 0x00, 0x00, 0x00, 0xFF, 0xFF, 0xEF,
  0x00, 0x00, 0xFF, 0xFF, 0xFF, 0x00, 0x00, 0x00, 0x00, 0xFF, 0xFF, 0x0F, 0x00, 0x00, 0xFE, 0xFF,
  0xFF, 0x00, 0x00, 0x00, 0xE0, 0xFF, 0xFF, 0xFF, 0xFF, 0xFF, 0xFF, 0xFF, 0xFF, 0x0D, 0x00, 0x00,
  0xF0, 0xFF, 0xFF, 0xFF, 0xFF, 0xFF, 0xFF, 0xFF, 0xFF, 0x0F, 0x00, 0x00, 0xF0, 0xFF, 0xFF, 0xFF,
  0xFF, 0xFF, 0xFF, 0xFF, 0xFF, 0x0F, 0x00, 0x00, 0xFE, 0xFF, 0xFF, 0xFF, 0xFF, 0xFF, 0xFF, 0xFF,
  0xFF, 0xDF, 0x00, 0x00, 0xFF, 0xFF, 0xFF, 0x00, 0x00, 0x00, 0x00, 0xFF, 0xFF, 0xFF, 0x00, 0x00,
  0xFF, 0xFF, 0x0F, 0x00, 0x00, 0x00, 0x00, 0xFE, 0xFF, 0xFF, 0x00, 0xE0, 0xFF, 0xFF, 0x0F, 0x00,
  0x00, 0x00, 0x00, 0xF0, 0xFF, 0xFF, 0x0D, 0xF0, 0xFF, 0xFF, 0x0F, 0x00, 0x00, 0x00, 0x00, 0xF0,
  0xFF, 0xFF, 0x0F, 0xF0, 0xFF, 0xFF, 0x0D, 0x00, 0x00, 0x00, 0x00, 0xE0, 0xFF, 0xFF, 0x0F, 0x00,
  0xFF, 0xFF, 0xFF, 0xFF, 0xFF, 0xFF, 0xDF, 0x00, 0x00, 0x00, 0xF0, 0xFF, 0xFF, 0xFF, 0xFF, 0xFF,
  0xFF, 0xFF, 0x00, 0x00, 0x00, 0xFF, 0xFF, 0xFF, 0xFF, 0xFF, 0xFF, 0xFF, 0xFF, 0x00, 0x00, 0xF0,
  0xFF, 0xFF, 0xFF, 0xFF, 0xFF, 0xFF, 0xFF, 0xEF, 0x00, 0x00, 0xFF, 0xFF, 0x0F, 0x00, 0x00, 0xF0,
  0xFF, 0xFF, 0x0F, 0x00, 0xF0, 0xFF, 0xFF, 0x00, 0x00, 0x00, 0xF0, 0xFF, 0xFF, 0x00, 0x00, 0xFF,
  0xFF, 0x0F, 0x00, 0x00, 0x00, 0xFF, 0xFF, 0x0F, 0x00, 0xF0, 0xFF, 0xFF, 0x00, 0x00, 0x00, 0xF0,
  0xFF, 0xFF, 0x00, 0x00, 0xFF, 0xFF, 0x0F, 0x00, 0x00, 0xD0, 0xFF, 0xFF, 0x0F, 0x00, 0xF0, 0xFF,
  0xFF, 0x00, 0x00, 0xE0, 0xFF, 0xFF, 0x0F, 0x00, 0x00, 0xFF, 0xFF, 0xFF, 0xFF, 0xFF, 0xFF, 0xFF,
  0x0F, 0x00, 0x00, 0xF0, 0xFF, 0xFF, 0xFF, 0xFF, 0xFF, 0xFF, 0x0E, 0x00, 0x00, 0x00, 0xFF, 0xFF,
  0xFF, 0xFF, 0xFF, 0xFF, 0xFF, 0xEF, 0x00, 0x00, 0xF0, 0xFF, 0xFF, 0xFF, 0xFF, 0xFF, 0xFF, 0xFF,
  0xFF, 0x00, 0x00, 0xFF, 0xFF, 0x0F, 0x00, 0x00, 0xE0, 0xFF, 0xFF, 0xDF, 0x00, 0xF0, 0xFF, 0xFF,
  0x00, 0x00, 0x00, 0xE0, 0xFF, 0xFF, 0x0F, 0x00, 0xFF, 0xFF, 0x0F, 0x00, 0x00, 0x00, 0xF0, 0xFF,
  0xFF, 0x00, 0xF0, 0xFF, 0xFF, 0x00, 0x00, 0x00, 0x00, 0xFF, 0xFF, 0x0F, 0x00, 0xFF, 0xFF, 0x0F,
  0x00, 0x00, 0x00, 0xFD, 0xFF, 0xFF, 0x00, 0xF0, 0xFF, 0xFF, 0x00, 0x00, 0x00, 0xFD, 0xFF, 0xFF,
  0x0F, 0x00, 0xFF, 0xFF, 0xFF, 0xFF, 0xFF, 0xFF, 0xFF, 0xFF, 0x0F, 0x00, 0xF0, 0xFF, 0xFF, 0xFF,
  0xFF, 0xFF, 0xFF, 0xFF, 0xEF, 0x00, 0x00, 0xFF, 0xFF, 0xFF, 0xFF, 0xFF, 0xFF, 0xFF, 0xEF, 0x00,
  0x00, 0xF0, 0xFF, 0xFF, 0xFF, 0xFF, 0xFF, 0xFF, 0x0E, 0x00, 0x00, 0x00, 0x00, 0x00, 0x00, 0xFE,
  0xFF, 0xFF, 0xFF, 0x0D, 0x00, 0x00, 0x00, 0x00, 0x00, 0x00, 0xFE, 0xFF, 0xFF, 0xFF, 0xFF, 0xFF,
  0x0D, 0x00, 0x00, 0x00, 0x00, 0xF0, 0xFF, 0xFF, 0xFF, 0xFF, 0xFF, 0xFF, 0xEF, 0x00, 0x00, 0x00,
  0x00, 0xFF, 0xFF, 0xFF, 0xFF, 0xFF, 0xFF, 0xFF, 0xFF, 0x0E, 0x00, 0x00, 0xE0, 0xFF, 0xFF, 0xFF,
  0x00, 0x00, 0xF0, 0xFF, 0xFF, 0x0F, 0x00, 0x00, 0xF0, 0xFF, 0xFF, 0x0E, 0x00, 0x00, 0x00, 0xFF,
  0xFF, 0xFF, 0x00, 0x00, 0xFF, 0xFF, 0xFF, 0x00, 0x00, 0x00, 0x00, 0xF0, 0xFF, 0xFF, 0x00, 0x00,
  0xFF, 0xFF, 0x0F, 0x00, 0x00, 0x00, 0x00, 0xF0, 0xFF, 0xFF, 0x00, 0x00, 0xFF, 0xFF, 0x0F, 0x00,
  0x00, 0x00, 0x00, 0x00, 0x00, 0x00, 0x00, 0xE0, 0xFF, 0xFF, 0x0F, 0x00, 0x00, 0x00, 0x00, 0x00,
  0x00, 0x00, 0x00, 0xE0, 0xFF, 0xFF, 0x0E, 0x00, 0x00, 0x00, 0x00, 0x00, 0x00, 0x00, 0x00, 0xF0,
  0xFF, 0xFF, 0x0E, 0x00, 0x00, 0x00, 0x00, 0x00, 0x00, 0x00, 0x00, 0xF0, 0xFF, 0xFF, 0x0E, 0x00,
  0x00, 0x00, 0x00, 0x00, 0x00, 0x00, 0x00, 0xE0, 0xFF, 0xFF, 0x0E, 0x00, 0x00, 0x00, 0x00, 0x00,
  0x00, 0x00, 0x00, 0xE0, 0xFF, 0xFF, 0x0F, 0x00, 0x00, 0x00, 0x00, 0x00, 0x00, 0x00, 0x00, 0x00,
  0xFF, 0xFF, 0x0F, 0x00, 0x00, 0x00, 0x00, 0x00, 0x00, 0x00, 0x00, 0x00, 0xFF, 0xFF, 0x0F, 0x00,
  0x00, 0x00, 0x00, 0xF0, 0xFF, 0xFF, 0x00, 0x00, 0xFF, 0xFF, 0xFF, 0x00, 0x00, 0x00, 0x00, 0xF0,
  0xFF, 0xFF, 0x00, 0x00, 0xF0, 0xFF, 0xFF, 0x0E, 0x00, 0x00, 0x00, 0xFF, 0xFF, 0xFF, 0x00, 0x00,
  0xF0, 0xFF, 0xFF, 0xFF, 0x00, 0x00, 0xF0, 0xFF, 0xFF, 0x0F, 0x00, 0x00, 0x00, 0xFF, 0xFF, 0xFF,
  0xFF, 0xFF, 0xFF, 0xFF, 0xFF, 0x0D, 0x00, 0x00, 0x00, 0xF0, 0xFF, 0xFF, 0xFF, 0xFF, 0xFF, 0xFF,
  0xEF, 0x00, 0x00, 0x00, 0x00, 0x00, 0xFE, 0xFF, 0xFF, 0xFF, 0xFF, 0xFF, 0x00, 0x00, 0x00, 0x00,
  0x00, 0x00, 0x00, 0xFE, 0xFF, 0xFF, 0xFF, 0x0D, 0x00, 0x00, 0x00, 0x00, 0xFF, 0xFF, 0xFF, 0xFF,
  0xFF, 0xFF, 0x0E, 0x00, 0x00, 0x00, 0x00, 0xF0, 0xFF, 0xFF, 0xFF, 0xFF, 0xFF, 0xFF, 0xEF, 0x00,
  0x00, 0x00, 0x00, 0xFF, 0xFF, 0xFF, 0xFF, 0xFF, 0xFF, 0xFF, 0xFF, 0x00, 0x00, 0x00, 0xF0, 0xFF,
  0xFF, 0xFF, 0xFF, 0xFF, 0xFF, 0xFF, 0xFF, 0x00, 0x00, 0x00, 0xFF, 0xFF, 0x0F, 0x00, 0x00, 0xE0,
  0xFF, 0xFF, 0xFF, 0x00, 0x00, 0xF0, 0xFF, 0xFF, 0x00, 0x00, 0x00, 0xD0, 0xFF, 0xFF, 0xDF, 0x00,
  0x00, 0xFF, 0xFF, 0x0F, 0x00, 0x00, 0x00, 0xE0, 0xFF, 0xFF, 0x0F, 0x00, 0xF0, 0xFF, 0xFF, 0x00,
  0x00, 0x00, 0x00, 0xF0, 0xFF, 0xFF, 0x00, 0x00, 0xFF, 0xFF, 0x0F, 0x00, 0x00, 0x00, 0x00, 0xFF,
  0xFF, 0xDF, 0x00, 0xF0, 0xFF, 0xFF, 0x00, 0x00, 0x00, 0x00, 0xE0, 0xFF, 0xFF, 0x0E, 0x00, 0xFF,
  0xFF, 0x0F, 0x00, 0x00, 0x00, 0x00, 0xFD, 0xFF, 0xFF, 0x00, 0xF0, 0xFF, 0xFF, 0x00, 0x00, 0x00,
  0x00, 0x00, 0xFF, 0xFF, 0x0F, 0x00, 0xFF, 0xFF, 0x0F, 0x00, 0x00, 0x00, 0x00, 0xF0, 0xFF, 0xFF,
  0x00, 0xF0, 0xFF, 0xFF, 0x00, 0x00, 0x00, 0x00, 0xD0, 0xFF, 0xFF, 0x0F, 0x00, 0xFF, 0xFF, 0x0F,
  0x00, 0x00, 0x00, 0x00, 0xFE, 0xFF, 0xEF, 0x00, 0xF0, 0xFF, 0xFF, 0x00, 0x00, 0x00, 0x00, 0xF0,
  0xFF, 0xFF, 0x0D, 0x00, 0xFF, 0xFF, 0x0F, 0x00, 0x00, 0x00, 0x00, 0xFF, 0xFF, 0x0F, 0x00, 0xF0,
  0xFF, 0xFF, 0x00, 0x00, 0x00, 0x00, 0xFE, 0xFF, 0xFF, 0x00, 0x00, 0xFF, 0xFF, 0x0F, 0x00, 0x00,
  0x00, 0xFD, 0xFF, 0xFF, 0x0D, 0x00, 0xF0, 0xFF, 0xFF, 0x00, 0x00, 0x00, 0xFE, 0xFF, 0xFF, 0x0F,
  0x00, 0x00, 0xFF, 0xFF, 0xFF, 0xFF, 0xFF, 0xFF, 0xFF, 0xFF, 0x0F, 0x00, 0x00, 0xF0, 0xFF, 0xFF,
  0xFF, 0xFF, 0xFF, 0xFF, 0xFF, 0x0F, 0x00, 0x00, 0x00, 0xFF, 0xFF, 0xFF, 0xFF, 0xFF, 0xFF, 0xFF,
  0x0E, 0x00, 0x00, 0x00, 0xF0, 0xFF, 0xFF, 0xFF, 0xFF, 0xFF, 0xEF, 0x00, 0x00, 0x00, 0x00, 0x00,
  0xFF, 0xFF, 0xFF, 0xFF, 0xFF, 0xFF, 0xFF, 0xFF, 0x00, 0xF0, 0xFF, 0xFF, 0xFF, 0xFF, 0xFF, 0xFF,
  0xFF, 0x0F, 0x00, 0xFF, 0xFF, 0xFF, 0xFF, 0xFF, 0xFF, 0xFF, 0xFF, 0x00, 0xF0, 0xFF, 0xFF, 0xFF,
  0xFF, 0xFF, 0xFF, 0xFF, 0x0F, 0x00, 0xFF, 0xFF, 0x0F, 0x00, 0x00, 0x00, 0x00, 0x00, 0x00, 0xF0,
  0xFF, 0xFF, 0x00, 0x00, 0x00, 0x00, 0x00, 0x00, 0x00, 0xFF, 0xFF, 0x0F, 0x00, 0x00, 0x00, 0x00,
  0x00, 0x00, 0xF0, 0xFF, 0xFF, 0x00, 0x00, 0x00, 0x00, 0x00, 0x00, 0x00, 0xFF, 0xFF, 0x0F, 0x00,
  0x00, 0x00, 0x00, 0x00, 0x00, 0xF0, 0xFF, 0xFF, 0x00, 0x00, 0x00, 0x00, 0x00, 0x00, 0x00, 0xFF,
  0xFF, 0xFF, 0xFF, 0xFF, 0xFF, 0xFF, 0x0F, 0x00, 0xF0, 0xFF, 0xFF, 0xFF, 0xFF, 0xFF, 0xFF, 0xFF,
  0x00, 0x00, 0xFF, 0xFF, 0xFF, 0xFF, 0xFF, 0xFF, 0xFF, 0x0F, 0x00, 0xF0, 0xFF, 0xFF, 0xFF, 0xFF,
  0xFF, 0xFF, 0xFF, 0x00, 0x00, 0xFF, 0xFF, 0x0F, 0x00, 0x00, 0x00, 0x00, 0x00, 0x00, 0xF0, 0xFF,
  0xFF, 0x00, 0x00, 0x00, 0x00, 0x00, 0x00, 0x00, 0xFF, 0xFF, 0x0F, 0x00, 0x00, 0x00, 0x00, 0x00,
  0x00, 0xF0, 0xFF, 0xFF, 0x00, 0x00, 0x00, 0x00, 0x00, 0x00, 0x00, 0xFF, 0xFF, 0x0F, 0x00, 0x00,
  0x00, 0x00, 0x00, 0x00, 0xF0, 0xFF, 0xFF, 0x00, 0x00, 0x00, 0x00, 0x00, 0x00, 0x00, 0xFF, 0xFF,
  0xFF, 0xFF, 0xFF, 0xFF, 0xFF, 0xFF, 0x00, 0xF0, 0xFF, 0xFF, 0xFF, 0xFF, 0xFF, 0xFF, 0xFF, 0x0F,
  0x00, 0xFF, 0xFF, 0xFF, 0xFF, 0xFF, 0xFF, 0xFF, 0xFF, 0x00, 0xF0, 0xFF, 0xFF, 0xFF, 0xFF, 0xFF,
  0xFF, 0xFF, 0x0F, 0x00, 0xFF, 0xFF, 0xFF, 0xFF, 0xFF, 0xFF, 0xFF, 0xEF, 0x00, 0xF0, 0xFF, 0xFF,
  0xFF, 0xFF, 0xFF, 0xFF, 0xFF, 0x0E, 0x00, 0xFF, 0xFF, 0xFF, 0xFF, 0xFF, 0xFF, 0xFF, 0xEF, 0x00,
  0xF0, 0xFF, 0xFF, 0xFF, 0xFF, 0xFF, 0xFF, 0xFF, 0x0E, 0x00, 0xFF, 0xFF, 0x0F, 0x00, 0x00, 0x00,
  0x00, 0x00, 0x00, 0xF0, 0xFF, 0xFF, 0x00, 0x00, 0x00, 0x00, 0x00, 0x00, 0x00, 0xFF, 0xFF, 0x0F,
  0x00, 0x00, 0x00, 0x00, 0x00, 0x00, 0xF0, 0xFF, 0xFF, 0x00, 0x00, 0x00, 0x00, 0x00, 0x00, 0x00,
  0xFF, 0xFF, 0x0F, 0x00, 0x00, 0x00, 0x00, 0x00, 0x00, 0xF0, 0xFF, 0xFF, 0x00, 0x00, 0x00, 0x00,
  0x00, 0x00, 0x00, 0xFF, 0xFF, 0x0F, 0x00, 0x00, 0x00, 0x00, 0x00, 0x00, 0xF0, 0xFF, 0xFF, 0xFF,
  0xFF, 0xFF, 0xFF, 0xEF, 0x00, 0x00, 0xFF, 0xFF, 0xFF, 0xFF, 0xFF, 0xFF, 0xFF, 0x0E, 0x00, 0xF0,
  0xFF, 0xFF, 0xFF, 0xFF, 0xFF, 0xFF, 0xEF, 0x00, 0x00, 0xFF, 0xFF, 0xFF, 0xFF, 0xFF, 0xFF, 0xFF,
  0x0D, 0x00, 0xF0, 0xFF, 0xFF, 0x00, 0x00, 0x00, 0x00, 0x00, 0x00, 0x00, 0xFF, 0xFF, 0x0F, 0x00,
  0x00, 0x00, 0x00, 0x00, 0x00, 0xF0, 0xFF, 0xFF, 0x00, 0x00, 0x00, 0x00, 0x00, 0x00, 0x00, 0xFF,
  0xFF, 0x0F, 0x00, 0x00, 0x00, 0x00, 0x00, 0x00, 0xF0, 0xFF, 0xFF, 0x00, 0x00, 0x00, 0x00, 0x00,
  0x00, 0x00, 0xFF, 0xFF, 0x0F, 0x00, 0x00, 0x00, 0x00, 0x00, 0x00, 0xF0, 0xFF, 0xFF, 0x00, 0x00,
  0x00, 0x00, 0x00, 0x00, 0x00, 0xFF, 0xFF, 0x0F, 0x00, 0x00, 0x00, 0x00, 0x00, 0x00, 0xF0, 0xFF,
  0xFF, 0x00, 0x00, 0x00, 0x00, 0x00, 0x00, 0x00, 0x00, 0x00, 0x00, 0xFE, 0xFF, 0xFF, 0xFF, 0x0D,
  0x00, 0x00, 0x00, 0x00, 0x00, 0x00, 0xFE, 0xFF, 0xFF, 0xFF, 0xFF, 0xFF, 0x0D, 0x00, 0x00, 0x00,
  0x00, 0xF0, 0xFF, 0xFF, 0xFF, 0xFF, 0xFF, 0xFF, 0xEF, 0x00, 0x00, 0x00, 0x00, 0xFF, 0xFF, 0xFF,
  0xFF, 0xFF, 0xFF, 0xFF, 0xFF, 0x0E, 0x00, 0x00, 0xE0, 0xFF, 0xFF, 0xFF, 0x00, 0x00, 0xF0, 0xFF,
  0xFF, 0x0F, 0x00, 0x00, 0xF0, 0xFF, 0xFF, 0x0E, 0x00, 0x00, 0x00, 0xFF, 0xFF, 0xFF, 0x00, 0x00,
  0xFF, 0xFF, 0xFF, 0x00, 0x00, 0x00, 0x00, 0xF0, 0xFF, 0xFF, 0x00, 0x00, 0xFF, 0xFF, 0x0F, 0x00,
  0x00, 0x00, 0x00, 0xE0, 0xFF, 0xFF, 0x00, 0x00, 0xFF, 0xFF, 0x0F, 0x00, 0x00, 0x00, 0x00, 0x00,
  0x00, 0x00, 0x00, 0xE0, 0xFF, 0xFF, 0x0F, 0x00, 0x00, 0x00, 0x00, 0x00, 0x00, 0x00, 0x00, 0xE0,
  0xFF, 0xFF, 0x0E, 0x00, 0x00, 0x00, 0x00, 0x00, 0x00, 0x00, 0x00, 0xF0, 0xFF, 0xFF, 0x0E, 0x00,
  0x00, 0xFD, 0xFF, 0xFF, 0xFF, 0xFF, 0x0E, 0xF0, 0xFF, 0xFF, 0x0E, 0x00, 0x00, 0xFD, 0xFF, 0xFF,
  0xFF, 0xFF, 0x0E, 0xE0, 0xFF, 0xFF, 0x0E, 0x00, 0x00, 0xFD, 0xFF, 0xFF, 0xFF, 0xFF, 0x0E, 0xE0,
  0xFF, 0xFF, 0x0F, 0x00, 0x00, 0xF0, 0xFF, 0xFF, 0xFF, 0xFF, 0x0E, 0x00, 0xFF, 0xFF, 0x0F, 0x00,
  0x00, 0x00, 0x00, 0xD0, 0xFF, 0xFF, 0x0E, 0x00, 0xFF, 0xFF, 0x0F, 0x00, 0x00, 0x00, 0x00, 0xE0,
  0xFF, 0xFF, 0x0D, 0x00, 0xFF, 0xFF, 0xFF, 0x00, 0x00, 0x00, 0x00, 0xF0, 0xFF, 0xFF, 0x00, 0x00,
  0xF0, 0xFF, 0xFF, 0x0E, 0x00, 0x00, 0x00, 0xFE, 0xFF, 0xFF, 0x00, 0x00, 0xF0, 0xFF, 0xFF, 0xFF,
  0x00, 0x00, 0xF0, 0xFF, 0xFF, 0x0F, 0x00, 0x00, 0x00, 0xFF, 0xFF, 0xFF, 0xFF, 0xFF, 0xFF, 0xFF,
  0xFF, 0x0E, 0x00, 0x00, 0x00, 0xF0, 0xFF, 0xFF, 0xFF, 0xFF, 0xFF, 0xFF, 0xEF, 0x00, 0x00, 0x00,
  0x00, 0x00, 0xFE, 0xFF, 0xFF, 0xFF, 0xFF, 0xFF, 0x0D, 0x00, 0x00, 0x00, 0x00, 0x00, 0x00, 0xFE,
  0xFF, 0xFF, 0xFF, 0x0D, 0x00, 0x00, 0x00, 0x00, 0xFF, 0xFF, 0x0F, 0x00, 0x00, 0x00, 0x00, 0xF0,
  0xFF, 0xFF, 0x00, 0x00, 0xFF, 0xFF, 0x0F, 0x00, 0x00, 0x00, 0x00, 0xF0, 0xFF, 0xFF, 0x00, 0x00,
  0xFF, 0xFF, 0x0F, 0x00, 0x00, 0x00, 0x00, 0xF0, 0xFF, 0xFF, 0x00, 0x00, 0xFF, 0xFF, 0x0F, 0x00,
  0x00, 0x00, 0x00, 0xF0, 0xFF, 0xFF, 0x00, 0x00, 0xFF, 0xFF, 0x0F, 0x00, 0x00, 0x00, 0x00, 0xF0,
  0xFF, 0xFF, 0x00, 0x00, 0xFF, 0xFF, 0x0F, 0x00, 0x00, 0x00, 0x00, 0xF0, 0xFF, 0xFF, 0x00, 0x00,
  0xFF, 0xFF, 0x0F, 0x00, 0x00, 0x00, 0x00, 0xF0, 0xFF, 0xFF, 0x00, 0x00, 0xFF, 0xFF, 0x0F, 0x00,
  0x00, 0x00, 0x00, 0xF0, 0xFF, 0xFF, 0x00, 0x00, 0xFF, 0xFF, 0x0F, 0x00, 0x00, 0x00, 0x00, 0xF0,
  0xFF, 0xFF, 0x00, 0x00, 0xFF, 0xFF, 0x0F, 0x00, 0x00, 0x00, 0x00, 0xF0, 0xFF, 0xFF, 0x00, 0x00,
  0xFF, 0xFF, 0xFF, 0xFF, 0xFF, 0xFF, 0xFF, 0xFF, 0xFF, 0xFF, 0x00, 0x00, 0xFF, 0xFF, 0xFF, 0xFF,
  0xFF, 0xFF, 0xFF, 0xFF, 0xFF, 0xFF, 0x00, 0x00, 0xFF, 0xFF, 0xFF, 0xFF, 0xFF, 0xFF, 0xFF, 0xFF,
  0xFF, 0xFF, 0x00, 0x00, 0xFF, 0xFF, 0xFF, 0xFF, 0xFF, 0xFF, 0xFF, 0xFF, 0xFF, 0xFF, 0x00, 0x00,
  0xFF, 0xFF, 0x0F, 0x00, 0x00, 0x00, 0x00, 0xF0, 0xFF, 0xFF, 0x00, 0x00, 0xFF, 0xFF, 0x0F, 0x00,
  0x00, 0x00, 0x00, 0xF0, 0xFF, 0xFF, 0x00, 0x00, 0xFF, 0xFF, 0x0F, 0x00, 0x00, 0x00, 0x00, 0xF0,
  0xFF, 0xFF, 0x00, 0x00, 0xFF, 0xFF, 0x0F, 0x00, 0x00, 0x00, 0x00, 0xF0, 0xFF, 0xFF, 0x00, 0x00,
  0xFF, 0xFF, 0x0F, 0x00, 0x00, 0x00, 0x00, 0xF0, 0xFF, 0xFF, 0x00, 0x00, 0xFF, 0xFF, 0x0F, 0x00,
  0x00, 0x00, 0x00, 0xF0, 0xFF, 0xFF, 0x00, 0x00, 0xFF, 0xFF, 0x0F, 0x00, 0x00, 0x00, 0x00, 0xF0,
  0xFF, 0xFF, 0x00, 0x00, 0xFF, 0xFF, 0x0F, 0x00, 0x00, 0x00, 0x00, 0xF0, 0xFF, 0xFF, 0x00, 0x00,
  0xFF, 0xFF, 0x0F, 0x00, 0x00, 0x00, 0x00, 0xF0, 0xFF, 0xFF, 0x00, 0x00, 0xFF, 0xFF, 0x0F, 0x00,
  0x00, 0x00, 0x00, 0xF0, 0xFF, 0xFF, 0x00, 0x00, 0xFF, 0xFF, 0x0F, 0x00, 0xF0, 0xFF, 0xFF, 0x00,
  0x00, 0xFF, 0xFF, 0x0F, 0x00, 0xF0, 0xFF, 0xFF, 0x00, 0x00, 0xFF, 0xFF, 0x0F, 0x00, 0xF0, 0xFF,
  0xFF, 0x00, 0x00, 0xFF, 0xFF, 0x0F, 0x00, 0xF0, 0xFF, 0xFF, 0x00, 0x00, 0xFF, 0xFF, 0x0F, 0x00,
  0xF0, 0xFF, 0xFF, 0x00, 0x00, 0xFF, 0xFF, 0x0F, 0x00, 0xF0, 0xFF, 0xFF, 0x00, 0x00, 0xFF, 0xFF,
  0x0F, 0x00, 0xF0, 0xFF, 0xFF, 0x00, 0x00, 0xFF, 0xFF, 0x0F, 0x00, 0xF0, 0xFF, 0xFF, 0x00, 0x00,
  0xFF, 0xFF, 0x0F, 0x00, 0xF0, 0xFF, 0xFF, 0x00, 0x00, 0xFF, 0xFF, 0x0F, 0x00, 0xF0, 0xFF, 0xFF,
  0x00, 0x00, 0xFF, 0xFF, 0x0F, 0x00, 0xF0, 0xFF, 0xFF, 0x00, 0x00, 0xFF, 0xFF, 0x0F, 0x00, 0xF0,
  0xFF, 0xFF, 0x00, 0x00, 0x00, 0x00, 0x00, 0x00, 0x00, 0xFF, 0xFF, 0x0F, 0x00, 0x00, 0x00, 0x00,
  0x00, 0x00, 0xF0, 0xFF, 0xFF, 0x00, 0x00, 0x00, 0x00, 0x00, 0x00, 0x00, 0xFF, 0xFF, 0x0F, 0x00,
  0x00, 0x00, 0x00, 0x00, 0x00, 0xF0, 0xFF, 0xFF, 0x00, 0x00, 0x00, 0x00, 0x00, 0x00, 0x00, 0xFF,
  0xFF, 0x0F, 0x00, 0x00, 0x00, 0x00, 0x00, 0x00, 0xF0, 0xFF, 0xFF, 0x00, 0x00, 0x00, 0x00, 0x00,
  0x00, 0x00, 0xFF, 0xFF, 0x0F, 0x00, 0x00, 0x00, 0x00, 0x00, 0x00, 0xF0, 0xFF, 0xFF, 0x00, 0x00,
  0x00, 0x00, 0x00, 0x00, 0x00, 0xFF, 0xFF, 0x0F, 0x00, 0x00, 0x00, 0x00, 0x00, 0x00, 0xF0, 0xFF,
  0xFF, 0x00, 0x00, 0x00, 0x00, 0x00, 0x00, 0x00, 0xFF, 0xFF, 0x0F, 0x00, 0x00, 0x00, 0x00, 0x00,
  0x00, 0xF0, 0xFF, 0xFF, 0x00, 0x00, 0x00, 0x00, 0x00, 0x00, 0x00, 0xFF, 0xFF, 0x0F, 0x00, 0x00,
  0x00, 0x00, 0x00, 0x00, 0xF0, 0xFF, 0xFF, 0x00, 0x00, 0x00, 0x00, 0x00, 0x00, 0x00, 0xFF, 0xFF,
  0x0F, 0x00, 0xFF, 0xFF, 0x0F, 0x00, 0x00, 0xF0, 0xFF, 0xFF, 0x00, 0xF0, 0xFF, 0xFF, 0x00, 0x00,
  0x00, 0xFF, 0xFF, 0x0F, 0x00, 0xFF, 0xFF, 0x0F, 0x00, 0x00, 0xFD, 0xFF, 0xFF, 0x00, 0xF0, 0xFF,
  0xFF, 0x00, 0x00, 0xE0, 0xFF, 0xFF, 0x0E, 0x00, 0xFE, 0xFF, 0xFF, 0x00, 0xD0, 0xFF, 0xFF, 0x0F,
  0x00, 0x00, 0xFF, 0xFF, 0xFF, 0xFF, 0xFF, 0xFF, 0xFF, 0x00, 0x00, 0xE0, 0xFF, 0xFF, 0xFF, 0xFF,
  0xFF, 0xFF, 0x00, 0x00, 0x00, 0xE0, 0xFF, 0xFF, 0xFF, 0xFF, 0xFF, 0x00, 0x00, 0x00, 0x00, 0x00,
  0xFE, 0xFF, 0xFF, 0xEF, 0x00, 0x00, 0x00, 0x00, 0xFF, 0xFF, 0x0F, 0x00, 0x00, 0x00, 0xD0, 0xFF,
  0xFF, 0xFF, 0x00, 0xF0, 0xFF, 0xFF, 0x00, 0x00, 0x00, 0x00, 0xFF, 0xFF, 0xFF, 0x00, 0x00, 0xFF,
  0xFF, 0x0F, 0x00, 0x00, 0x00, 0xFF, 0xFF, 0xFF, 0x00, 0x00, 0xF0, 0xFF, 0xFF, 0x00, 0x00, 0x00,
  0xFF, 0xFF, 0xFF, 0x00, 0x00, 0x00, 0xFF, 0xFF, 0x0F, 0x00, 0x00, 0xFF, 0xFF, 0xFF, 0x0D, 0x00,
  0x00, 0xF0, 0xFF, 0xFF, 0x00, 0x00, 0xFE, 0xFF, 0xFF, 0x0E, 0x00, 0x00, 0x00, 0xFF, 0xFF, 0x0F,
  0x00, 0xFD, 0xFF, 0xFF, 0x0F, 0x00, 0x00, 0x00, 0xF0, 0xFF, 0xFF, 0x00, 0xF0, 0xFF, 0xFF, 0x0F,
  0x00, 0x00, 0x00, 0x00, 0xFF, 0xFF, 0x0F, 0xF0, 0xFF, 0xFF, 0x0F, 0x00, 0x00, 0x00, 0x00, 0xF0,
  0xFF, 0xFF, 0xE0, 0xFF, 0xFF, 0xDF, 0x00, 0x00, 0x00, 0x00, 0x00, 0xFF, 0xFF, 0x0F, 0xFF, 0xFF,
  0xEF, 0x00, 0x00, 0x00, 0x00, 0x00, 0xF0, 0xFF, 0xFF, 0xFF, 0xFF, 0xFF, 0x0F, 0x00, 0x00, 0x00,
  0x00, 0x00, 0xFF, 0xFF, 0xFF, 0xFF, 0xFF, 0xFF, 0x0F, 0x00, 0x00, 0x00, 0x00, 0xF0, 0xFF, 0xFF,
  0xFF, 0xFF, 0xFF, 0xFF, 0x0D, 0x00, 0x00, 0x00, 0x00, 0xFF, 0xFF, 0xFF, 0xEF, 0xFF, 0xFF, 0xFF,
  0x00, 0x00, 0x00, 0x00, 0xF0, 0xFF, 0xFF, 0xEF, 0x00, 0xFF, 0xFF, 0xFF, 0x00, 0x00, 0x00, 0x00,
  0xFF, 0xFF, 0xFF, 0x00, 0xD0, 0xFF, 0xFF, 0xDF, 0x00, 0x00, 0x00, 0xF0, 0xFF, 0xFF, 0x00, 0x00,
  0xF0, 0xFF, 0xFF, 0x0F, 0x00, 0x00, 0x00, 0xFF, 0xFF, 0x0F, 0x00, 0x00, 0xF0, 0xFF, 0xFF, 0x0F,
  0x00, 0x00, 0xF0, 0xFF, 0xFF, 0x00, 0x00, 0x00, 0xFE, 0xFF, 0xFF, 0x0D, 0x00, 0x00, 0xFF, 0xFF,
  0x0F, 0x00, 0x00, 0x00, 0xFF, 0xFF, 0xFF, 0x00, 0x00, 0xF0, 0xFF, 0xFF, 0x00, 0x00, 0x00, 0x00,
  0xFF, 0xFF, 0xFF, 0x00, 0x00, 0xFF, 0xFF, 0x0F, 0x00, 0x00, 0x00, 0xE0, 0xFF, 0xFF, 0xDF, 0x00,
  0xF0, 0xFF, 0xFF, 0x00, 0x00, 0x00, 0x00, 0xF0, 0xFF, 0xFF, 0x0F, 0x00, 0xFF, 0xFF, 0x0F, 0x00,
  0x00, 0x00, 0x00, 0x00, 0x00, 0xFF, 0xFF, 0x0F, 0x00, 0x00, 0x00, 0x00, 0x00, 0x00, 0xFF, 0xFF,
  0x0F, 0x00, 0x00, 0x00, 0x00, 0x00, 0x00, 0xFF, 0xFF, 0x0F, 0x00, 0x00, 0x00, 0x00, 0x00, 0x00,
  0xFF, 0xFF, 0x0F, 0x00, 0x00, 0x00, 0x00, 0x00, 0x00, 0xFF, 0xFF, 0x0F, 0x00, 0x00, 0x00, 0x00,
  0x00, 0x00, 0xFF, 0xFF, 0x0F, 0x00, 0x00, 0x00, 0x00, 0x00, 0x00, 0xFF, 0xFF, 0x0F, 0x00, 0x00,
  0x00, 0x00, 0x00, 0x00, 0xFF, 0xFF, 0x0F, 0x00, 0x00, 0x00, 0x00, 0x00, 0x00, 0xFF, 0xFF, 0x0F,
  0x00, 0x00, 0x00, 0x00, 0x00, 0x00, 0xFF, 0xFF, 0x0F, 0x00, 0x00, 0x00, 0x00, 0x00, 0x00, 0xFF,
  0xFF, 0x0F, 0x00, 0x00, 0x00, 0x00, 0x00, 0x00, 0xFF, 0xFF, 0x0F, 0x00, 0x00, 0x00, 0x00, 0x00,
  0x00, 0xFF, 0xFF, 0x0F, 0x00, 0x00, 0x00, 0x00, 0x00, 0x00, 0xFF, 0xFF, 0x0F, 0x00, 0x00, 0x00,
  0x00, 0x00, 0x00, 0xFF, 0xFF, 0x0F, 0x00, 0x00, 0x00, 0x00, 0x00, 0x00, 0xFF, 0xFF, 0x0F, 0x00,
  0x00, 0x00, 0x00, 0x00, 0x00, 0xFF, 0xFF, 0x0F, 0x00, 0x00, 0x00, 0x00, 0x00, 0x00, 0xFF, 0xFF,
  0x0F, 0x00, 0x00, 0x00, 0x00, 0x00, 0x00, 0xFF, 0xFF, 0x0F, 0x00, 0x00, 0x00, 0x00, 0x00, 0x00,
  0xFF, 0xFF, 0xFF, 0xFF, 0xFF, 0xFF, 0xFF, 0x0F, 0x00, 0xFF, 0xFF, 0xFF, 0xFF, 0xFF, 0xFF, 0xFF,
  0x0F, 0x00, 0xFF, 0xFF, 0xFF, 0xFF, 0xFF, 0xFF, 0xFF, 0x0F, 0x00, 0xFF, 0xFF, 0xFF, 0xFF, 0xFF,
  0xFF, 0xFF, 0x0F, 0x00, 0xFF, 0xFF, 0xFF, 0xFF, 0x00, 0x00, 0x00, 0x00, 0x00, 0xFF, 0xFF, 0xFF,
  0xFF, 0x00, 0x00, 0xFF, 0xFF, 0xFF, 0xFF, 0x00, 0x00, 0x00, 0x00, 0x00, 0xFF, 0xFF, 0xFF, 0xFF,
  0x00, 0x00, 0xFF, 0xFF, 0xFF, 0xFF, 0x0D, 0x00, 0x00, 0x00, 0xE0, 0xFF, 0xFF, 0xFF, 0xFF, 0x00,
  0x00, 0xFF, 0xFF, 0xFF, 0xFF, 0x0F, 0x00, 0x00, 0x00, 0xF0, 0xFF, 0xFF, 0xFF, 0xFF, 0x00, 0x00,
  0xFF, 0xFF, 0xFF, 0xFF, 0x0F, 0x00, 0x00, 0x00, 0xF0, 0xFF, 0xFF, 0xFF, 0xFF, 0x00, 0x00, 0xFF,
  0xFF, 0xFF, 0xFF, 0xDF, 0x00, 0x00, 0x00, 0xFE, 0xFF, 0xFF, 0xFF, 0xFF, 0x00, 0x00, 0xFF, 0xFF,
  0xFF, 0xFF, 0xFF, 0x00, 0x00, 0x00, 0xFF, 0xFF, 0xFF, 0xFF, 0xFF, 0x00, 0x00, 0xFF, 0xFF, 0xFF,
  0xFF, 0xFF, 0x00, 0x00, 0x00, 0xFF, 0xFF, 0xFE, 0xFF, 0xFF, 0x00, 0x00, 0xFF, 0xFF, 0xDF, 0xFF,
  0xFF, 0x0E, 0x00, 0xE0, 0xFF, 0xFF, 0xF0, 0xFF, 0xFF, 0x00, 0x00, 0xFF, 0xFF, 0x0F, 0xFF, 0xFF,
  0x0F, 0x00, 0xF0, 0xFF, 0xFF, 0xF0, 0xFF, 0xFF, 0x00, 0x00, 0xFF, 0xFF, 0x0F, 0xFF, 0xFF, 0x0F,
  0x00, 0xF0, 0xFF, 0xEF, 0xF0, 0xFF, 0xFF, 0x00, 0x00, 0xFF, 0xFF, 0x0F, 0xFE, 0xFF, 0xEF, 0x00,
  0xFE, 0xFF, 0xDF, 0xF0, 0xFF, 0xFF, 0x00, 0x00, 0xFF, 0xFF, 0x0F, 0xF0, 0xFF, 0xFF, 0x00, 0xFF,
  0xFF, 0x0F, 0xF0, 0xFF, 0xFF, 0x00, 0x00, 0xFF, 0xFF, 0x0F, 0xF0, 0xFF, 0xFF, 0x00, 0xFF, 0xFF,
  0x0F, 0xF0, 0xFF, 0xFF, 0x00, 0x00, 0xFF, 0xFF, 0x0F, 0xE0, 0xFF, 0xFF, 0xD0, 0xFF, 0xFF, 0x0D,
  0xF0, 0xFF, 0xFF, 0x00, 0x00, 0xFF, 0xFF, 0x0F, 0x00, 0xFF, 0xFF, 0xED, 0xFF, 0xFF, 0x00, 0xF0,
  0xFF, 0xFF, 0x00, 0x00, 0xFF, 0xFF, 0x0F, 0x00, 0xFF, 0xFF, 0xFF, 0xFF, 0xFF, 0x00, 0xF0, 0xFF,
  0xFF, 0x00, 0x00, 0xFF, 0xFF, 0x0F, 0x00, 0xFE, 0xFF, 0xFF, 0xFF, 0x0F, 0x00, 0xF0, 0xFF, 0xFF,
  0x00, 0x00, 0xFF, 0xFF, 0x0F, 0x00, 0xF0, 0xFF, 0xFF, 0xFF, 0x0F, 0x00, 0xF0, 0xFF, 0xFF, 0x00,
  0x00, 0xFF, 0xFF, 0x0F, 0x00, 0xF0, 0xFF, 0xFF, 0xFF, 0x0E, 0x00, 0xF0, 0xFF, 0xFF, 0x00, 0x00,
  0xFF, 0xFF, 0x0F, 0x00, 0xE0, 0xFF, 0xFF, 0xFF, 0x00, 0x00, 0xF0, 0xFF, 0xFF, 0x00, 0x00, 0xFF,
  0xFF, 0x0F, 0x00, 0x00, 0xFF, 0xFF, 0xFF, 0x00, 0x00, 0xF0, 0xFF, 0xFF, 0x00, 0x00, 0xFF, 0xFF,
  0x0F, 0x00, 0x00, 0xFF, 0xFF, 0xEF, 0x00, 0x00, 0xF0, 0xFF, 0xFF, 0x00, 0x00, 0xFF, 0xFF, 0x0F,
  0x00, 0x00, 0xFD, 0xFF, 0x0F, 0x00, 0x00, 0xF0, 0xFF, 0xFF, 0x00, 0x00, 0xFF, 0xFF, 0xFF, 0x00,
  0x00, 0x00, 0x00, 0xF0, 0xFF, 0xFF, 0x0D, 0x00, 0xFF, 0xFF, 0xFF, 0x0E, 0x00, 0x00, 0x00, 0xF0,
  0xFF, 0xFF, 0x0D, 0x00, 0xFF, 0xFF, 0xFF, 0x0F, 0x00, 0x00, 0x00, 0xF0, 0xFF, 0xFF, 0x0D, 0x00,
  0xFF, 0xFF, 0xFF, 0xFF, 0x00, 0x00, 0x00, 0xF0, 0xFF, 0xFF, 0x0D, 0x00, 0xFF, 0xFF, 0xFF, 0xFF,
  0x00, 0x00, 0x00, 0xF0, 0xFF, 0xFF, 0x0D, 0x00, 0xFF, 0xFF, 0xFF, 0xFF, 0x0F, 0x00, 0x00, 0xF0,
  0xFF, 0xFF, 0x0D, 0x00, 0xFF, 0xFF, 0xFF, 0xFF, 0xEF, 0x00, 0x00, 0xF0, 0xFF, 0xFF, 0x0D, 0x00,
  0xFF, 0xFF, 0xFF, 0xFF, 0xFF, 0x00, 0x00, 0xF0, 0xFF, 0xFF, 0x0D, 0x00, 0xFF, 0xFF, 0xDF, 0xFF,
  0xFF, 0x0F, 0x00, 0xF0, 0xFF, 0xFF, 0x0D, 0x00, 0xFF, 0xFF, 0x0F, 0xFF, 0xFF, 0x0F, 0x00, 0xF0,
  0xFF, 0xFF, 0x0D, 0x00, 0xFF, 0xFF, 0x0F, 0xFD, 0xFF, 0xFF, 0x00, 0xF0, 0xFF, 0xFF, 0x0D, 0x00,
  0xFF, 0xFF, 0x0F, 0xF0, 0xFF, 0xFF, 0x0E, 0xF0, 0xFF, 0xFF, 0x0D, 0x00, 0xFF, 0xFF, 0x0F, 0x00,
  0xFF, 0xFF, 0x0F, 0xF0, 0xFF, 0xFF, 0x0D, 0x00, 0xFF, 0xFF, 0x0F, 0x00, 0xFF, 0xFF, 0xEF, 0xF0,
  0xFF, 0xFF, 0x0D, 0x00, 0xFF, 0xFF, 0x0F, 0x00, 0xF0, 0xFF, 0xFF, 0xF0, 0xFF, 0xFF, 0x0D, 0x00,
  0xFF, 0xFF, 0x0F, 0x00, 0xD0, 0xFF, 0xFF, 0xEF, 0xFF, 0xFF, 0x0D, 0x00, 0xFF, 0xFF, 0x0F, 0x00,
  0x00, 0xFF, 0xFF, 0xEF, 0xFF, 0xFF, 0x0D, 0x00, 0xFF, 0xFF, 0x0F, 0x00, 0x00, 0xF0, 0xFF, 0xFF,
  0xFF, 0xFF, 0x0D, 0x00, 0xFF, 0xFF, 0x0F, 0x00, 0x00, 0xE0, 0xFF, 0xFF, 0xFF, 0xFF, 0x0D, 0x00,
  0xFF, 0xFF, 0x0F, 0x00, 0x00, 0x00, 0xFF, 0xFF, 0xFF, 0xFF, 0x0D, 0x00, 0xFF, 0xFF, 0x0F, 0x00,
  0x00, 0x00, 0xFD, 0xFF, 0xFF, 0xFF, 0x0D, 0x00, 0xFF, 0xFF, 0x0F, 0x00, 0x00, 0x00, 0xF0, 0xFF,
  0xFF, 0xFF, 0x0D, 0x00, 0xFF, 0xFF, 0x0F, 0x00, 0x00, 0x00, 0x00, 0xFF, 0xFF, 0xFF, 0x0D, 0x00,
  0xFF, 0xFF, 0x0F, 0x00, 0x00, 0x00, 0x00, 0xFE, 0xFF, 0xFF, 0x0D, 0x00, 0x00, 0x00, 0x00, 0xFE,
  0xFF, 0xFF, 0xFF, 0x0D, 0x00, 0x00, 0x00, 0x00, 0x00, 0x00, 0xE0, 0xFF, 0xFF, 0xFF, 0xFF, 0xFF,
  0x0F, 0x00, 0x00, 0x00, 0x00, 0x00, 0xF0, 0xFF, 0xFF, 0xFF, 0xFF, 0xFF, 0xFF, 0xEF, 0x00, 0x00,
  0x00, 0x00, 0xF0, 0xFF, 0xFF, 0xFF, 0xFF, 0xFF, 0xFF, 0xFF, 0xEF, 0x00, 0x00, 0x00, 0xE0, 0xFF,
  0xFF, 0xFF, 0x00, 0x00, 0xFD, 0xFF, 0xFF, 0x0F, 0x00, 0x00, 0x00, 0xFF, 0xFF, 0xEF, 0x00, 0x00,
  0x00, 0xF0, 0xFF, 0xFF, 0x0F, 0x00, 0x00, 0xFF, 0xFF, 0xFF, 0x00, 0x00, 0x00, 0x00, 0xF0, 0xFF,
  0xFF, 0x0D, 0x00, 0xF0, 0xFF, 0xFF, 0x00, 0x00, 0x00, 0x00, 0x00, 0xFE, 0xFF, 0xFF, 0x00, 0x00,
  0xFF, 0xFF, 0x0F, 0x00, 0x00, 0x00, 0x00, 0x00, 0xFF, 0xFF, 0x0F, 0x00, 0xFE, 0xFF, 0xFF, 0x00,
  0x00, 0x00, 0x00, 0x00, 0xF0, 0xFF, 0xFF, 0x00, 0xE0, 0xFF, 0xFF, 0x0E, 0x00, 0x00, 0x00, 0x00,
  0x00, 0xFF, 0xFF, 0x0F, 0x00, 0xFF, 0xFF, 0xEF, 0x00, 0x00, 0x00, 0x00, 0x00, 0xF0, 0xFF, 0xFF,
  0x00, 0xF0, 0xFF, 0xFF, 0x0E, 0x00, 0x00, 0x00, 0x00, 0x00, 0xFF, 0xFF, 0x0F, 0x00, 0xFE, 0xFF,
  0xEF, 0x00, 0x00, 0x00, 0x00, 0x00, 0xF0, 0xFF, 0xFF, 0x00, 0xE0, 0xFF, 0xFF, 0x0F, 0x00, 0x00,
  0x00, 0x00, 0x00, 0xFF, 0xFF, 0x0F, 0x00, 0xF0, 0xFF, 0xFF, 0x00, 0x00, 0x00, 0x00, 0x00, 0xF0,
  0xFF, 0xFF, 0x00, 0x00, 0xFF, 0xFF, 0x0F, 0x00, 0x00, 0x00, 0x00, 0xE0, 0xFF, 0xFF, 0x0F, 0x00,
  0xF0, 0xFF, 0xFF, 0x0F, 0x00, 0x00, 0x00, 0x00, 0xFF, 0xFF, 0xDF, 0x00, 0x00, 0xF0, 0xFF, 0xFF,
  0x0E, 0x00, 0x00, 0x00, 0xFF, 0xFF, 0xFF, 0x00, 0x00, 0x00, 0xFE, 0xFF, 0xFF, 0x0F, 0x00, 0xD0,
  0xFF, 0xFF, 0xFF, 0x00, 0x00, 0x00, 0x00, 0xFF, 0xFF, 0xFF, 0xFF, 0xFF, 0xFF, 0xFF, 0xFF, 0x0E,
  0x00, 0x00, 0x00, 0x00, 0xFF, 0xFF, 0xFF, 0xFF, 0xFF, 0xFF, 0xFF, 0x0E, 0x00, 0x00, 0x00, 0x00,
  0x00, 0xFE, 0xFF, 0xFF, 0xFF, 0xFF, 0xFF, 0x0D, 0x00, 0x00, 0x00, 0x00, 0x00, 0x00, 0xE0, 0xFF,
  0xFF, 0xFF, 0xDF, 0x00, 0x00, 0x00, 0x00, 0x00, 0xFF, 0xFF, 0xFF, 0xFF, 0xFF, 0xFF, 0x0E, 0x00,
  0x00, 0x00, 0xF0, 0xFF, 0xFF, 0xFF, 0xFF, 0xFF, 0xFF, 0xEF, 0x00, 0x00, 0x00, 0xFF, 0xFF, 0xFF,
  0xFF, 0xFF, 0xFF, 0xFF, 0xEF, 0x00, 0x00, 0xF0, 0xFF, 0xFF, 0xFF, 0xFF, 0xFF, 0xFF, 0xFF, 0xDF,
  0x00, 0x00, 0xFF, 0xFF, 0x0F, 0x00, 0x00, 0xFD, 0xFF, 0xFF, 0x0F, 0x00, 0xF0, 0xFF, 0xFF, 0x00,
  0x00, 0x00, 0xF0, 0xFF, 0xFF, 0x00, 0x00, 0xFF, 0xFF, 0x0F, 0x00, 0x00, 0x00, 0xFF, 0xFF, 0xEF,
  0x00, 0xF0, 0xFF, 0xFF, 0x00, 0x00, 0x00, 0xE0, 0xFF, 0xFF, 0x0E, 0x00, 0xFF, 0xFF, 0x0F, 0x00,
  0x00, 0x00, 0xFE, 0xFF, 0xEF, 0x00, 0xF0, 0xFF, 0xFF, 0x00, 0x00, 0x00, 0xF0, 0xFF, 0xFF, 0x0E,
  0x00, 0xFF, 0xFF, 0x0F, 0x00, 0x00, 0x00, 0xFF, 0xFF, 0x0F, 0x00, 0xF0, 0xFF, 0xFF, 0x00, 0x00,
  0xD0, 0xFF, 0xFF, 0xFF, 0x00, 0x00, 0xFF, 0xFF, 0xFF, 0xFF, 0xFF, 0xFF, 0xFF, 0xFF, 0x0D, 0x00,
  0xF0, 0xFF, 0xFF, 0xFF, 0xFF, 0xFF, 0xFF, 0xFF, 0x0F, 0x00, 0x00, 0xFF, 0xFF, 0xFF, 0xFF, 0xFF,
  0xFF, 0xFF, 0x0E, 0x00, 0x00, 0xF0, 0xFF, 0xFF, 0xFF, 0xFF, 0xFF, 0xEF, 0x00, 0x00, 0x00, 0x00,
  0xFF, 0xFF, 0x0F, 0x00, 0x00, 0x00, 0x00, 0x00, 0x00, 0x00, 0xF0, 0xFF, 0xFF, 0x00, 0x00, 0x00,
  0x00, 0x00, 0x00, 0x00, 0x00, 0xFF, 0xFF, 0x0F, 0x00, 0x00, 0x00, 0x00, 0x00, 0x00, 0x00, 0xF0,
  0xFF, 0xFF, 0x00, 0x00, 0x00, 0x00, 0x00, 0x00, 0x00, 0x00, 0xFF, 0xFF, 0x0F, 0x00, 0x00, 0x00,
  0x00, 0x00, 0x00, 0x00, 0xF0, 0xFF, 0xFF, 0x00, 0x00, 0x00, 0x00, 0x00, 0x00, 0x00, 0x00, 0xFF,
  0xFF, 0x0F, 0x00, 0x00, 0x00, 0x00, 0x00, 0x00, 0x00, 0xF0, 0xFF, 0xFF, 0x00, 0x00, 0x00, 0x00,
  0x00, 0x00, 0x00, 0x00, 0x00, 0x00, 0x00, 0xFE, 0xFF, 0xFF, 0xFF, 0x0D, 0x00, 0x00, 0x00, 0x00,
  0x00, 0x00, 0xE0, 0xFF, 0xFF, 0xFF, 0xFF, 0xFF, 0x0F, 0x00, 0x00, 0x00, 0x00, 0x00, 0xF0, 0xFF,
  0xFF, 0xFF, 0xFF, 0xFF, 0xFF, 0xEF, 0x00, 0x00, 0x00, 0x00, 0xF0, 0xFF, 0xFF, 0xFF, 0xFF, 0xFF,
  0xFF, 0xFF, 0xEF, 0x00, 0x00, 0x00, 0xE0, 0xFF, 0xFF, 0xFF, 0x00, 0x00, 0xFD, 0xFF, 0xFF, 0x0F,
  0x00, 0x00, 0x00, 0xFF, 0xFF, 0xEF, 0x00, 0x00, 0x00, 0xF0, 0xFF, 0xFF, 0x0F, 0x00, 0x00, 0xFF,
  0xFF, 0xFF, 0x00, 0x00, 0x00, 0x00, 0xF0, 0xFF, 0xFF, 0x00, 0x00, 0xF0, 0xFF, 0xFF, 0x00, 0x00,
  0x00, 0x00, 0x00, 0xFE, 0xFF, 0xFF, 0x00, 0x00, 0xFF, 0xFF, 0x0F, 0x00, 0x00, 0x00, 0x00, 0x00,
  0xFF, 0xFF, 0x0F, 0x00, 0xFE, 0xFF, 0xFF, 0x00, 0x00, 0x00, 0x00, 0x00, 0xF0, 0xFF, 0xFF, 0x00,
  0xE0, 0xFF, 0xFF, 0x0E, 0x00, 0x00, 0x00, 0x00, 0x00, 0xFF, 0xFF, 0x0F, 0x00, 0xFF, 0xFF, 0xEF,
  0x00, 0x00, 0x00, 0x00, 0x00, 0xF0, 0xFF, 0xFF, 0x00, 0xF0, 0xFF, 0xFF, 0x0E, 0x00, 0x00, 0x00,
  0x00, 0x00, 0xFF, 0xFF, 0x0F, 0x00, 0xFE, 0xFF, 0xEF, 0x00, 0x00, 0x00, 0x00, 0x00, 0xF0, 0xFF,
  0xFF, 0x00, 0xE0, 0xFF, 0xFF, 0x0F, 0x00, 0x00, 0x00, 0x00, 0x00, 0xFF, 0xFF, 0x0F, 0x00, 0xF0,
  0xFF, 0xFF, 0x00, 0x00, 0x00, 0x00, 0x00, 0xF0, 0xFF, 0xFF, 0x00, 0x00, 0xFF, 0xFF, 0x0F, 0x00,
  0xF0, 0xFF, 0xEF, 0xE0, 0xFF, 0xFF, 0x0F, 0x00, 0xF0, 0xFF, 0xFF, 0x0F, 0x00, 0xF0, 0xFF, 0xDF,
  0xFF, 0xFF, 0xDF, 0x00, 0x00, 0xF0, 0xFF, 0xFF, 0x0E, 0x00, 0xFD, 0xFF, 0xFF, 0xFF, 0xFF, 0x00,
  0x00, 0x00, 0xFE, 0xFF, 0xFF, 0x0F, 0x00, 0xFF, 0xFF, 0xFF, 0xFF, 0x0D, 0x00, 0x00, 0x00, 0xFF,
  0xFF, 0xFF, 0xFF, 0xFF, 0xFF, 0xFF, 0xFF, 0x0F, 0x00, 0x00, 0x00, 0x00, 0xFF, 0xFF, 0xFF, 0xFF,
  0xFF, 0xFF, 0xFF, 0x0F, 0x00, 0x00, 0x00, 0x00, 0x00, 0xFE, 0xFF, 0xFF, 0xFF, 0xFF, 0xFF, 0xFF,
  0x0D, 0x00, 0x00, 0x00, 0x00, 0x00, 0xE0, 0xFF, 0xFF, 0xFF, 0xFF, 0xFF, 0xFF, 0x0D, 0x00, 0x00,
  0x00, 0x00, 0x00, 0x00, 0x00, 0x00, 0x00, 0xE0, 0xFF, 0xFF, 0x00, 0x00, 0x00, 0x00, 0x00, 0x00,
  0x00, 0x00, 0x00, 0x00, 0xE0, 0xEE, 0xEE, 0x00, 0x00, 0xFF, 0xFF, 0xFF, 0xFF, 0xFF, 0xFF, 0x0E,
  0x00, 0x00, 0x00, 0xF0, 0xFF, 0xFF, 0xFF, 0xFF, 0xFF, 0xFF, 0xEF, 0x00, 0x00, 0x00, 0xFF, 0xFF,
  0xFF, 0xFF, 0xFF, 0xFF, 0xFF, 0xFF, 0x00, 0x00, 0xF0, 0xFF, 0xFF, 0xFF, 0xFF, 0xFF, 0xFF, 0xFF,
  0xEF, 0x00, 0x00, 0xFF, 0xFF, 0x0F, 0x00, 0x00, 0xF0, 0xFF, 0xFF, 0x0F, 0x00, 0xF0, 0xFF, 0xFF,
  0x00, 0x00, 0x00, 0xF0, 0xFF, 0xFF, 0x00, 0x00, 0xFF, 0xFF, 0x0F, 0x00, 0x00, 0x00, 0xFF, 0xFF,
  0xEF, 0x00, 0xF0, 0xFF, 0xFF, 0x00, 0x00, 0x00, 0xE0, 0xFF, 0xFF, 0x0E, 0x00, 0xFF, 0xFF, 0x0F,
  0x00, 0x00, 0x00, 0xFE, 0xFF, 0xEF, 0x00, 0xF0, 0xFF, 0xFF, 0x00, 0x00, 0x00, 0xF0, 0xFF, 0xFF,
  0x0E, 0x00, 0xFF, 0xFF, 0x0F, 0x00, 0x00, 0x00, 0xFF, 0xFF, 0xDF, 0x00, 0xF0, 0xFF, 0xFF, 0x00,
  0x00, 0xE0, 0xFF, 0xFF, 0xFF, 0x00, 0x00, 0xFF, 0xFF, 0xFF, 0xFF, 0xFF, 0xFF, 0xFF, 0xFF, 0x0D,
  0x00, 0xF0, 0xFF, 0xFF, 0xFF, 0xFF, 0xFF, 0xFF, 0xFF, 0x0E, 0x00, 0x00, 0xFF, 0xFF, 0xFF, 0xFF,
  0xFF, 0xFF, 0xFF, 0x0D, 0x00, 0x00, 0xF0, 0xFF, 0xFF, 0xFF, 0xFF, 0xFF, 0xFF, 0x0F, 0x00, 0x00,
  0x00, 0xFF, 0xFF, 0x0F, 0x00, 0xF0, 0xFF, 0xFF, 0x0D, 0x00, 0x00, 0xF0, 0xFF, 0xFF, 0x00, 0x00,
  0xFE, 0xFF, 0xFF, 0x00, 0x00, 0x00, 0xFF, 0xFF, 0x0F, 0x00, 0x00, 0xFF, 0xFF, 0xEF, 0x00, 0x00,
  0xF0, 0xFF, 0xFF, 0x00, 0x00, 0xE0, 0xFF, 0xFF, 0x0F, 0x00, 0x00, 0xFF, 0xFF, 0x0F, 0x00, 0x00,
  0xF0, 0xFF, 0xFF, 0x0E, 0x00, 0xF0, 0xFF, 0xFF, 0x00, 0x00, 0x00, 0xFD, 0xFF, 0xFF, 0x00, 0x00,
  0xFF, 0xFF, 0x0F, 0x00, 0x00, 0x00, 0xFF, 0xFF, 0xFF, 0x00, 0xF0, 0xFF, 0xFF, 0x00, 0x00, 0x00,
  0xD0, 0xFF, 0xFF, 0x0F, 0x00, 0x00, 0x00, 0xFD, 0xFF, 0xFF, 0xFF, 0x0E, 0x00, 0x00, 0x00, 0x00,
  0x00, 0xFF, 0xFF, 0xFF, 0xFF, 0xFF, 0xEF, 0x00, 0x00, 0x00, 0x00, 0xFF, 0xFF, 0xFF, 0xFF, 0xFF,
  0xFF, 0xEF, 0x00, 0x00, 0x00, 0xFF, 0xFF, 0xFF, 0xFF, 0xFF, 0xFF, 0xFF, 0xEF, 0x00, 0x00, 0xFF,
  0xFF, 0xFF, 0x0D, 0x00, 0xF0, 0xFF, 0xFF, 0x0F, 0x00, 0xF0, 0xFF, 0xFF, 0x00, 0x00, 0x00, 0xF0,
  0xFF, 0xFF, 0x00, 0x00, 0xFF, 0xFF, 0x0F, 0x00, 0x00, 0x00, 0xFE, 0xFF, 0xDF, 0x00, 0xF0, 0xFF,
  0xFF, 0x00, 0x00, 0x00, 0x00, 0x00, 0x00, 0x00, 0x00, 0xFF, 0xFF, 0xFF, 0x0D, 0x00, 0x00, 0x00,
  0x00, 0x00, 0x00, 0xF0, 0xFF, 0xFF, 0xFF, 0xFF, 0x0D, 0x00, 0x00, 0x00, 0x00, 0x00, 0xF0, 0xFF,
  0xFF, 0xFF, 0xFF, 0xFF, 0x0E, 0x00, 0x00, 0x00, 0x00, 0xFD, 0xFF, 0xFF, 0xFF, 0xFF, 0xFF, 0xEF,
  0x00, 0x00, 0x00, 0x00, 0xF0, 0xFF, 0xFF, 0xFF, 0xFF, 0xFF, 0xFF, 0x00, 0x00, 0x00, 0x00, 0x00,
  0xFE, 0xFF, 0xFF, 0xFF, 0xFF, 0xFF, 0x00, 0x00, 0x00, 0x00, 0x00, 0x00, 0xE0, 0xFF, 0xFF, 0xFF,
  0x0F, 0x00, 0x00, 0x00, 0x00, 0x00, 0x00, 0x00, 0xFD, 0xFF, 0xFF, 0x0E, 0xD0, 0xEE, 0xEE, 0x00,
  0x00, 0x00, 0x00, 0xFE, 0xFF, 0xFF, 0x00, 0xFF, 0xFF, 0x0F, 0x00, 0x00, 0x00, 0xD0, 0xFF, 0xFF,
  0x0F, 0xE0, 0xFF, 0xFF, 0x0F, 0x00, 0x00, 0x00, 0xFF, 0xFF, 0xEF, 0x00, 0xF0, 0xFF, 0xFF, 0x0F,
  0x00, 0x00, 0xFF, 0xFF, 0xFF, 0x00, 0x00, 0xFF, 0xFF, 0xFF, 0xFF, 0xFF, 0xFF, 0xFF, 0xFF, 0x0F,
  0x00, 0x00, 0xFF, 0xFF, 0xFF, 0xFF, 0xFF, 0xFF, 0xFF, 0x0F, 0x00, 0x00, 0x00, 0xFE, 0xFF, 0xFF,
  0xFF, 0xFF, 0xFF, 0x0F, 0x00, 0x00, 0x00, 0x00, 0xE0, 0xFF, 0xFF, 0xFF, 0xEF, 0x00, 0x00, 0x00,
  0xF0, 0xFF, 0xFF, 0xFF, 0xFF, 0xFF, 0xFF, 0xFF, 0xFF, 0xFF, 0x0D, 0xFF, 0xFF, 0xFF, 0xFF, 0xFF,
  0xFF, 0xFF, 0xFF, 0xFF, 0xDF, 0xF0, 0xFF, 0xFF, 0xFF, 0xFF, 0xFF, 0xFF, 0xFF, 0xFF, 0xFF, 0x0D,
  0xFF, 0xFF, 0xFF, 0xFF, 0xFF, 0xFF, 0xFF, 0xFF, 0xFF, 0x0F, 0x00, 0x00, 0x00, 0x00, 0xFF, 0xFF,
  0x0F, 0x00, 0x00, 0x00, 0x00, 0x00, 0x00, 0x00, 0xF0, 0xFF, 0xFF, 0x00, 0x00, 0x00, 0x00, 0x00,
  0x00, 0x00, 0x00, 0xFF, 0xFF, 0x0F, 0x00, 0x00, 0x00, 0x00, 0x00, 0x00, 0x00, 0xF0, 0xFF, 0xFF,
  0x00, 0x00, 0x00, 0x00, 0x00, 0x00, 0x00, 0x00, 0xFF, 0xFF, 0x0F, 0x00, 0x00, 0x00, 0x00, 0x00,
  0x00, 0x00, 0xF0, 0xFF, 0xFF, 0x00, 0x00, 0x00, 0x00, 0x00, 0x00, 0x00, 0x00, 0xFF, 0xFF, 0x0F,
  0x00, 0x00, 0x00, 0x00, 0x00, 0x00, 0x00, 0xF0, 0xFF, 0xFF, 0x00, 0x00, 0x00, 0x00, 0x00, 0x00,
  0x00, 0x00, 0xFF, 0xFF, 0x0F, 0x00, 0x00, 0x00, 0x00, 0x00, 0x00, 0x00, 0xF0, 0xFF, 0xFF, 0x00,
  0x00, 0x00, 0x00, 0x00, 0x00, 0x00, 0x00, 0xFF, 0xFF, 0x0F, 0x00, 0x00, 0x00, 0x00, 0x00, 0x00,
  0x00, 0xF0, 0xFF, 0xFF, 0x00, 0x00, 0x00, 0x00, 0x00, 0x00, 0x00, 0x00, 0xFF, 0xFF, 0x0F, 0x00,
  0x00, 0x00, 0x00, 0x00, 0x00, 0x00, 0xF0, 0xFF, 0xFF, 0x00, 0x00, 0x00, 0x00, 0x00, 0x00, 0x00,
  0x00, 0xFF, 0xFF, 0x0F, 0x00, 0x00, 0x00, 0x00, 0x00, 0x00, 0x00, 0xF0, 0xFF, 0xFF, 0x00, 0x00,
  0x00, 0x00, 0x00, 0x00, 0x00, 0x00, 0xFF, 0xFF, 0x0F, 0x00, 0x00, 0x00, 0x00, 0x00, 0x00, 0x00,
  0xF0, 0xFF, 0xFF, 0x00, 0x00, 0x00, 0x00, 0x00, 0x00, 0x00, 0x00, 0xFF, 0xFF, 0x0F, 0x00, 0x00,
  0x00, 0x00, 0x00, 0x00, 0x00, 0xF0, 0xFF, 0xFF, 0x00, 0x00, 0x00, 0x00, 0x00, 0xFF, 0xFF, 0x0F,
  0x00, 0x00, 0x00, 0x00, 0xFE, 0xFF, 0xEF, 0x00, 0xF0, 0xFF, 0xFF, 0x00, 0x00, 0x00, 0x00, 0xE0,
  0xFF, 0xFF, 0x0E, 0x00, 0xFF, 0xFF, 0x0F, 0x00, 0x00, 0x00, 0x00, 0xFE, 0xFF, 0xEF, 0x00, 0xF0,
  0xFF, 0xFF, 0x00, 0x00, 0x00, 0x00, 0xE0, 0xFF, 0xFF, 0x0E, 0x00, 0xFF, 0xFF, 0x0F, 0x00, 0x00,
  0x00, 0x00, 0xFE, 0xFF, 0xEF, 0x00, 0xF0, 0xFF, 0xFF, 0x00, 0x00, 0x00, 0x00, 0xE0, 0xFF, 0xFF,
  0x0E, 0x00, 0xFF, 0xFF, 0x0F, 0x00, 0x00, 0x00, 0x00, 0xFE, 0xFF, 0xEF, 0x00, 0xF0, 0xFF, 0xFF,
  0x00, 0x00, 0x00, 0x00, 0xE0, 0xFF, 0xFF, 0x0E, 0x00, 0xFF, 0xFF, 0x0F, 0x00, 0x00, 0x00, 0x00,
  0xFE, 0xFF, 0xEF, 0x00, 0xF0, 0xFF, 0xFF, 0x00, 0x00, 0x00, 0x00, 0xE0, 0xFF, 0xFF, 0x0E, 0x00,
  0xFF, 0xFF, 0x0F, 0x00, 0x00, 0x00, 0x00, 0xFE, 0xFF, 0xEF, 0x00, 0xF0, 0xFF, 0xFF, 0x00, 0x00,
  0x00, 0x00, 0xE0, 0xFF, 0xFF, 0x0E, 0x00, 0xFF, 0xFF, 0x0F, 0x00, 0x00, 0x00, 0x00, 0xFE, 0xFF,
  0xEF, 0x00, 0xF0, 0xFF, 0xFF, 0x00, 0x00, 0x00, 0x00, 0xE0, 0xFF, 0xFF, 0x0E, 0x00, 0xFF, 0xFF,
  0x0F, 0x00, 0x00, 0x00, 0x00, 0xFE, 0xFF, 0xEF, 0x00, 0xF0, 0xFF, 0xFF, 0x00, 0x00, 0x00, 0x00,
  0xE0, 0xFF, 0xFF, 0x0E, 0x00, 0xFF, 0xFF, 0x0F, 0x00, 0x00, 0x00, 0x00, 0xFF, 0xFF, 0xDF, 0x00,
  0xF0, 0xFF, 0xFF, 0x0D, 0x00, 0x00, 0x00, 0xF0, 0xFF, 0xFF, 0x00, 0x00, 0xFE, 0xFF, 0xFF, 0x00,
  0x00, 0x00, 0xE0, 0xFF, 0xFF, 0x0F, 0x00, 0x00, 0xFF, 0xFF, 0xFF, 0x0D, 0x00, 0xF0, 0xFF, 0xFF,
  0xEF, 0x00, 0x00, 0xD0, 0xFF, 0xFF, 0xFF, 0xFF, 0xFF, 0xFF, 0xFF, 0xFF, 0x00, 0x00, 0x00, 0xE0,
  0xFF, 0xFF, 0xFF, 0xFF, 0xFF, 0xFF, 0xFF, 0x00, 0x00, 0x00, 0x00, 0x00, 0xFF, 0xFF, 0xFF, 0xFF,
  0xFF, 0xEF, 0x00, 0x00, 0x00, 0x00, 0x00, 0x00, 0xFD, 0xFF, 0xFF, 0xFF, 0x0E, 0x00, 0x00, 0x00,
  0xF0, 0xFF, 0xFF, 0x0D, 0x00, 0x00, 0x00, 0x00, 0xD0, 0xFF, 0xFF, 0x0F, 0xF0, 0xFF, 0xFF, 0x0F,
  0x00, 0x00, 0x00, 0x00, 0xF0, 0xFF, 0xFF, 0x0F, 0xE0, 0xFF, 0xFF, 0x0F, 0x00, 0x00, 0x00, 0x00,
  0xF0, 0xFF, 0xFF, 0x0D, 0x00, 0xFF, 0xFF, 0x0F, 0x00, 0x00, 0x00, 0x00, 0xFD, 0xFF, 0xFF, 0x00,
  0x00, 0xFF, 0xFF, 0xFF, 0x00, 0x00, 0x00, 0x00, 0xFF, 0xFF, 0xFF, 0x00, 0x00, 0xFE, 0xFF, 0xFF,
  0x00, 0x00, 0x00, 0x00, 0xFF, 0xFF, 0xDF, 0x00, 0x00, 0xF0, 0xFF, 0xFF, 0x00, 0x00, 0x00, 0x00,
  0xFF, 0xFF, 0x0F, 0x00, 0x00, 0xF0, 0xFF, 0xFF, 0x0E, 0x00, 0x00, 0xE0, 0xFF, 0xFF, 0x0F, 0x00,
  0x00, 0xE0, 0xFF, 0xFF, 0x0F, 0x00, 0x00, 0xF0, 0xFF, 0xFF, 0x0D, 0x00, 0x00, 0x00, 0xFF, 0xFF,
  0x0F, 0x00, 0x00, 0xF0, 0xFF, 0xFF, 0x00, 0x00, 0x00, 0x00, 0xFF, 0xFF, 0xEF, 0x00, 0x00, 0xFE,
  0xFF, 0xFF, 0x00, 0x00, 0x00, 0x00, 0xFE, 0xFF, 0xFF, 0x00, 0x00, 0xFF, 0xFF, 0xDF, 0x00, 0x00,
  0x00, 0x00, 0xF0, 0xFF, 0xFF, 0x00, 0x00, 0xFF, 0xFF, 0x0F, 0x00, 0x00, 0x00, 0x00, 0xF0, 0xFF,
  0xFF, 0x0E, 0xD0, 0xFF, 0xFF, 0x0F, 0x00, 0x00, 0x00, 0x00, 0xD0, 0xFF, 0xFF, 0x0F, 0xF0, 0xFF,
  0xFF, 0x0D, 0x00, 0x00, 0x00, 0x00, 0x00, 0xFF, 0xFF, 0x0F, 0xF0, 0xFF, 0xFF, 0x00, 0x00, 0x00,
  0x00, 0x00, 0x00, 0xFF, 0xFF, 0x0F, 0xF0, 0xFF, 0xFF, 0x00, 0x00, 0x00, 0x00, 0x00, 0x00, 0xFD,
  0xFF, 0xEF, 0xFD, 0xFF, 0xDF, 0x00, 0x00, 0x00, 0x00, 0x00, 0x00, 0xF0, 0xFF, 0xFF, 0xFF, 0xFF,
  0x0F, 0x00, 0x00, 0x00, 0x00, 0x00, 0x00, 0xF0, 0xFF, 0xFF, 0xFF, 0xFF, 0x0F, 0x00, 0x00, 0x00,
  0x00, 0x00, 0x00, 0xD0, 0xFF, 0xFF, 0xFF, 0xFF, 0x0E, 0x00, 0x00, 0x00, 0x00, 0x00, 0x00, 0x00,
  0xFF, 0xFF, 0xFF, 0xFF, 0x00, 0x00, 0x00, 0x00, 0x00, 0x00, 0x00, 0x00, 0xFF, 0xFF, 0xFF, 0xFF,
  0x00, 0x00, 0x00, 0x00, 0x00, 0x00, 0x00, 0x00, 0xFD, 0xFF, 0xFF, 0xEF, 0x00, 0x00, 0x00, 0x00,
  0xF0, 0xFF, 0xFF, 0x00, 0x00, 0x00, 0x00, 0xFF, 0xFF, 0xDF, 0x00, 0x00, 0x00, 0xF0, 0xFF, 0xFF,
  0x0D, 0xFF, 0xFF, 0xDF, 0x00, 0x00, 0x00, 0xFD, 0xFF, 0xFF, 0x0E, 0x00, 0x00, 0x00, 0xFF, 0xFF,
  0x0F, 0xF0, 0xFF, 0xFF, 0x0F, 0x00, 0x00, 0xE0, 0xFF, 0xFF, 0xFF, 0x00, 0x00, 0x00, 0xFE, 0xFF,
  0xFF, 0x00, 0xFE, 0xFF, 0xFF, 0x00, 0x00, 0x00, 0xFF, 0xFF, 0xFF, 0x0F, 0x00, 0x00, 0xF0, 0xFF,
  0xFF, 0x0F, 0x00, 0xFF, 0xFF, 0x0F, 0x00, 0x00, 0xF0, 0xFF, 0xFF, 0xFF, 0x00, 0x00, 0x00, 0xFF,
  0xFF, 0xDF, 0x00, 0xF0, 0xFF, 0xFF, 0x0D, 0x00, 0xD0, 0xFF, 0xFF, 0xFF, 0xEF, 0x00, 0x00, 0xF0,
  0xFF, 0xFF, 0x00, 0x00, 0xFF, 0xFF, 0xEF, 0x00, 0x00, 0xFE, 0xFF, 0xFF, 0xFF, 0x0F, 0x00, 0xD0,
  0xFF, 0xFF, 0x0F, 0x00, 0xD0, 0xFF, 0xFF, 0x0F, 0x00, 0xF0, 0xFF, 0xFF, 0xFF, 0xFF, 0x00, 0x00,
  0xFE, 0xFF, 0xEF, 0x00, 0x00, 0xF0, 0xFF, 0xFF, 0x00, 0x00, 0xFF, 0xFF, 0xFD, 0xFF, 0x0F, 0x00,
  0xF0, 0xFF, 0xFF, 0x0D, 0x00, 0x00, 0xFF, 0xFF, 0x0F, 0x00, 0xF0, 0xFF, 0x0F, 0xFF, 0xFF, 0x0E,
  0x00, 0xFF, 0xFF, 0x0F, 0x00, 0x00, 0xF0, 0xFF, 0xFF, 0x0E, 0xE0, 0xFF, 0xFF, 0xF0, 0xFF, 0xFF,
  0x00, 0xF0, 0xFF, 0xFF, 0x00, 0x00, 0x00, 0xFD, 0xFF, 0xFF, 0x00, 0xFF, 0xFF, 0x0F, 0xFE, 0xFF,
  0x0F, 0xE0, 0xFF, 0xFF, 0x0E, 0x00, 0x00, 0x00, 0xFF, 0xFF, 0x0F, 0xF0, 0xFF, 0xEF, 0xD0, 0xFF,
  0xFF, 0x00, 0xFF, 0xFF, 0x0F, 0x00, 0x00, 0x00, 0xF0, 0xFF, 0xFF, 0x00, 0xFF, 0xFF, 0x00, 0xF0,
  0xFF, 0xDF, 0xF0, 0xFF, 0xFF, 0x00, 0x00, 0x00, 0x00, 0xFE, 0xFF, 0x0F, 0xFD, 0xFF, 0x0F, 0x00,
  0xFF, 0xFF, 0x0E, 0xFF, 0xFF, 0x0F, 0x00, 0x00, 0x00, 0xD0, 0xFF, 0xFF, 0xEE, 0xFF, 0xFF, 0x00,
  0xE0, 0xFF, 0xFF, 0xF0, 0xFF, 0xEF, 0x00, 0x00, 0x00, 0x00, 0xF0, 0xFF, 0xFF, 0xFF, 0xFF, 0x0E,
  0x00, 0xF0, 0xFF, 0xEF, 0xFF, 0xFF, 0x00, 0x00, 0x00, 0x00, 0x00, 0xFF, 0xFF, 0xFF, 0xFF, 0x0F,
  0x00, 0x00, 0xFF, 0xFF, 0xFF, 0xFF, 0x0F, 0x00, 0x00, 0x00, 0x00, 0xE0, 0xFF, 0xFF, 0xFF, 0xFF,
  0x00, 0x00, 0xF0, 0xFF, 0xFF, 0xFF, 0xFF, 0x00, 0x00, 0x00, 0x00, 0x00, 0xF0, 0xFF, 0xFF, 0xFF,
  0x0F, 0x00, 0x00, 0xFE, 0xFF, 0xFF, 0xFF, 0x0E, 0x00, 0x00, 0x00, 0x00, 0x00, 0xFF, 0xFF, 0xFF,
  0xEF, 0x00, 0x00, 0x00, 0xFF, 0xFF, 0xFF, 0x0F, 0x00, 0x00, 0x00, 0x00, 0x00, 0xF0, 0xFF, 0xFF,
  0xFF, 0x00, 0x00, 0x00, 0xF0, 0xFF, 0xFF, 0xFF, 0x00, 0x00, 0x00, 0x00, 0x00, 0x00, 0xFE, 0xFF,
  0xFF, 0x0F, 0x00, 0x00, 0x00, 0xFF, 0xFF, 0xFF, 0x0F, 0x00, 0x00, 0x00, 0x00, 0x00, 0x00, 0xFF,
  0xFF, 0xFF, 0x00, 0x00, 0x00, 0xE0, 0xFF, 0xFF, 0xDF, 0x00, 0x00, 0x00, 0x00, 0xFF, 0xFF, 0xEF,
  0x00, 0x00, 0x00, 0x00, 0xFF, 0xFF, 0xFF, 0x00, 0x00, 0xFE, 0xFF, 0xFF, 0x00, 0x00, 0x00, 0xD0,
  0xFF, 0xFF, 0xDF, 0x00, 0x00, 0xF0, 0xFF, 0xFF, 0x0F, 0x00, 0x00, 0xF0, 0xFF, 0xFF, 0x0F, 0x00,
  0x00, 0xD0, 0xFF, 0xFF, 0xDF, 0x00, 0x00, 0xFE, 0xFF, 0xFF, 0x00, 0x00, 0x00, 0x00, 0xFF, 0xFF,
  0xFF, 0x00, 0x00, 0xFF, 0xFF, 0xDF, 0x00, 0x00, 0x00, 0x00, 0xF0, 0xFF, 0xFF, 0x0E, 0xF0, 0xFF,
  0xFF, 0x0F, 0x00, 0x00, 0x00, 0x00, 0xD0, 0xFF, 0xFF, 0x0F, 0xF0, 0xFF, 0xFF, 0x00, 0x00, 0x00,
  0x00, 0x00, 0x00, 0xFF, 0xFF, 0xEF, 0xFF, 0xFF, 0xEF, 0x00, 0x00, 0x00, 0x00, 0x00, 0x00, 0xF0,
  0xFF, 0xFF, 0xFF, 0xFF, 0x0F, 0x00, 0x00, 0x00, 0x00, 0x00, 0x00, 0xE0, 0xFF, 0xFF, 0xFF, 0xFF,
  0x00, 0x00, 0x00, 0x00, 0x00, 0x00, 0x00, 0x00, 0xFF, 0xFF, 0xFF, 0xEF, 0x00, 0x00, 0x00, 0x00,
  0x00, 0x00, 0x00, 0x00, 0xF0, 0xFF, 0xFF, 0x0F, 0x00, 0x00, 0x00, 0x00, 0x00, 0x00, 0x00, 0x00,
  0xFD, 0xFF, 0xFF, 0x0F, 0x00, 0x00, 0x00, 0x00, 0x00, 0x00, 0x00, 0x00, 0xFF, 0xFF, 0xFF, 0xFF,
  0x00, 0x00, 0x00, 0x00, 0x00, 0x00, 0x00, 0xF0, 0xFF, 0xFF, 0xFF, 0xFF, 0x0E, 0x00, 0x00, 0x00,
  0x00, 0x00, 0x00, 0xFE, 0xFF, 0xFF, 0xFF, 0xFF, 0x0F, 0x00, 0x00, 0x00, 0x00, 0x00, 0x00, 0xFF,
  0xFF, 0xDF, 0xFF, 0xFF, 0xFF, 0x00, 0x00, 0x00, 0x00, 0x00, 0xF0, 0xFF, 0xFF, 0x0F, 0xF0, 0xFF,
  0xFF, 0x0E, 0x00, 0x00, 0x00, 0x00, 0xFE, 0xFF, 0xFF, 0x00, 0xE0, 0xFF, 0xFF, 0x0F, 0x00, 0x00,
  0x00, 0x00, 0xFF, 0xFF, 0xEF, 0x00, 0x00, 0xFF, 0xFF, 0xFF, 0x00, 0x00, 0x00, 0xF0, 0xFF, 0xFF,
  0x0F, 0x00, 0x00, 0xF0, 0xFF, 0xFF, 0x0E, 0x00, 0x00, 0xFE, 0xFF, 0xFF, 0x00, 0x00, 0x00, 0xE0,
  0xFF, 0xFF, 0x0F, 0x00, 0xD0, 0xFF, 0xFF, 0xEF, 0x00, 0x00, 0x00, 0x00, 0xFF, 0xFF, 0xFF, 0x00,
  0xF0, 0xFF, 0xFF, 0x0F, 0x00, 0x00, 0x00, 0x00, 0xF0, 0xFF, 0xFF, 0x0E, 0xF0, 0xFF, 0xFF, 0x0F,
  0x00, 0x00, 0x00, 0x00, 0xFD, 0xFF, 0xFF, 0x0E, 0xFE, 0xFF, 0xFF, 0x00, 0x00, 0x00, 0x00, 0xF0,
  0xFF, 0xFF, 0x0F, 0x00, 0xFF, 0xFF, 0xFF, 0x00, 0x00, 0x00, 0xD0, 0xFF, 0xFF, 0xDF, 0x00, 0xD0,
  0xFF, 0xFF, 0x0F, 0x00, 0x00, 0x00, 0xFF, 0xFF, 0xFF, 0x00, 0x00, 0xF0, 0xFF, 0xFF, 0x0F, 0x00,
  0x00, 0xFD, 0xFF, 0xFF, 0x00, 0x00, 0x00, 0xF0, 0xFF, 0xFF, 0x0D, 0x00, 0xF0, 0xFF, 0xFF, 0x0F,
  0x00, 0x00, 0x00, 0xFF, 0xFF, 0xFF, 0x00, 0xD0, 0xFF, 0xFF, 0x0F, 0x00, 0x00, 0x00, 0x00, 0xFF,
  0xFF, 0xDF, 0x00, 0xFF, 0xFF, 0xEF, 0x00, 0x00, 0x00, 0x00, 0xE0, 0xFF, 0xFF, 0x0F, 0xFD, 0xFF,
  0xFF, 0x00, 0x00, 0x00, 0x00, 0x00, 0xF0, 0xFF, 0xFF, 0xF0, 0xFF, 0xFF, 0x0D, 0x00, 0x00, 0x00,
  0x00, 0x00, 0xFD, 0xFF, 0xFF, 0xFF, 0xFF, 0x0F, 0x00, 0x00, 0x00, 0x00, 0x00, 0x00, 0xFF, 0xFF,
  0xFF, 0xFF, 0x0F, 0x00, 0x00, 0x00, 0x00, 0x00, 0x00, 0x00, 0xFF, 0xFF, 0xFF, 0xFF, 0x00, 0x00,
  0x00, 0x00, 0x00, 0x00, 0x00, 0xF0, 0xFF, 0xFF, 0xFF, 0x00, 0x00, 0x00, 0x00, 0x00, 0x00, 0x00,
  0x00, 0xF0, 0xFF, 0xFF, 0x0E, 0x00, 0x00, 0x00, 0x00, 0x00, 0x00, 0x00, 0x00, 0xFF, 0xFF, 0x0F,
  0x00, 0x00, 0x00, 0x00, 0x00, 0x00, 0x00, 0x00, 0xF0, 0xFF, 0xFF, 0x00, 0x00, 0x00, 0x00, 0x00,
  0x00, 0x00, 0x00, 0x00, 0xFF, 0xFF, 0x0F, 0x00, 0x00, 0x00, 0x00, 0x00, 0x00, 0x00, 0x00, 0xF0,
  0xFF, 0xFF, 0x00, 0x00, 0x00, 0x00, 0x00, 0x00, 0x00, 0x00, 0x00, 0xFF, 0xFF, 0x0F, 0x00, 0x00,
  0x00, 0x00, 0x00, 0x00, 0x00, 0x00, 0xF0, 0xFF, 0xFF, 0x00, 0x00, 0x00, 0x00, 0x00, 0x00, 0x00,
  0x00, 0x00, 0xFF, 0xFF, 0x0F, 0x00, 0x00, 0x00, 0x00, 0x00, 0x00, 0x00, 0x00, 0xF0, 0xFF, 0xFF,
  0x00, 0x00, 0x00, 0x00, 0x00, 0x00, 0x00, 0x00, 0x00, 0xFF, 0xFF, 0x0F, 0x00, 0x00, 0x00, 0x00,
  0xD0, 0xFF, 0xFF, 0xFF, 0xFF, 0xFF, 0xFF, 0xFF, 0xFF, 0xEF, 0x00, 0xFD, 0xFF, 0xFF, 0xFF, 0xFF,
  0xFF, 0xFF, 0xFF, 0xFF, 0x0E, 0xD0, 0xFF, 0xFF, 0xFF, 0xFF, 0xFF, 0xFF, 0xFF, 0xFF, 0xEF, 0x00,
  0xFD, 0xFF, 0xFF, 0xFF, 0xFF, 0xFF, 0xFF, 0xFF, 0xFF, 0x00, 0x00, 0x00, 0x00, 0x00, 0x00, 0x00,
  0xF0, 0xFF, 0xFF, 0x0D, 0x00, 0x00, 0x00, 0x00, 0x00, 0x00, 0xF0, 0xFF, 0xFF, 0x0F, 0x00, 0x00,
  0x00, 0x00, 0x00, 0x00, 0xD0, 0xFF, 0xFF, 0x0F, 0x00, 0x00, 0x00, 0x00, 0x00, 0x00, 0x00, 0xFF,
  0xFF, 0xDF, 0x00, 0x00, 0x00, 0x00, 0x00, 0x00, 0x00, 0xFF, 0xFF, 0xFF, 0x00, 0x00, 0x00, 0x00,
  0x00, 0x00, 0x00, 0xFE, 0xFF, 0xFF, 0x00, 0x00, 0x00, 0x00, 0x00, 0x00, 0x00, 0xF0, 0xFF, 0xFF,
  0x0D, 0x00, 0x00, 0x00, 0x00, 0x00, 0x00, 0xF0, 0xFF, 0xFF, 0x0F, 0x00, 0x00, 0x00, 0x00, 0x00,
  0x00, 0xE0, 0xFF, 0xFF, 0x0F, 0x00, 0x00, 0x00, 0x00, 0x00, 0x00, 0x00, 0xFF, 0xFF, 0xDF, 0x00,
  0x00, 0x00, 0x00, 0x00, 0x00, 0x00, 0xFF, 0xFF, 0xFF, 0x00, 0x00, 0x00, 0x00, 0x00, 0x00, 0x00,
  0xFE, 0xFF, 0xFF, 0x00, 0x00, 0x00, 0x00, 0x00, 0x00, 0x00, 0xF0, 0xFF, 0xFF, 0x0D, 0x00, 0x00,
  0x00, 0x00, 0x00, 0x00, 0xF0, 0xFF, 0xFF, 0x0F, 0x00, 0x00, 0x00, 0x00, 0x00, 0x00, 0xE0, 0xFF,
  0xFF, 0x0F, 0x00, 0x00, 0x00, 0x00, 0x00, 0x00, 0x00, 0xFF, 0xFF, 0x0F, 0x00, 0x00, 0x00, 0x00,
  0x00, 0x00, 0x00, 0xFF, 0xFF, 0xFF, 0xFF, 0xFF, 0xFF, 0xFF, 0xFF, 0xEF, 0x00, 0xF0, 0xFF, 0xFF,
  0xFF, 0xFF, 0xFF, 0xFF, 0xFF, 0xFF, 0x0F, 0xD0, 0xFF, 0xFF, 0xFF, 0xFF, 0xFF, 0xFF, 0xFF, 0xFF,
  0xFF, 0x00, 0xFD, 0xFF, 0xFF, 0xFF, 0xFF, 0xFF, 0xFF, 0xFF, 0xFF, 0x0F, 0x00, 0xF0, 0xFF, 0xFF,
  0xFF, 0x0E, 0x00, 0xF0, 0xFF, 0xFF, 0xFF, 0x0E, 0x00, 0xF0, 0xFF, 0xFF, 0xFF, 0x0E, 0x00, 0xF0,
  0xFF, 0xFF, 0xFF, 0x0E, 0x00, 0xF0, 0xFF, 0xEF, 0x00, 0x00, 0x00, 0xF0, 0xFF, 0xEF, 0x00, 0x00,
  0x00, 0xF0, 0xFF, 0xEF, 0x00, 0x00, 0x00, 0xF0, 0xFF, 0xEF, 0x00, 0x00, 0x00, 0xF0, 0xFF, 0xEF,
  0x00, 0x00, 0x00, 0xF0, 0xFF, 0xEF, 0x00, 0x00, 0x00, 0xF0, 0xFF, 0xEF, 0x00, 0x00, 0x00, 0xF0,
  0xFF, 0xEF, 0x00, 0x00, 0x00, 0xF0, 0xFF, 0xEF, 0x00, 0x00, 0x00, 0xF0, 0xFF, 0xEF, 0x00, 0x00,
  0x00, 0xF0, 0xFF, 0xEF, 0x00, 0x00, 0x00, 0xF0, 0xFF, 0xEF, 0x00, 0x00, 0x00, 0xF0, 0xFF, 0xEF,
  0x00, 0x00, 0x00, 0xF0, 0xFF, 0xEF, 0x00, 0x00, 0x00, 0xF0, 0xFF, 0xEF, 0x00, 0x00, 0x00, 0xF0,
  0xFF, 0xEF, 0x00, 0x00, 0x00, 0xF0, 0xFF, 0xEF, 0x00, 0x00, 0x00, 0xF0, 0xFF, 0xEF, 0x00, 0x00,
  0x00, 0xF0, 0xFF, 0xEF, 0x00, 0x00, 0x00, 0xF0, 0xFF, 0xEF, 0x00, 0x00, 0x00, 0xF0, 0xFF, 0xEF,
  0x00, 0x00, 0x00, 0xF0, 0xFF, 0xEF, 0x00, 0x00, 0x00, 0xF0, 0xFF, 0xFF, 0xFF, 0x0E, 0x00, 0xF0,
  0xFF, 0xFF, 0xFF, 0x0E, 0x00, 0xF0, 0xFF, 0xFF, 0xFF, 0x0E, 0x00, 0xF0, 0xFF, 0xFF, 0xFF, 0x0E,
  0xFD, 0xFF, 0x0D, 0x00, 0x00, 0x00, 0xFD, 0xFF, 0x0F, 0x00, 0x00, 0x00, 0xF0, 0xFF, 0x0F, 0x00,
  0x00, 0x00, 0xF0, 0xFF, 0xDF, 0x00, 0x00, 0x00, 0xF0, 0xFF, 0xFF, 0x00, 0x00, 0x00, 0xD0, 0xFF,
  0xFF, 0x00, 0x00, 0x00, 0x00, 0xFF, 0xFF, 0x00, 0x00, 0x00, 0x00, 0xFF, 0xFF, 0x0E, 0x00, 0x00,
  0x00, 0xFE, 0xFF, 0x0F, 0x00, 0x00, 0x00, 0xFD, 0xFF, 0x0F, 0x00, 0x00, 0x00, 0xF0, 0xFF, 0x0F,
  0x00, 0x00, 0x00, 0xF0, 0xFF, 0xEF, 0x00, 0x00, 0x00, 0xE0, 0xFF, 0xFF, 0x00, 0x00, 0x00, 0x00,
  0xFF, 0xFF, 0x00, 0x00, 0x00, 0x00, 0xFF, 0xFF, 0x00, 0x00, 0x00, 0x00, 0xFF, 0xFF, 0x0E, 0x00,
  0x00, 0x00, 0xFE, 0xFF, 0x0F, 0x00, 0x00, 0x00, 0xF0, 0xFF, 0x0F, 0x00, 0x00, 0x00, 0xF0, 0xFF,
  0xDF, 0x00, 0x00, 0x00, 0xF0, 0xFF, 0xEF, 0x00, 0x00, 0x00, 0xD0, 0xFF, 0xFF, 0x00, 0x00, 0x00,
  0x00, 0xFF, 0xFF, 0x00, 0x00, 0x00, 0x00, 0xFF, 0xFF, 0x0D, 0x00, 0x00, 0x00, 0xFF, 0xFF, 0x0F,
  0x00, 0x00, 0x00, 0xFD, 0xFF, 0x0F, 0x00, 0x00, 0x00, 0xF0, 0xFF, 0x0F, 0x00, 0x00, 0x00, 0xF0,
  0xFF, 0xEF, 0x00, 0x00, 0x00, 0xE0, 0xFF, 0xFF, 0x00, 0x00, 0x00, 0xD0, 0xFF, 0xFF, 0xD0, 0xFF,
  0xFF, 0xFF, 0x0F, 0x00, 0xE0, 0xFF, 0xFF, 0xFF, 0xDF, 0x00, 0xE0, 0xFF, 0xFF, 0xFF, 0xDF, 0x00,
  0xE0, 0xFF, 0xFF, 0xFF, 0xDF, 0x00, 0x00, 0x00, 0xFD, 0xFF, 0xDF, 0x00, 0x00, 0x00, 0xFD, 0xFF,
  0xDF, 0x00, 0x00, 0x00, 0xFD, 0xFF, 0xDF, 0x00, 0x00, 0x00, 0xFD, 0xFF, 0xDF, 0x00, 0x00, 0x00,
  0xFD, 0xFF, 0xDF, 0x00, 0x00, 0x00, 0xFD, 0xFF, 0xDF, 0x00, 0x00, 0x00, 0xFD, 0xFF, 0xDF, 0x00,
  0x00, 0x00, 0xFD, 0xFF, 0xDF, 0x00, 0x00, 0x00, 0xFD, 0xFF, 0xDF, 0x00, 0x00, 0x00, 0xFD, 0xFF,
  0xDF, 0x00, 0x00, 0x00, 0xFD, 0xFF, 0xDF, 0x00, 0x00, 0x00, 0xFD, 0xFF, 0xDF, 0x00, 0x00, 0x00,
  0xFD, 0xFF, 0xDF, 0x00, 0x00, 0x00, 0xFD, 0xFF, 0xDF, 0x00, 0x00, 0x00, 0xFD, 0xFF, 0xDF, 0x00,
  0x00, 0x00, 0xFD, 0xFF, 0xDF, 0x00, 0x00, 0x00, 0xFD, 0xFF, 0xDF, 0x00, 0x00, 0x00, 0xFD, 0xFF,
  0xDF, 0x00, 0x00, 0x00, 0xFD, 0xFF, 0xDF, 0x00, 0x00, 0x00, 0xFD, 0xFF, 0xDF, 0x00, 0x00, 0x00,
  0xFD, 0xFF, 0xDF, 0x00, 0x00, 0x00, 0xFD, 0xFF, 0xDF, 0x00, 0xD0, 0xFF, 0xFF, 0xFF, 0xDF, 0x00,
  0xE0, 0xFF, 0xFF, 0xFF, 0xDF, 0x00, 0xE0, 0xFF, 0xFF, 0xFF, 0xDF, 0x00, 0xE0, 0xFF, 0xFF, 0xFF,
  0xDF, 0x00, 0x00, 0x00, 0xE0, 0xFF, 0xFF, 0x00, 0x00, 0x00, 0x00, 0x00, 0xF0, 0xFF, 0xFF, 0x0E,
  0x00, 0x00, 0x00, 0x00, 0xFE, 0xFF, 0xFF, 0x0F, 0x00, 0x00, 0x00, 0x00, 0xFF, 0xFF, 0xFF, 0xEF,
  0x00, 0x00, 0x00, 0xD0, 0xFF, 0x0F, 0xFF, 0xFF, 0x00, 0x00, 0x00, 0xF0, 0xFF, 0x0F, 0xF0, 0xFF,
  0x0E, 0x00, 0x00, 0xFD, 0xFF, 0x0D, 0xF0, 0xFF, 0x0F, 0x00, 0x00, 0xFF, 0xFF, 0x00, 0xD0, 0xFF,
  0xDF, 0x00, 0xD0, 0xFF, 0xEF, 0x00, 0x00, 0xFF, 0xFF, 0x00, 0xF0, 0xFF, 0x0F, 0x00, 0x00, 0xFE,
  0xFF, 0x0D, 0x00, 0x00, 0x00, 0x00, 0x00, 0x00, 0x00, 0x00, 0x00, 0x00, 0x00, 0x00, 0x00, 0x00,
  0x00, 0x00, 0x00, 0x00, 0x00, 0x00, 0x00, 0x00, 0x00, 0x00, 0x00, 0x00, 0x00, 0x00, 0x00, 0x00,
  0x00, 0x00, 0x00, 0x00, 0x00, 0x00, 0x00, 0x00, 0x00, 0x00, 0x00, 0x00, 0x00, 0x00, 0x00, 0x00,
  0x00, 0x00, 0x00, 0x00, 0x00, 0x00, 0x00, 0x00, 0x00, 0x00, 0x00, 0x00, 0x00, 0x00, 0x00, 0x00,
  0x00, 0x00, 0x00, 0x00, 0x00, 0x00, 0x00, 0x00, 0x00, 0x00, 0x00, 0x00, 0x00, 0x00, 0x00, 0x00,
  0x00, 0x00, 0x00, 0x00, 0x00, 0x00, 0x00, 0x00, 0x00, 0x00, 0x00, 0x00, 0x00, 0x00, 0x00, 0x00,
  0x00, 0x00, 0x00, 0x00, 0x00, 0x00, 0x00, 0x00, 0x00, 0x00, 0xFF, 0xFF, 0xFF, 0xFF, 0xFF, 0xFF,
  0xFF, 0x0F, 0xFF, 0xFF, 0xFF, 0xFF, 0xFF, 0xFF, 0xFF, 0xDF, 0xFF, 0xFF, 0xFF, 0xFF, 0xFF, 0xFF,
  0xFF, 0xDF, 0xFF, 0xFF, 0xFF, 0xFF, 0xFF, 0xFF, 0xFF, 0xDF, 0x00, 0xF0, 0xFF, 0x0F, 0x00, 0x00,
  0x00, 0xF0, 0xFF, 0xFF, 0x00, 0x00, 0x00, 0x00, 0xFF, 0xFF, 0x00, 0x00, 0x00, 0x00, 0xFD, 0xFF,
  0x0E, 0x00, 0x00, 0x00, 0xF0, 0xFF, 0x0F, 0x00, 0x00, 0x00, 0x00, 0x00, 0x00, 0x00, 0x00, 0x00,
  0x00, 0x00, 0x00, 0x00, 0x00, 0x00, 0x00, 0x00, 0x00, 0x00, 0x00, 0x00, 0x00, 0x00, 0x00, 0x00,
  0x00, 0x00, 0x00, 0x00, 0x00, 0x00, 0x00, 0x00, 0x00, 0x00, 0x00, 0x00, 0x00, 0x00, 0x00, 0x00,
  0x00, 0x00, 0x00, 0x00, 0x00, 0x00, 0x00, 0x00, 0x00, 0x00, 0x00, 0x00, 0x00, 0x00, 0x00, 0x00,
  0x00, 0x00, 0x00, 0x00, 0x00, 0x00, 0x00, 0x00, 0x00, 0x00, 0x00, 0x00, 0x00, 0x00, 0x00, 0x00,
  0x00, 0x00, 0x00, 0x00, 0x00, 0x00, 0x00, 0x00, 0x00, 0x00, 0x00, 0x00, 0x00, 0x00, 0x00, 0x00,
  0x00, 0x00, 0x00, 0x00, 0x00, 0x00, 0x00, 0x00, 0x00, 0x00, 0x00, 0x00, 0x00, 0x00, 0x00, 0x00,
  0x00, 0x00, 0x00, 0x00, 0x00, 0x00, 0x00, 0x00, 0x00, 0x00, 0x00, 0x00, 0x00, 0x00, 0x00, 0x00,
  0x00, 0x00, 0xD0, 0xFF, 0xFF, 0xFF, 0x0E, 0x00, 0x00, 0x00, 0x00, 0xF0, 0xFF, 0xFF, 0xFF, 0xFF,
  0xEF, 0x00, 0x00, 0x00, 0xF0, 0xFF, 0xFF, 0xFF, 0xFF, 0xFF, 0xEF, 0x00, 0x00, 0xF0, 0xFF, 0xFF,
  0xFF, 0xFF, 0xFF, 0xFF, 0x0F, 0x00, 0xD0, 0xFF, 0xFF, 0x0F, 0x00, 0xF0, 0xFF, 0xFF, 0x0E, 0x00,
  0xD0, 0xFE, 0x0F, 0x00, 0x00, 0xFD, 0xFF, 0xFF, 0x00, 0x00, 0x00, 0x00, 0x00, 0x00, 0xD0, 0xFF,
  0xFF, 0x0F, 0x00, 0x00, 0x00, 0xD0, 0xEE, 0xFF, 0xFF, 0xFF, 0xFF, 0x00, 0x00, 0xD0, 0xFF, 0xFF,
  0xFF, 0xFF, 0xFF, 0xFF, 0x0F, 0x00, 0xF0, 0xFF, 0xFF, 0xFF, 0xFF, 0xFF, 0xFF, 0xFF, 0x00, 0xE0,
  0xFF, 0xFF, 0xEF, 0x0D, 0x00, 0xFF, 0xFF, 0x0F, 0x00, 0xFF, 0xFF, 0x0F, 0x00, 0x00, 0xF0, 0xFF,
  0xFF, 0x00, 0xF0, 0xFF, 0xFF, 0x00, 0x00, 0xE0, 0xFF, 0xFF, 0x0F, 0x00, 0xFF, 0xFF, 0x0F, 0x00,
  0xE0, 0xFF, 0xFF, 0xFF, 0x00, 0xF0, 0xFF, 0xFF, 0xFF, 0xFF, 0xFF, 0xFF, 0xFF, 0x0F, 0x00, 0xFD,
  0xFF, 0xFF, 0xFF, 0xFF, 0xFF, 0xFF, 0xFF, 0x00, 0x00, 0xFE, 0xFF, 0xFF, 0xFF, 0x0F, 0xFF, 0xFF,
  0x0F, 0x00, 0x00, 0xFD, 0xFF, 0xFF, 0x0E, 0xF0, 0xFF, 0xFF, 0x00, 0x00, 0xFF, 0xFF, 0x0F, 0x00,
  0x00, 0x00, 0x00, 0x00, 0x00, 0x00, 0xFF, 0xFF, 0x0F, 0x00, 0x00, 0x00, 0x00, 0x00, 0x00, 0x00,
  0xFF, 0xFF, 0x0F, 0x00, 0x00, 0x00, 0x00, 0x00, 0x00, 0x00, 0xFF, 0xFF, 0x0F, 0x00, 0x00, 0x00,
  0x00, 0x00, 0x00, 0x00, 0xFF, 0xFF, 0x0F, 0x00, 0x00, 0x00, 0x00, 0x00, 0x00, 0x00, 0xFF, 0xFF,
  0x0F, 0x00, 0x00, 0x00, 0x00, 0x00, 0x00, 0x00, 0xFF, 0xFF, 0x0F, 0xF0, 0xFF, 0xFF, 0x0E, 0x00,
  0x00, 0x00, 0xFF, 0xFF, 0x0F, 0xFF, 0xFF, 0xFF, 0xFF, 0x00, 0x00, 0x00, 0xFF, 0xFF, 0xFF, 0xFF,
  0xFF, 0xFF, 0xFF, 0x0F, 0x00, 0x00, 0xFF, 0xFF, 0xFF, 0xFF, 0xFF, 0xFF, 0xFF, 0xFF, 0x00, 0x00,
  0xFF, 0xFF, 0xFF, 0x0D, 0x00, 0xFF, 0xFF, 0xFF, 0x00, 0x00, 0xFF, 0xFF, 0xEF, 0x00, 0x00, 0xF0,
  0xFF, 0xFF, 0x0E, 0x00, 0xFF, 0xFF, 0x0F, 0x00, 0x00, 0xE0, 0xFF, 0xFF, 0x0F, 0x00, 0xFF, 0xFF,
  0x0F, 0x00, 0x00, 0x00, 0xFF, 0xFF, 0x0F, 0x00, 0xFF, 0xFF, 0x0F, 0x00, 0x00, 0x00, 0xFF, 0xFF,
  0x0F, 0x00, 0xFF, 0xFF, 0x0F, 0x00, 0x00, 0x00, 0xFF, 0xFF, 0x0F, 0x00, 0xFF, 0xFF, 0x0F, 0x00,
  0x00, 0x00, 0xFF, 0xFF, 0x0F, 0x00, 0xFF, 0xFF, 0x0F, 0x00, 0x00, 0xE0, 0xFF, 0xFF, 0x0F, 0x00,
  0xFF, 0xFF, 0xEF, 0x00, 0x00, 0xF0, 0xFF, 0xFF, 0x0E, 0x00, 0xFF, 0xFF, 0xFF, 0x0D, 0x00, 0xFF,
  0xFF, 0xFF, 0x00, 0x00, 0xFF, 0xFF, 0xFF, 0xFF, 0xFF, 0xFF, 0xFF, 0xFF, 0x00, 0x00, 0xFF, 0xFF,
  0xFF, 0xFF, 0xFF, 0xFF, 0xFF, 0x0F, 0x00, 0x00, 0xFF, 0xFF, 0x0F, 0xFF, 0xFF, 0xFF, 0xFF, 0x00,
  0x00, 0x00, 0xFF, 0xFF, 0x0F, 0xF0, 0xFF, 0xFF, 0x0E, 0x00, 0x00, 0x00, 0x00, 0x00, 0xFE, 0xFF,
  0xFF, 0xDF, 0x00, 0x00, 0x00, 0x00, 0xD0, 0xFF, 0xFF, 0xFF, 0xFF, 0xFF, 0x00, 0x00, 0x00, 0xE0,
  0xFF, 0xFF, 0xFF, 0xFF, 0xFF, 0xFF, 0x00, 0x00, 0x00, 0xFF, 0xFF, 0xFF, 0xFF, 0xFF, 0xFF, 0xFF,
  0x00, 0x00, 0xFF, 0xFF, 0xFF, 0x00, 0xD0, 0xFF, 0xFF, 0x0F, 0x00, 0xFD, 0xFF, 0xFF, 0x00, 0x00,
  0xD0, 0xFF, 0xFF, 0x0E, 0xE0, 0xFF, 0xFF, 0x0E, 0x00, 0x00, 0xF0, 0xEF, 0x00, 0x00, 0xFF, 0xFF,
  0xDF, 0x00, 0x00, 0x00, 0x00, 0x00, 0x00, 0xF0, 0xFF, 0xFF, 0x00, 0x00, 0x00, 0x00, 0x00, 0x00,
  0x00, 0xFF, 0xFF, 0x0F, 0x00, 0x00, 0x00, 0x00, 0x00, 0x00, 0xF0, 0xFF, 0xFF, 0x0D, 0x00, 0x00,
  0x00, 0x00, 0x00, 0x00, 0xFE, 0xFF, 0xEF, 0x00, 0x00, 0x00, 0xEF, 0x0E, 0x00, 0xD0, 0xFF, 0xFF,
  0x0F, 0x00, 0x00, 0xFD, 0xFF, 0xEF, 0x00, 0xF0, 0xFF, 0xFF, 0x0F, 0x00, 0xFD, 0xFF, 0xFF, 0x00,
  0x00, 0xF0, 0xFF, 0xFF, 0xFF, 0xFF, 0xFF, 0xFF, 0x0F, 0x00, 0x00, 0xFE, 0xFF, 0xFF, 0xFF, 0xFF,
  0xFF, 0x0F, 0x00, 0x00, 0x00, 0xFD, 0xFF, 0xFF, 0xFF, 0xFF, 0x0F, 0x00, 0x00, 0x00, 0x00, 0xE0,
  0xFF, 0xFF, 0xFF, 0x0D, 0x00, 0x00, 0x00, 0x00, 0x00, 0x00, 0x00, 0x00, 0xF0, 0xFF, 0xFF, 0x00,
  0x00, 0x00, 0x00, 0x00, 0x00, 0x00, 0xF0, 0xFF, 0xFF, 0x00, 0x00, 0x00, 0x00, 0x00, 0x00, 0x00,
  0xF0, 0xFF, 0xFF, 0x00, 0x00, 0x00, 0x00, 0x00, 0x00, 0x00, 0xF0, 0xFF, 0xFF, 0x00, 0x00, 0x00,
  0x00, 0x00, 0x00, 0x00, 0xF0, 0xFF, 0xFF, 0x00, 0x00, 0x00, 0x00, 0x00, 0x00, 0x00, 0xF0, 0xFF,
  0xFF, 0x00, 0x00, 0x00, 0xD0, 0xFF, 0xFF, 0x0F, 0xF0, 0xFF, 0xFF, 0x00, 0x00, 0x00, 0xFF, 0xFF,
  0xFF, 0xFF, 0xFD, 0xFF, 0xFF, 0x00, 0x00, 0xF0, 0xFF, 0xFF, 0xFF, 0xFF, 0xFF, 0xFF, 0xFF, 0x00,
  0x00, 0xFE, 0xFF, 0xFF, 0xFF, 0xFF, 0xFF, 0xFF, 0xFF, 0x00, 0x00, 0xFF, 0xFF, 0xFF, 0x00, 0xD0,
  0xFF, 0xFF, 0xFF, 0x00, 0xD0, 0xFF, 0xFF, 0x0F, 0x00, 0x00, 0xFD, 0xFF, 0xFF, 0x00, 0xF0, 0xFF,
  0xFF, 0x0E, 0x00, 0x00, 0xF0, 0xFF, 0xFF, 0x00, 0xF0, 0xFF, 0xFF, 0x0D, 0x00, 0x00, 0xF0, 0xFF,
  0xFF, 0x00, 0xF0, 0xFF, 0xFF, 0x00, 0x00, 0x00, 0xE0, 0xFF, 0xFF, 0x00, 0xF0, 0xFF, 0xFF, 0x00,
  0x00, 0x00, 0xE0, 0xFF, 0xFF, 0x00, 0xF0, 0xFF, 0xFF, 0x0D, 0x00, 0x00, 0xF0, 0xFF, 0xFF, 0x00,
  0xF0, 0xFF, 0xFF, 0x0E, 0x00, 0x00, 0xF0, 0xFF, 0xFF, 0x00, 0xD0, 0xFF, 0xFF, 0x0F, 0x00, 0x00,
  0xFD, 0xFF, 0xFF, 0x00, 0x00, 0xFF, 0xFF, 0xFF, 0x00, 0xD0, 0xFF, 0xFF, 0xFF, 0x00, 0x00, 0xFE,
  0xFF, 0xFF, 0xFF, 0xFF, 0xFF, 0xFF, 0xFF, 0x00, 0x00, 0xF0, 0xFF, 0xFF, 0xFF, 0xFF, 0xFF, 0xFF,
  0xFF, 0x00, 0x00, 0x00, 0xFF, 0xFF, 0xFF, 0xFF, 0xED, 0xFF, 0xFF, 0x00, 0x00, 0x00, 0xE0, 0xFF,
  0xFF, 0x0F, 0xE0, 0xFF, 0xFF, 0x00, 0x00, 0x00, 0x00, 0xFE, 0xFF, 0xFF, 0x0F, 0x00, 0x00, 0x00,
  0x00, 0xD0, 0xFF, 0xFF, 0xFF, 0xFF, 0xFF, 0x00, 0x00, 0x00, 0xE0, 0xFF, 0xFF, 0xFF, 0xFF, 0xFF,
  0xFF, 0x00, 0x00, 0x00, 0xFF, 0xFF, 0xFF, 0xFF, 0xFF, 0xFF, 0xEF, 0x00, 0x00, 0xFF, 0xFF, 0xEF,
  0x00, 0xD0, 0xFF, 0xFF, 0x0F, 0x00, 0xF0, 0xFF, 0xEF, 0x00, 0x00, 0x00, 0xFF, 0xFF, 0x0E, 0xE0,
  0xFF, 0xFF, 0x00, 0x00, 0x00, 0xF0, 0xFF, 0xFF, 0x00, 0xFF, 0xFF, 0xFF, 0xFF, 0xFF, 0xFF, 0xFF,
  0xFF, 0x0F, 0xF0, 0xFF, 0xFF, 0xFF, 0xFF, 0xFF, 0xFF, 0xFF, 0xFF, 0x00, 0xFF, 0xFF, 0xFF, 0xFF,
  0xFF, 0xFF, 0xFF, 0xFF, 0x0F, 0xF0, 0xFF, 0xFF, 0x00, 0x00, 0x00, 0x00, 0x00, 0x00, 0x00, 0xFE,
  0xFF, 0x0F, 0x00, 0x00, 0x00, 0x00, 0x00, 0x00, 0xD0, 0xFF, 0xFF, 0x0F, 0x00, 0x00, 0xF0, 0xEF,
  0x00, 0x00, 0xF0, 0xFF, 0xFF, 0x0F, 0x00, 0xF0, 0xFF, 0xFF, 0x0E, 0x00, 0xFD, 0xFF, 0xFF, 0xFF,
  0xFF, 0xFF, 0xFF, 0x0F, 0x00, 0x00, 0xFE, 0xFF, 0xFF, 0xFF, 0xFF, 0xFF, 0xDF, 0x00, 0x00, 0x00,
  0xFD, 0xFF, 0xFF, 0xFF, 0xFF, 0xDF, 0x00, 0x00, 0x00, 0x00, 0xE0, 0xFF, 0xFF, 0xFF, 0x0E, 0x00,
  0x00, 0x00, 0x00, 0x00, 0xFD, 0xFF, 0xEF, 0x00, 0x00, 0x00, 0xFF, 0xFF, 0xFF, 0xDF, 0x00, 0x00,
  0xFF, 0xFF, 0xFF, 0xFF, 0x00, 0x00, 0xFD, 0xFF, 0xFF, 0xFF, 0x0F, 0x00, 0xE0, 0xFF, 0xFF, 0x0F,
  0x00, 0x00, 0x00, 0xFF, 0xFF, 0x0F, 0x00, 0x00, 0x00, 0xF0, 0xFF, 0xFF, 0x00, 0x00, 0xF0, 0xFF,
  0xFF, 0xFF, 0xFF, 0xFF, 0x0F, 0xFF, 0xFF, 0xFF, 0xFF, 0xFF, 0xFF, 0xF0, 0xFF, 0xFF, 0xFF, 0xFF,
  0xFF, 0x0F, 0xFF, 0xFF, 0xFF, 0xFF, 0xFF, 0xFF, 0x00, 0x00, 0xFF, 0xFF, 0x0F, 0x00, 0x00, 0x00,
  0xF0, 0xFF, 0xFF, 0x00, 0x00, 0x00, 0x00, 0xFF, 0xFF, 0x0F, 0x00, 0x00, 0x00, 0xF0, 0xFF, 0xFF,
  0x00, 0x00, 0x00, 0x00, 0xFF, 0xFF, 0x0F, 0x00, 0x00, 0x00, 0xF0, 0xFF, 0xFF, 0x00, 0x00, 0x00,
  0x00, 0xFF, 0xFF, 0x0F, 0x00, 0x00, 0x00, 0xF0, 0xFF, 0xFF, 0x00, 0x00, 0x00, 0x00, 0xFF, 0xFF,
  0x0F, 0x00, 0x00, 0x00, 0xF0, 0xFF, 0xFF, 0x00, 0x00, 0x00, 0x00, 0xFF, 0xFF, 0x0F, 0x00, 0x00,
  0x00, 0xF0, 0xFF, 0xFF, 0x00, 0x00, 0x00, 0x00, 0xFF, 0xFF, 0x0F, 0x00, 0x00, 0x00, 0xF0, 0xFF,
  0xFF, 0x00, 0x00, 0x00, 0x00, 0x00, 0xE0, 0xFF, 0xFF, 0x0F, 0xE0, 0xFF, 0xFF, 0x0D, 0x00, 0x00,
  0xFF, 0xFF, 0xFF, 0xFF, 0xED, 0xFF, 0xFF, 0x0D, 0x00, 0xF0, 0xFF, 0xFF, 0xFF, 0xFF, 0xEF, 0xFF,
  0xFF, 0x0D, 0x00, 0xFE, 0xFF, 0xFF, 0xFF, 0xFF, 0xFF, 0xFF, 0xFF, 0x0D, 0x00, 0xFF, 0xFF, 0xFF,
  0x00, 0xD0, 0xFF, 0xFF, 0xFF, 0x0D, 0xD0, 0xFF, 0xFF, 0x0F, 0x00, 0x00, 0xFD, 0xFF, 0xFF, 0x0D,
  0xE0, 0xFF, 0xFF, 0x0F, 0x00, 0x00, 0xF0, 0xFF, 0xFF, 0x0D, 0xF0, 0xFF, 0xFF, 0x0D, 0x00, 0x00,
  0xF0, 0xFF, 0xFF, 0x0D, 0xF0, 0xFF, 0xFF, 0x00, 0x00, 0x00, 0xE0, 0xFF, 0xFF, 0x0D, 0xF0, 0xFF,
  0xFF, 0x00, 0x00, 0x00, 0xE0, 0xFF, 0xFF, 0x0D, 0xF0, 0xFF, 0xFF, 0x0D, 0x00, 0x00, 0xF0, 0xFF,
  0xFF, 0x0D, 0xF0, 0xFF, 0xFF, 0x0E, 0x00, 0x00, 0xF0, 0xFF, 0xFF, 0x0D, 0xE0, 0xFF, 0xFF, 0x0F,
  0x00, 0x00, 0xF0, 0xFF, 0xFF, 0x0D, 0x00, 0xFF, 0xFF, 0xFF, 0x00, 0x00, 0xFF, 0xFF, 0xFF, 0x0D,
  0x00, 0xFF, 0xFF, 0xFF, 0xFF, 0xFF, 0xFF, 0xFF, 0xFF, 0x0D, 0x00, 0xF0, 0xFF, 0xFF, 0xFF, 0xFF,
  0xEF, 0xFF, 0xFF, 0x0D, 0x00, 0x00, 0xFF, 0xFF, 0xFF, 0xFF, 0xED, 0xFF, 0xFF, 0x0D, 0x00, 0x00,
  0xE0, 0xFF, 0xFF, 0x0F, 0xE0, 0xFF, 0xFF, 0x0D, 0x00, 0x00, 0x00, 0x00, 0x00, 0x00, 0xE0, 0xFF,
  0xFF, 0x00, 0x00, 0x00, 0xE0, 0x00, 0x00, 0x00, 0xF0, 0xFF, 0xFF, 0x00, 0x00, 0xFF, 0xFF, 0x0F,
  0x00, 0x00, 0xFF, 0xFF, 0xFF, 0x00, 0x00, 0xFF, 0xFF, 0xFF, 0xFF, 0xFF, 0xFF, 0xFF, 0xDF, 0x00,
  0x00, 0xF0, 0xFF, 0xFF, 0xFF, 0xFF, 0xFF, 0xFF, 0x0E, 0x00, 0x00, 0x00, 0xFF, 0xFF, 0xFF, 0xFF,
  0xFF, 0xEF, 0x00, 0x00, 0x00, 0x00, 0xD0, 0xFF, 0xFF, 0xFF, 0xEF, 0x00, 0x00, 0x00, 0x00, 0xFF,
  0xFF, 0x0F, 0x00, 0x00, 0x00, 0x00, 0x00, 0x00, 0x00, 0xFF, 0xFF, 0x0F, 0x00, 0x00, 0x00, 0x00,
  0x00, 0x00, 0x00, 0xFF, 0xFF, 0x0F, 0x00, 0x00, 0x00, 0x00, 0x00, 0x00, 0x00, 0xFF, 0xFF, 0x0F,
  0x00, 0x00, 0x00, 0x00, 0x00, 0x00, 0x00, 0xFF, 0xFF, 0x0F, 0x00, 0x00, 0x00, 0x00, 0x00, 0x00,
  0x00, 0xFF, 0xFF, 0x0F, 0x00, 0x00, 0x00, 0x00, 0x00, 0x00, 0x00, 0xFF, 0xFF, 0x0F, 0xE0, 0xFF,
  0xFF, 0x0E, 0x00, 0x00, 0x00, 0xFF, 0xFF, 0x0F, 0xFF, 0xFF, 0xFF, 0xFF, 0x00, 0x00, 0x00, 0xFF,
  0xFF, 0xFF, 0xFF, 0xFF, 0xFF, 0xFF, 0x0F, 0x00, 0x00, 0xFF, 0xFF, 0xFF, 0xFF, 0xFF, 0xFF, 0xFF,
  0xEF, 0x00, 0x00, 0xFF, 0xFF, 0xFF, 0x00, 0x00, 0xFF, 0xFF, 0xFF, 0x00, 0x00, 0xFF, 0xFF, 0xDF,
  0x00, 0x00, 0xF0, 0xFF, 0xFF, 0x00, 0x00, 0xFF, 0xFF, 0x0F, 0x00, 0x00, 0xF0, 0xFF, 0xFF, 0x00,
  0x00, 0xFF, 0xFF, 0x0F, 0x00, 0x00, 0xF0, 0xFF, 0xFF, 0x00, 0x00, 0xFF, 0xFF, 0x0F, 0x00, 0x00,
  0xF0, 0xFF, 0xFF, 0x00, 0x00, 0xFF, 0xFF, 0x0F, 0x00, 0x00, 0xF0, 0xFF, 0xFF, 0x00, 0x00, 0xFF,
  0xFF, 0x0F, 0x00, 0x00, 0xF0, 0xFF, 0xFF, 0x00, 0x00, 0xFF, 0xFF, 0x0F, 0x00, 0x00, 0xF0, 0xFF,
  0xFF, 0x00, 0x00, 0xFF, 0xFF, 0x0F, 0x00, 0x00, 0xF0, 0xFF, 0xFF, 0x00, 0x00, 0xFF, 0xFF, 0x0F,
  0x00, 0x00, 0xF0, 0xFF, 0xFF, 0x00, 0x00, 0xFF, 0xFF, 0x0F, 0x00, 0x00, 0xF0, 0xFF, 0xFF, 0x00,
  0x00, 0xFF, 0xFF, 0x0F, 0x00, 0x00, 0xF0, 0xFF, 0xFF, 0x00, 0x00, 0xFF, 0xFF, 0x0F, 0x00, 0x00,
  0xF0, 0xFF, 0xFF, 0x00, 0x00, 0xFF, 0xFF, 0x0F, 0x00, 0x00, 0xF0, 0xFF, 0xFF, 0x00, 0x00, 0xFD,
  0xFF, 0x00, 0x00, 0xF0, 0xFF, 0xFF, 0x00, 0x00, 0xFF, 0xFF, 0x0F, 0x00, 0xF0, 0xFF, 0xFF, 0x00,
  0x00, 0xFD, 0xFF, 0x00, 0x00, 0x00, 0x00, 0x00, 0x00, 0x00, 0x00, 0x00, 0x00, 0x00, 0xF0, 0xFF,
  0xFF, 0x00, 0x00, 0xFF, 0xFF, 0x0F, 0x00, 0xF0, 0xFF, 0xFF, 0x00, 0x00, 0xFF, 0xFF, 0x0F, 0x00,
  0xF0, 0xFF, 0xFF, 0x00, 0x00, 0xFF, 0xFF, 0x0F, 0x00, 0xF0, 0xFF, 0xFF, 0x00, 0x00, 0xFF, 0xFF,
  0x0F, 0x00, 0xF0, 0xFF, 0xFF, 0x00, 0x00, 0xFF, 0xFF, 0x0F, 0x00, 0xF0, 0xFF, 0xFF, 0x00, 0x00,
  0xFF, 0xFF, 0x0F, 0x00, 0xF0, 0xFF, 0xFF, 0x00, 0x00, 0xFF, 0xFF, 0x0F, 0x00, 0xF0, 0xFF, 0xFF,
  0x00, 0x00, 0xFF, 0xFF, 0x0F, 0x00, 0xF0, 0xFF, 0xFF, 0x00, 0x00, 0xFF, 0xFF, 0x0F, 0x00, 0x00,
  0xD0, 0xFF, 0x0F, 0x00, 0x00, 0xF0, 0xFF, 0xFF, 0x00, 0x00, 0xF0, 0xFF, 0xFF, 0x00, 0x00, 0xF0,
  0xFF, 0xFF, 0x00, 0x00, 0xD0, 0xFF, 0x0F, 0x00, 0x00, 0x00, 0x00, 0x00, 0x00, 0x00, 0x00, 0x00,
  0x00, 0x00, 0x00, 0xF0, 0xFF, 0xFF, 0x00, 0x00, 0xF0, 0xFF, 0xFF, 0x00, 0x00, 0xF0, 0xFF, 0xFF,
  0x00, 0x00, 0xF0, 0xFF, 0xFF, 0x00, 0x00, 0xF0, 0xFF, 0xFF, 0x00, 0x00, 0xF0, 0xFF, 0xFF, 0x00,
  0x00, 0xF0, 0xFF, 0xFF, 0x00, 0x00, 0xF0, 0xFF, 0xFF, 0x00, 0x00, 0xF0, 0xFF, 0xFF, 0x00, 0x00,
  0xF0, 0xFF, 0xFF, 0x00, 0x00, 0xF0, 0xFF, 0xFF, 0x00, 0x00, 0xF0, 0xFF, 0xFF, 0x00, 0x00, 0xF0,
  0xFF, 0xFF, 0x00, 0x00, 0xF0, 0xFF, 0xFF, 0x00, 0x00, 0xF0, 0xFF, 0xFF, 0x00, 0x00, 0xF0, 0xFF,
  0xFF, 0x00, 0x00, 0xF0, 0xFF, 0xFF, 0x00, 0x00, 0xF0, 0xFF, 0xFF, 0x00, 0x00, 0xF0, 0xFF, 0xFF,
  0x00, 0x00, 0xF0, 0xFF, 0xFF, 0x00, 0x00, 0xFE, 0xFF, 0xFF, 0x00, 0xFF, 0xFF, 0xFF, 0xEF, 0x00,
  0xFF, 0xFF, 0xFF, 0x0F, 0x00, 0xFF, 0xFF, 0xFF, 0x00, 0x00, 0xFF, 0xFF, 0x0E, 0x00, 0x00, 0x00,
  0xFF, 0xFF, 0x0F, 0x00, 0x00, 0x00, 0x00, 0x00, 0x00, 0xF0, 0xFF, 0xFF, 0x00, 0x00, 0x00, 0x00,
  0x00, 0x00, 0x00, 0xFF, 0xFF, 0x0F, 0x00, 0x00, 0x00, 0x00, 0x00, 0x00, 0xF0, 0xFF, 0xFF, 0x00,
  0x00, 0x00, 0x00, 0x00, 0x00, 0x00, 0xFF, 0xFF, 0x0F, 0x00, 0x00, 0x00, 0x00, 0x00, 0x00, 0xF0,
  0xFF, 0xFF, 0x00, 0x00, 0x00, 0x00, 0x00, 0x00, 0x00, 0xFF, 0xFF, 0x0F, 0x00, 0x00, 0xFF, 0xFF,
  0xFF, 0x00, 0xF0, 0xFF, 0xFF, 0x00, 0x00, 0xFF, 0xFF, 0xFF, 0x00, 0x00, 0xFF, 0xFF, 0x0F, 0x00,
  0xFE, 0xFF, 0xFF, 0x00, 0x00, 0xF0, 0xFF, 0xFF, 0x00, 0xFD, 0xFF, 0xFF, 0x0D, 0x00, 0x00, 0xFF,
  0xFF, 0x0F, 0xF0, 0xFF, 0xFF, 0x0E, 0x00, 0x00, 0xF0, 0xFF, 0xFF, 0xF0, 0xFF, 0xFF, 0x0F, 0x00,
  0x00, 0x00, 0xFF, 0xFF, 0xFF, 0xFF, 0xFF, 0x0F, 0x00, 0x00, 0x00, 0xF0, 0xFF, 0xFF, 0xFF, 0xFF,
  0x0F, 0x00, 0x00, 0x00, 0x00, 0xFF, 0xFF, 0xFF, 0xFF, 0xFF, 0x00, 0x00, 0x00, 0x00, 0xF0, 0xFF,
  0xFF, 0xFF, 0xFF, 0xFF, 0x00, 0x00, 0x00, 0x00, 0xFF, 0xFF, 0xFF, 0xFF, 0xFF, 0xDF, 0x00, 0x00,
  0x00, 0xF0, 0xFF, 0xFF, 0xEE, 0xFF, 0xFF, 0x0F, 0x00, 0x00, 0x00, 0xFF, 0xFF, 0x0F, 0xF0, 0xFF,
  0xFF, 0x0F, 0x00, 0x00, 0xF0, 0xFF, 0xFF, 0x00, 0xF0, 0xFF, 0xFF, 0x0E, 0x00, 0x00, 0xFF, 0xFF,
  0x0F, 0x00, 0xFE, 0xFF, 0xFF, 0x00, 0x00, 0xF0, 0xFF, 0xFF, 0x00, 0x00, 0xFF, 0xFF, 0xFF, 0x00,
  0x00, 0xFF, 0xFF, 0x0F, 0x00, 0x00, 0xFF, 0xFF, 0xEF, 0x00, 0xF0, 0xFF, 0xFF, 0x00, 0x00, 0xE0,
  0xFF, 0xFF, 0x0F, 0x00, 0xFF, 0xFF, 0x0F, 0x00, 0xF0, 0xFF, 0xFF, 0x00, 0x00, 0xFF, 0xFF, 0x0F,
  0x00, 0xF0, 0xFF, 0xFF, 0x00, 0x00, 0xFF, 0xFF, 0x0F, 0x00, 0xF0, 0xFF, 0xFF, 0x00, 0x00, 0xFF,
  0xFF, 0x0F, 0x00, 0xF0, 0xFF, 0xFF, 0x00, 0x00, 0xFF, 0xFF, 0x0F, 0x00, 0xF0, 0xFF, 0xFF, 0x00,
  0x00, 0xFF, 0xFF, 0x0F, 0x00, 0xF0, 0xFF, 0xFF, 0x00, 0x00, 0xFF, 0xFF, 0x0F, 0x00, 0xF0, 0xFF,
  0xFF, 0x00, 0x00, 0xFF, 0xFF, 0x0F, 0x00, 0xF0, 0xFF, 0xFF, 0x00, 0x00, 0xFF, 0xFF, 0x0F, 0x00,
  0xF0, 0xFF, 0xFF, 0x00, 0x00, 0xFF, 0xFF, 0x0F, 0x00, 0xF0, 0xFF, 0xFF, 0x00, 0x00, 0xFF, 0xFF,
  0x0F, 0x00, 0xF0, 0xFF, 0xFF, 0x00, 0x00, 0xFF, 0xFF, 0x0F, 0x00, 0xF0, 0xFF, 0xFF, 0x00, 0x00,
  0xFF, 0xFF, 0x0E, 0xF0, 0xFF, 0xFF, 0x00, 0x00, 0xF0, 0xFF, 0xFF, 0x0D, 0x00, 0x00, 0xF0, 0xFF,
  0xEF, 0xFD, 0xFF, 0xFF, 0xFF, 0x00, 0xFE, 0xFF, 0xFF, 0xFF, 0x0E, 0x00, 0x00, 0xFF, 0xFF, 0xFF,
  0xFF, 0xFF, 0xFF, 0xEF, 0xFE, 0xFF, 0xFF, 0xFF, 0xFF, 0x0D, 0x00, 0xF0, 0xFF, 0xFF, 0xFF, 0xFF,
  0xFF, 0xFF, 0xFF, 0xFF, 0xFF, 0xFF, 0xFF, 0xFF, 0x00, 0x00, 0xFF, 0xFF, 0xFF, 0x00, 0xF0, 0xFF,
  0xFF, 0xFF, 0x00, 0xE0, 0xFF, 0xFF, 0x0F, 0x00, 0xF0, 0xFF, 0xFF, 0x00, 0x00, 0xF0, 0xFF, 0xFF,
  0x00, 0x00, 0xF0, 0xFF, 0xFF, 0x00, 0x00, 0xFF, 0xFF, 0x0F, 0x00, 0x00, 0xFF, 0xFF, 0x0F, 0x00,
  0x00, 0xFF, 0xFF, 0xDF, 0x00, 0xF0, 0xFF, 0xFF, 0x00, 0x00, 0xF0, 0xFF, 0xFF, 0x00, 0x00, 0xE0,
  0xFF, 0xFF, 0x0D, 0x00, 0xFF, 0xFF, 0x0F, 0x00, 0x00, 0xFF, 0xFF, 0x0F, 0x00, 0x00, 0xFE, 0xFF,
  0xDF, 0x00, 0xF0, 0xFF, 0xFF, 0x00, 0x00, 0xF0, 0xFF, 0xFF, 0x00, 0x00, 0xE0, 0xFF, 0xFF, 0x0D,
  0x00, 0xFF, 0xFF, 0x0F, 0x00, 0x00, 0xFF, 0xFF, 0x0F, 0x00, 0x00, 0xFE, 0xFF, 0xDF, 0x00, 0xF0,
  0xFF, 0xFF, 0x00, 0x00, 0xF0, 0xFF, 0xFF, 0x00, 0x00, 0xE0, 0xFF, 0xFF, 0x0D, 0x00, 0xFF, 0xFF,
  0x0F, 0x00, 0x00, 0xFF, 0xFF, 0x0F, 0x00, 0x00, 0xFE, 0xFF, 0xDF, 0x00, 0xF0, 0xFF, 0xFF, 0x00,
  0x00, 0xF0, 0xFF, 0xFF, 0x00, 0x00, 0xE0, 0xFF, 0xFF, 0x0D, 0x00, 0xFF, 0xFF, 0x0F, 0x00, 0x00,
  0xFF, 0xFF, 0x0F, 0x00, 0x00, 0xFE, 0xFF, 0xDF, 0x00, 0xF0, 0xFF, 0xFF, 0x00, 0x00, 0xF0, 0xFF,
  0xFF, 0x00, 0x00, 0xE0, 0xFF, 0xFF, 0x0D, 0x00, 0xFF, 0xFF, 0x0F, 0x00, 0x00, 0xFF, 0xFF, 0x0F,
  0x00, 0x00, 0xFE, 0xFF, 0xDF, 0x00, 0xF0, 0xFF, 0xFF, 0x00, 0x00, 0xF0, 0xFF, 0xFF, 0x00, 0x00,
  0xE0, 0xFF, 0xFF, 0x0D, 0x00, 0xFF, 0xFF, 0x0E, 0xE0, 0xFF, 0xFF, 0x0E, 0x00, 0x00, 0x00, 0xFF,
  0xFF, 0x0E, 0xFF, 0xFF, 0xFF, 0xFF, 0x00, 0x00, 0x00, 0xFF, 0xFF, 0xFE, 0xFF, 0xFF, 0xFF, 0xFF,
  0x0F, 0x00, 0x00, 0xFF, 0xFF, 0xFF, 0xFF, 0xFF, 0xFF, 0xFF, 0xEF, 0x00, 0x00, 0xFF, 0xFF, 0xFF,
  0x00, 0x00, 0xFF, 0xFF, 0xFF, 0x00, 0x00, 0xFF, 0xFF, 0xDF, 0x00, 0x00, 0xF0, 0xFF, 0xFF, 0x00,
  0x00, 0xFF, 0xFF, 0x0F, 0x00, 0x00, 0xF0, 0xFF, 0xFF, 0x00, 0x00, 0xFF, 0xFF, 0x0F, 0x00, 0x00,
  0xF0, 0xFF, 0xFF, 0x00, 0x00, 0xFF, 0xFF, 0x0F, 0x00, 0x00, 0xF0, 0xFF, 0xFF, 0x00, 0x00, 0xFF,
  0xFF, 0x0F, 0x00, 0x00, 0xF0, 0xFF, 0xFF, 0x00, 0x00, 0xFF, 0xFF, 0x0F, 0x00, 0x00, 0xF0, 0xFF,
  0xFF, 0x00, 0x00, 0xFF, 0xFF, 0x0F, 0x00, 0x00, 0xF0, 0xFF, 0xFF, 0x00, 0x00, 0xFF, 0xFF, 0x0F,
  0x00, 0x00, 0xF0, 0xFF, 0xFF, 0x00, 0x00, 0xFF, 0xFF, 0x0F, 0x00, 0x00, 0xF0, 0xFF, 0xFF, 0x00,
  0x00, 0xFF, 0xFF, 0x0F, 0x00, 0x00, 0xF0, 0xFF, 0xFF, 0x00, 0x00, 0xFF, 0xFF, 0x0F, 0x00, 0x00,
  0xF0, 0xFF, 0xFF, 0x00, 0x00, 0xFF, 0xFF, 0x0F, 0x00, 0x00, 0xF0, 0xFF, 0xFF, 0x00, 0x00, 0xFF,
  0xFF, 0x0F, 0x00, 0x00, 0xF0, 0xFF, 0xFF, 0x00, 0x00, 0x00, 0x00, 0xFE, 0xFF, 0xFF, 0xDF, 0x00,
  0x00, 0x00, 0x00, 0x00, 0xFD, 0xFF, 0xFF, 0xFF, 0xFF, 0x0F, 0x00, 0x00, 0x00, 0xE0, 0xFF, 0xFF,
  0xFF, 0xFF, 0xFF, 0xFF, 0x00, 0x00, 0x00, 0xF0, 0xFF, 0xFF, 0xFF, 0xFF, 0xFF, 0xFF, 0x0F, 0x00,
  0x00, 0xFF, 0xFF, 0xFF, 0x00, 0xD0, 0xFF, 0xFF, 0xEF, 0x00, 0xD0, 0xFF, 0xFF, 0x0F, 0x00, 0x00,
  0xFD, 0xFF, 0xFF, 0x00, 0xE0, 0xFF, 0xFF, 0x0E, 0x00, 0x00, 0xF0, 0xFF, 0xFF, 0x00, 0xF0, 0xFF,
  0xFF, 0x0D, 0x00, 0x00, 0xF0, 0xFF, 0xFF, 0x0D, 0xF0, 0xFF, 0xFF, 0x00, 0x00, 0x00, 0xE0, 0xFF,
  0xFF, 0x0E, 0xF0, 0xFF, 0xFF, 0x00, 0x00, 0x00, 0xE0, 0xFF, 0xFF, 0x0E, 0xF0, 0xFF, 0xFF, 0x0D,
  0x00, 0x00, 0xF0, 0xFF, 0xFF, 0x0D, 0xE0, 0xFF, 0xFF, 0x0E, 0x00, 0x00, 0xF0, 0xFF, 0xFF, 0x00,
  0xD0, 0xFF, 0xFF, 0x0F, 0x00, 0x00, 0xFD, 0xFF, 0xFF, 0x00, 0x00, 0xFF, 0xFF, 0xFF, 0x00, 0xD0,
  0xFF, 0xFF, 0xEF, 0x00, 0x00, 0xF0, 0xFF, 0xFF, 0xFF, 0xFF, 0xFF, 0xFF, 0x0F, 0x00, 0x00, 0xE0,
  0xFF, 0xFF, 0xFF, 0xFF, 0xFF, 0xFF, 0x00, 0x00, 0x00, 0x00, 0xFD, 0xFF, 0xFF, 0xFF, 0xFF, 0x0F,
  0x00, 0x00, 0x00, 0x00, 0x00, 0xFE, 0xFF, 0xFF, 0xDF, 0x00, 0x00, 0x00, 0x00, 0xFF, 0xFF, 0x0F,
  0xF0, 0xFF, 0xFF, 0x0E, 0x00, 0x00, 0x00, 0xFF, 0xFF, 0x0F, 0xFF, 0xFF, 0xFF, 0xFF, 0x00, 0x00,
  0x00, 0xFF, 0xFF, 0xFF, 0xFF, 0xFF, 0xFF, 0xFF, 0x0F, 0x00, 0x00, 0xFF, 0xFF, 0xFF, 0xFF, 0xFF,
  0xFF, 0xFF, 0xFF, 0x00, 0x00, 0xFF, 0xFF, 0xFF, 0x0D, 0x00, 0xFF, 0xFF, 0xFF, 0x00, 0x00, 0xFF,
  0xFF, 0xEF, 0x00, 0x00, 0xF0, 0xFF, 0xFF, 0x0E, 0x00, 0xFF, 0xFF, 0x0F, 0x00, 0x00, 0xE0, 0xFF,
  0xFF, 0x0F, 0x00, 0xFF, 0xFF, 0x0F, 0x00, 0x00, 0x00, 0xFF, 0xFF, 0x0F, 0x00, 0xFF, 0xFF, 0x0F,
  0x00, 0x00, 0x00, 0xFF, 0xFF, 0x0F, 0x00, 0xFF, 0xFF, 0x0F, 0x00, 0x00, 0x00, 0xFF, 0xFF, 0x0F,
  0x00, 0xFF, 0xFF, 0x0F, 0x00, 0x00, 0x00, 0xFF, 0xFF, 0x0F, 0x00, 0xFF, 0xFF, 0x0F, 0x00, 0x00,
  0xE0, 0xFF, 0xFF, 0x0F, 0x00, 0xFF, 0xFF, 0xEF, 0x00, 0x00, 0xF0, 0xFF, 0xFF, 0x0E, 0x00, 0xFF,
  0xFF, 0xFF, 0x0D, 0x00, 0xFF, 0xFF, 0xFF, 0x00, 0x00, 0xFF, 0xFF, 0xFF, 0xFF, 0xFF, 0xFF, 0xFF,
  0xFF, 0x00, 0x00, 0xFF, 0xFF, 0xFF, 0xFF, 0xFF, 0xFF, 0xFF, 0x0F, 0x00, 0x00, 0xFF, 0xFF, 0x0F,
  0xFF, 0xFF, 0xFF, 0xFF, 0x00, 0x00, 0x00, 0xFF, 0xFF, 0x0F, 0xF0, 0xFF, 0xFF, 0x0E, 0x00, 0x00,
  0x00, 0xFF, 0xFF, 0x0F, 0x00, 0x00, 0x00, 0x00, 0x00, 0x00, 0x00, 0xFF, 0xFF, 0x0F, 0x00, 0x00,
  0x00, 0x00, 0x00, 0x00, 0x00, 0xFF, 0xFF, 0x0F, 0x00, 0x00, 0x00, 0x00, 0x00, 0x00, 0x00, 0xFF,
  0xFF, 0x0F, 0x00, 0x00, 0x00, 0x00, 0x00, 0x00, 0x00, 0xFF, 0xFF, 0x0F, 0x00, 0x00, 0x00, 0x00,
  0x00, 0x00, 0x00, 0xFF, 0xFF, 0x0F, 0x00, 0x00, 0x00, 0x00, 0x00, 0x00, 0x00, 0xFF, 0xFF, 0x0F,
  0x00, 0x00, 0x00, 0x00, 0x00, 0x00, 0x00, 0x00, 0xD0, 0xFF, 0xFF, 0x0F, 0xE0, 0xFF, 0xFF, 0x00,
  0x00, 0x00, 0xFF, 0xFF, 0xFF, 0xFF, 0xED, 0xFF, 0xFF, 0x00, 0x00, 0xF0, 0xFF, 0xFF, 0xFF, 0xFF,
  0xEF, 0xFF, 0xFF, 0x00, 0x00, 0xFE, 0xFF, 0xFF, 0xFF, 0xFF, 0xFF, 0xFF, 0xFF, 0x00, 0x00, 0xFF,
  0xFF, 0xFF, 0x00, 0xD0, 0xFF, 0xFF, 0xFF, 0x00, 0xD0, 0xFF, 0xFF, 0x0F, 0x00, 0x00, 0xFD, 0xFF,
  0xFF, 0x00, 0xF0, 0xFF, 0xFF, 0x0E, 0x00, 0x00, 0xF0, 0xFF, 0xFF, 0x00, 0xF0, 0xFF, 0xFF, 0x0D,
  0x00, 0x00, 0xF0, 0xFF, 0xFF, 0x00, 0xF0, 0xFF, 0xFF, 0x00, 0x00, 0x00, 0xE0, 0xFF, 0xFF, 0x00,
  0xF0, 0xFF, 0xFF, 0x00, 0x00, 0x00, 0xE0, 0xFF, 0xFF, 0x00, 0xF0, 0xFF, 0xFF, 0x0D, 0x00, 0x00,
  0xF0, 0xFF, 0xFF, 0x00, 0xF0, 0xFF, 0xFF, 0x0E, 0x00, 0x00, 0xF0, 0xFF, 0xFF, 0x00, 0xD0, 0xFF,
  0xFF, 0x0F, 0x00, 0x00, 0xFD, 0xFF, 0xFF, 0x00, 0x00, 0xFF, 0xFF, 0xFF, 0x00, 0xD0, 0xFF, 0xFF,
  0xFF, 0x00, 0x00, 0xFE, 0xFF, 0xFF, 0xFF, 0xFF, 0xFF, 0xFF, 0xFF, 0x00, 0x00, 0xF0, 0xFF, 0xFF,
  0xFF, 0xFF, 0xFF, 0xFF, 0xFF, 0x00, 0x00, 0x00, 0xFF, 0xFF, 0xFF, 0xFF, 0xFD, 0xFF, 0xFF, 0x00,
  0x00, 0x00, 0xE0, 0xFF, 0xFF, 0x0F, 0xF0, 0xFF, 0xFF, 0x00, 0x00, 0x00, 0x00, 0x00, 0x00, 0x00,
  0xF0, 0xFF, 0xFF, 0x00, 0x00, 0x00, 0x00, 0x00, 0x00, 0x00, 0xF0, 0xFF, 0xFF, 0x00, 0x00, 0x00,
  0x00, 0x00, 0x00, 0x00, 0xF0, 0xFF, 0xFF, 0x00, 0x00, 0x00, 0x00, 0x00, 0x00, 0x00, 0xF0, 0xFF,
  0xFF, 0x00, 0x00, 0x00, 0x00, 0x00, 0x00, 0x00, 0xF0, 0xFF, 0xFF, 0x00, 0x00, 0x00, 0x00, 0x00,
  0x00, 0x00, 0xF0, 0xFF, 0xFF, 0x00, 0x00, 0x00, 0x00, 0x00, 0x00, 0x00, 0xF0, 0xFF, 0xFF, 0x00,
  0x00, 0x00, 0x00, 0x00, 0x00, 0x00, 0x00, 0xF0, 0xFF, 0xFF, 0xD0, 0xFF, 0xEF, 0x00, 0xFF, 0xFF,
  0xEF, 0xFF, 0xFF, 0x0E, 0xF0, 0xFF, 0xFF, 0xFF, 0xFF, 0xEF, 0x00, 0xFF, 0xFF, 0xFF, 0xFF, 0xFF,
  0x0E, 0xF0, 0xFF, 0xFF, 0xDF, 0x00, 0x00, 0x00, 0xFF, 0xFF, 0xDF, 0x00, 0x00, 0x00, 0xF0, 0xFF,
  0xFF, 0x00, 0x00, 0x00, 0x00, 0xFF, 0xFF, 0x0F, 0x00, 0x00, 0x00, 0xF0, 0xFF, 0xFF, 0x00, 0x00,
  0x00, 0x00, 0xFF, 0xFF, 0x0F, 0x00, 0x00, 0x00, 0xF0, 0xFF, 0xFF, 0x00, 0x00, 0x00, 0x00, 0xFF,
  0xFF, 0x0F, 0x00, 0x00, 0x00, 0xF0, 0xFF, 0xFF, 0x00, 0x00, 0x00, 0x00, 0xFF, 0xFF, 0x0F, 0x00,
  0x00, 0x00, 0xF0, 0xFF, 0xFF, 0x00, 0x00, 0x00, 0x00, 0xFF, 0xFF, 0x0F, 0x00, 0x00, 0x00, 0xF0,
  0xFF, 0xFF, 0x00, 0x00, 0x00, 0x00, 0xFF, 0xFF, 0x0F, 0x00, 0x00, 0x00, 0x00, 0x00, 0xE0, 0xFF,
  0xFF, 0xFF, 0x0E, 0x00, 0x00, 0x00, 0xE0, 0xFF, 0xFF, 0xFF, 0xFF, 0xFF, 0x00, 0x00, 0x00, 0xFE,
  0xFF, 0xFF, 0xFF, 0xFF, 0xFF, 0x0F, 0x00, 0x00, 0xFF, 0xFF, 0xFF, 0xFF, 0xFF, 0xFF, 0xFF, 0x00,
  0xD0, 0xFF, 0xFF, 0x0F, 0x00, 0xF0, 0xFF, 0xFF, 0x00, 0xD0, 0xFF, 0xFF, 0x0E, 0x00, 0x00, 0xFF,
  0xDE, 0x00, 0x00, 0xFF, 0xFF, 0x0F, 0x00, 0x00, 0x00, 0x00, 0x00, 0x00, 0xFF, 0xFF, 0xFF, 0xFF,
  0xDE, 0x00, 0x00, 0x00, 0x00, 0xF0, 0xFF, 0xFF, 0xFF, 0xFF, 0xFF, 0x0D, 0x00, 0x00, 0x00, 0xFE,
  0xFF, 0xFF, 0xFF, 0xFF, 0xEF, 0x00, 0x00, 0x00, 0x00, 0xD0, 0xFE, 0xFF, 0xFF, 0xFF, 0x0D, 0x00,
  0x00, 0x00, 0x00, 0x00, 0xF0, 0xFF, 0xFF, 0x0F, 0xD0, 0xFF, 0xFF, 0x00, 0x00, 0x00, 0xFF, 0xFF,
  0x0F, 0xF0, 0xFF, 0xFF, 0x0F, 0x00, 0xF0, 0xFF, 0xFF, 0x0F, 0x00, 0xFF, 0xFF, 0xFF, 0xFF, 0xFF,
  0xFF, 0xFF, 0x0D, 0x00, 0xFE, 0xFF, 0xFF, 0xFF, 0xFF, 0xFF, 0xFF, 0x00, 0x00, 0xE0, 0xFF, 0xFF,
  0xFF, 0xFF, 0xFF, 0x0E, 0x00, 0x00, 0x00, 0xE0, 0xFF, 0xFF, 0xFF, 0x0E, 0x00, 0x00, 0x00, 0xFD,
  0xFF, 0xEF, 0x00, 0x00, 0x00, 0xFD, 0xFF, 0xEF, 0x00, 0x00, 0x00, 0xFD, 0xFF, 0xEF, 0x00, 0x00,
  0x00, 0xFD, 0xFF, 0xEF, 0x00, 0x00, 0xFF, 0xFF, 0xFF, 0xFF, 0xFF, 0x0F, 0xFF, 0xFF, 0xFF, 0xFF,
  0xFF, 0x0F, 0xFF, 0xFF, 0xFF, 0xFF, 0xFF, 0x0F, 0xFF, 0xFF, 0xFF, 0xFF, 0xFF, 0x0F, 0x00, 0xFD,
  0xFF, 0xEF, 0x00, 0x00, 0x00, 0xFD, 0xFF, 0xEF, 0x00, 0x00, 0x00, 0xFD, 0xFF, 0xEF, 0x00, 0x00,
  0x00, 0xFD, 0xFF, 0xEF, 0x00, 0x00, 0x00, 0xFD, 0xFF, 0xEF, 0x00, 0x00, 0x00, 0xFD, 0xFF, 0xEF,
  0x00, 0x00, 0x00, 0xFD, 0xFF, 0xEF, 0x00, 0x00, 0x00, 0xFD, 0xFF, 0xEF, 0x00, 0x00, 0x00, 0xFD,
  0xFF, 0xEF, 0x00, 0x00, 0x00, 0xFD, 0xFF, 0xFF, 0x00, 0x00, 0x00, 0xF0, 0xFF, 0xFF, 0xFF, 0x0F,
  0x00, 0xF0, 0xFF, 0xFF, 0xFF, 0x0F, 0x00, 0x00, 0xFF, 0xFF, 0xFF, 0x0F, 0x00, 0x00, 0xF0, 0xFF,
  0xFF, 0x0F, 0x00, 0xFF, 0xFF, 0x0F, 0x00, 0x00, 0xF0, 0xFF, 0xFF, 0x00, 0x00, 0xFF, 0xFF, 0x0F,
  0x00, 0x00, 0xF0, 0xFF, 0xFF, 0x00, 0x00, 0xFF, 0xFF, 0x0F, 0x00, 0x00, 0xF0, 0xFF, 0xFF, 0x00,
  0x00, 0xFF, 0xFF, 0x0F, 0x00, 0x00, 0xF0, 0xFF, 0xFF, 0x00, 0x00, 0xFF, 0xFF, 0x0F, 0x00, 0x00,
  0xF0, 0xFF, 0xFF, 0x00, 0x00, 0xFF, 0xFF, 0x0F, 0x00, 0x00, 0xF0, 0xFF, 0xFF, 0x00, 0x00, 0xFF,
  0xFF, 0x0F, 0x00, 0x00, 0xF0, 0xFF, 0xFF, 0x00, 0x00, 0xFF, 0xFF, 0x0F, 0x00, 0x00, 0xF0, 0xFF,
  0xFF, 0x00, 0x00, 0xFF, 0xFF, 0x0F, 0x00, 0x00, 0xF0, 0xFF, 0xFF, 0x00, 0x00, 0xFF, 0xFF, 0x0F,
  0x00, 0x00, 0xF0, 0xFF, 0xFF, 0x00, 0x00, 0xFF, 0xFF, 0x0F, 0x00, 0x00, 0xF0, 0xFF, 0xFF, 0x00,
  0x00, 0xFF, 0xFF, 0x0F, 0x00, 0x00, 0xF0, 0xFF, 0xFF, 0x00, 0x00, 0xFF, 0xFF, 0x0F, 0x00, 0x00,
  0xFD, 0xFF, 0xFF, 0x00, 0x00, 0xFF, 0xFF, 0xFF, 0x00, 0xD0, 0xFF, 0xFF, 0xFF, 0x00, 0x00, 0xFE,
  0xFF, 0xFF, 0xFF, 0xFF, 0xFF, 0xFF, 0xFF, 0x00, 0x00, 0xF0, 0xFF, 0xFF, 0xFF, 0xFF, 0xFF, 0xFF,
  0xFF, 0x00, 0x00, 0x00, 0xFF, 0xFF, 0xFF, 0xFF, 0xF0, 0xFF, 0xFF, 0x00, 0x00, 0x00, 0xE0, 0xFF,
  0xFF, 0x0E, 0xF0, 0xFF, 0xFF, 0x00, 0xFE, 0xFF, 0xFF, 0x00, 0x00, 0x00, 0xE0, 0xFF, 0xFF, 0x0F,
  0xFF, 0xFF, 0x0F, 0x00, 0x00, 0x00, 0xFF, 0xFF, 0x0F, 0xF0, 0xFF, 0xFF, 0x0D, 0x00, 0x00, 0xF0,
  0xFF, 0xFF, 0x00, 0xFD, 0xFF, 0xFF, 0x00, 0x00, 0xD0, 0xFF, 0xFF, 0x0E, 0x00, 0xFF, 0xFF, 0x0F,
  0x00, 0x00, 0xFF, 0xFF, 0x0F, 0x00, 0xF0, 0xFF, 0xFF, 0x0D, 0x00, 0xF0, 0xFF, 0xFF, 0x00, 0x00,
  0xFD, 0xFF, 0xFF, 0x00, 0xD0, 0xFF, 0xFF, 0x0E, 0x00, 0x00, 0xFF, 0xFF, 0x0F, 0x00, 0xFF, 0xFF,
  0x0F, 0x00, 0x00, 0xE0, 0xFF, 0xFF, 0x00, 0xF0, 0xFF, 0xFF, 0x00, 0x00, 0x00, 0xF0, 0xFF, 0xEF,
  0x00, 0xFF, 0xFF, 0x0D, 0x00, 0x00, 0x00, 0xFF, 0xFF, 0x0F, 0xFE, 0xFF, 0x0F, 0x00, 0x00, 0x00,
  0xE0, 0xFF, 0xFF, 0xF0, 0xFF, 0xFF, 0x00, 0x00, 0x00, 0x00, 0xF0, 0xFF, 0xDF, 0xFF, 0xFF, 0x0D,
  0x00, 0x00, 0x00, 0x00, 0xFF, 0xFF, 0xFF, 0xFF, 0x0F, 0x00, 0x00, 0x00, 0x00, 0xE0, 0xFF, 0xFF,
  0xFF, 0xFF, 0x00, 0x00, 0x00, 0x00, 0x00, 0xF0, 0xFF, 0xFF, 0xFF, 0x00, 0x00, 0x00, 0x00, 0x00,
  0x00, 0xFF, 0xFF, 0xFF, 0x0F, 0x00, 0x00, 0x00, 0x00, 0x00, 0xD0, 0xFF, 0xFF, 0xEF, 0x00, 0x00,
  0x00, 0xFE, 0xFF, 0xFF, 0x00, 0x00, 0xF0, 0xFF, 0xFF, 0x00, 0x00, 0xE0, 0xFF, 0xFF, 0x0F, 0xFF,
  0xFF, 0x0F, 0x00, 0x00, 0xFF, 0xFF, 0x0F, 0x00, 0x00, 0xFF, 0xFF, 0xDF, 0xF0, 0xFF, 0xFF, 0x00,
  0x00, 0xF0, 0xFF, 0xFF, 0x0E, 0x00, 0xF0, 0xFF, 0xFF, 0x00, 0xFF, 0xFF, 0xDF, 0x00, 0xE0, 0xFF,
  0xFF, 0xFF, 0x00, 0x00, 0xFF, 0xFF, 0x0F, 0xD0, 0xFF, 0xFF, 0x0E, 0x00, 0xFF, 0xFF, 0xFF, 0x0F,
  0x00, 0xFD, 0xFF, 0xEF, 0x00, 0xF0, 0xFF, 0xFF, 0x00, 0xF0, 0xFF, 0xFF, 0xFF, 0x00, 0xF0, 0xFF,
  0xFF, 0x00, 0x00, 0xFF, 0xFF, 0x0F, 0x00, 0xFF, 0xFF, 0xFF, 0xDF, 0x00, 0xFF, 0xFF, 0x0F, 0x00,
  0xE0, 0xFF, 0xFF, 0x00, 0xFE, 0xFF, 0xFD, 0xFF, 0x0F, 0xF0, 0xFF, 0xFF, 0x00, 0x00, 0xF0, 0xFF,
  0xDF, 0xF0, 0xFF, 0x0F, 0xFF, 0xFF, 0x00, 0xFF, 0xFF, 0x0D, 0x00, 0x00, 0xFF, 0xFF, 0x0F, 0xFF,
  0xFF, 0xF0, 0xFF, 0x0F, 0xFE, 0xFF, 0x0F, 0x00, 0x00, 0xF0, 0xFF, 0xFF, 0xF0, 0xFF, 0x0F, 0xFE,
  0xFF, 0xF0, 0xFF, 0xFF, 0x00, 0x00, 0x00, 0xFD, 0xFF, 0xDF, 0xFF, 0xDF, 0x00, 0xFF, 0xEF, 0xFF,
  0xFF, 0x0E, 0x00, 0x00, 0x00, 0xFF, 0xFF, 0xFF, 0xFF, 0x00, 0xF0, 0xFF, 0xFF, 0xFF, 0x0F, 0x00,
  0x00, 0x00, 0xF0, 0xFF, 0xFF, 0xFF, 0x0F, 0x00, 0xFF, 0xFF, 0xFF, 0xFF, 0x00, 0x00, 0x00, 0x00,
  0xFE, 0xFF, 0xFF, 0xEF, 0x00, 0xD0, 0xFF, 0xFF, 0xFF, 0x0F, 0x00, 0x00, 0x00, 0x00, 0xFF, 0xFF,
  0xFF, 0x00, 0x00, 0xF0, 0xFF, 0xFF, 0xDF, 0x00, 0x00, 0x00, 0x00, 0xF0, 0xFF, 0xFF, 0x0F, 0x00,
  0x00, 0xFF, 0xFF, 0xFF, 0x00, 0x00, 0x00, 0x00, 0x00, 0xFF, 0xFF, 0xFF, 0x00, 0x00, 0xE0, 0xFF,
  0xFF, 0x0F, 0x00, 0x00, 0xF0, 0xFF, 0xFF, 0x0E, 0x00, 0x00, 0xFF, 0xFF, 0xEF, 0x00, 0xF0, 0xFF,
  0xFF, 0x00, 0x00, 0xF0, 0xFF, 0xFF, 0x00, 0x00, 0xFF, 0xFF, 0xEF, 0x00, 0xF0, 0xFF, 0xFF, 0x00,
  0x00, 0x00, 0xFF, 0xFF, 0x0F, 0xD0, 0xFF, 0xFF, 0x0F, 0x00, 0x00, 0xE0, 0xFF, 0xFF, 0x0E, 0xFF,
  0xFF, 0x0F, 0x00, 0x00, 0x00, 0xF0, 0xFF, 0xFF, 0xFD, 0xFF, 0xEF, 0x00, 0x00, 0x00, 0x00, 0xF0,
  0xFF, 0xFF, 0xFF, 0xFF, 0x00, 0x00, 0x00, 0x00, 0x00, 0xFF, 0xFF, 0xFF, 0xFF, 0x00, 0x00, 0x00,
  0x00, 0x00, 0x00, 0xFF, 0xFF, 0xFF, 0x0F, 0x00, 0x00, 0x00, 0x00, 0x00, 0xF0, 0xFF, 0xFF, 0xFF,
  0x00, 0x00, 0x00, 0x00, 0x00, 0xF0, 0xFF, 0xFF, 0xFF, 0xDF, 0x00, 0x00, 0x00, 0x00, 0xE0, 0xFF,
  0xFF, 0xFF, 0xFF, 0x0F, 0x00, 0x00, 0x00, 0x00, 0xFF, 0xFF, 0x0F, 0xFF, 0xFF, 0x0E, 0x00, 0x00,
  0x00, 0xFF, 0xFF, 0x0F, 0xF0, 0xFF, 0xFF, 0x00, 0x00, 0x00, 0xFD, 0xFF, 0xFF, 0x00, 0xF0, 0xFF,
  0xFF, 0x00, 0x00, 0xF0, 0xFF, 0xFF, 0x00, 0x00, 0xFF, 0xFF, 0xEF, 0x00, 0xE0, 0xFF, 0xFF, 0x0E,
  0x00, 0x00, 0xFF, 0xFF, 0x0F, 0x00, 0xFF, 0xFF, 0x0F, 0x00, 0x00, 0xE0, 0xFF, 0xFF, 0x0F, 0xFE,
  0xFF, 0xFF, 0x00, 0x00, 0x00, 0xE0, 0xFF, 0xFF, 0x0F, 0xFF, 0xFF, 0x0F, 0x00, 0x00, 0x00, 0xFF,
  0xFF, 0xDF, 0xF0, 0xFF, 0xFF, 0x0D, 0x00, 0x00, 0xF0, 0xFF, 0xFF, 0x00, 0xFD, 0xFF, 0xFF, 0x00,
  0x00, 0xD0, 0xFF, 0xFF, 0x0E, 0x00, 0xFF, 0xFF, 0x0F, 0x00, 0x00, 0xFF, 0xFF, 0x0F, 0x00, 0xF0,
  0xFF, 0xFF, 0x00, 0x00, 0xF0, 0xFF, 0xFF, 0x00, 0x00, 0xF0, 0xFF, 0xEF, 0x00, 0xD0, 0xFF, 0xFF,
  0x0E, 0x00, 0x00, 0xFF, 0xFF, 0x0F, 0x00, 0xFF, 0xFF, 0x0F, 0x00, 0x00, 0xE0, 0xFF, 0xFF, 0x00,
  0xF0, 0xFF, 0xFF, 0x00, 0x00, 0x00, 0xF0, 0xFF, 0xEF, 0xD0, 0xFF, 0xFF, 0x0D, 0x00, 0x00, 0x00,
  0xFF, 0xFF, 0x0F, 0xFF, 0xFF, 0x0F, 0x00, 0x00, 0x00, 0xE0, 0xFF, 0xFF, 0xF0, 0xFF, 0xFF, 0x00,
  0x00, 0x00, 0x00, 0xF0, 0xFF, 0xDF, 0xFF, 0xFF, 0x00, 0x00, 0x00, 0x00, 0x00, 0xFF, 0xFF, 0xFF,
  0xFF, 0x0F, 0x00, 0x00, 0x00, 0x00, 0xD0, 0xFF, 0xFF, 0xFF, 0xEF, 0x00, 0x00, 0x00, 0x00, 0x00,
  0xF0, 0xFF, 0xFF, 0xFF, 0x00, 0x00, 0x00, 0x00, 0x00, 0x00, 0xFF, 0xFF, 0xFF, 0x0F, 0x00, 0x00,
  0x00, 0x00, 0x00, 0xD0, 0xFF, 0xFF, 0xEF, 0x00, 0x00, 0x00, 0x00, 0x00, 0x00, 0xF0, 0xFF, 0xFF,
  0x00, 0x00, 0x00, 0x00, 0x00, 0x00, 0x00, 0xFF, 0xFF, 0x0F, 0x00, 0x00, 0x00, 0x00, 0x00, 0x00,
  0xFF, 0xFF, 0xDF, 0x00, 0x00, 0x00, 0x00, 0xD0, 0xFF, 0xFF, 0xFF, 0xFF, 0x00, 0x00, 0x00, 0x00,
  0x00, 0xFF, 0xFF, 0xFF, 0xFF, 0x00, 0x00, 0x00, 0x00, 0x00, 0xF0, 0xFF, 0xFF, 0xFF, 0x0D, 0x00,
  0x00, 0x00, 0x00, 0x00, 0xFF, 0xFF, 0xFF, 0x00, 0x00, 0x00, 0x00, 0x00, 0x00, 0x00, 0xFF, 0xFF,
  0xFF, 0xFF, 0xFF, 0xFF, 0xFF, 0x00, 0x00, 0xFF, 0xFF, 0xFF, 0xFF, 0xFF, 0xFF, 0xFF, 0x00, 0x00,
  0xFF, 0xFF, 0xFF, 0xFF, 0xFF, 0xFF, 0xFF, 0x00, 0x00, 0xFF, 0xFF, 0xFF, 0xFF, 0xFF, 0xFF, 0xFF,
  0x00, 0x00, 0x00, 0x00, 0x00, 0x00, 0xFF, 0xFF, 0x0F, 0x00, 0x00, 0x00, 0x00, 0x00, 0xF0, 0xFF,
  0xFF, 0x0E, 0x00, 0x00, 0x00, 0x00, 0x00, 0xFF, 0xFF, 0xFF, 0x00, 0x00, 0x00, 0x00, 0x00, 0xE0,
  0xFF, 0xFF, 0x0F, 0x00, 0x00, 0x00, 0x00, 0x00, 0xF0, 0xFF, 0xFF, 0x0D, 0x00, 0x00, 0x00, 0x00,
  0x00, 0xFF, 0xFF, 0xEF, 0x00, 0x00, 0x00, 0x00, 0x00, 0xF0, 0xFF, 0xFF, 0x0F, 0x00, 0x00, 0x00,
  0x00, 0x00, 0xFE, 0xFF, 0xFF, 0x00, 0x00, 0x00, 0x00, 0x00, 0x00, 0xFF, 0xFF, 0xDF, 0x00, 0x00,
  0x00, 0x00, 0x00, 0xF0, 0xFF, 0xFF, 0x0F, 0x00, 0x00, 0x00, 0x00, 0x00, 0xFF, 0xFF, 0xFF, 0xFF,
  0xFF, 0xFF, 0xFF, 0x0E, 0x00, 0xFF, 0xFF, 0xFF, 0xFF, 0xFF, 0xFF, 0xFF, 0x0E, 0x00, 0xFF, 0xFF,
  0xFF, 0xFF, 0xFF, 0xFF, 0xFF, 0x0E, 0x00, 0xFF, 0xFF, 0xFF, 0xFF, 0xFF, 0xFF, 0xFF, 0x0E, 0x00,
  0x00, 0x00, 0x00, 0xE0, 0xFF, 0xEF, 0x00, 0x00, 0x00, 0x00, 0xFE, 0xFF, 0xFF, 0x0E, 0x00, 0x00,
  0x00, 0xFD, 0xFF, 0xFF, 0xEF, 0x00, 0x00, 0x00, 0xF0, 0xFF, 0xFF, 0xFF, 0x0E, 0x00, 0x00, 0x00,
  0xFF, 0xFF, 0xDF, 0x00, 0x00, 0x00, 0x00, 0xFD, 0xFF, 0xEF, 0x00, 0x00, 0x00, 0x00, 0xD0, 0xFF,
  0xFF, 0x00, 0x00, 0x00, 0x00, 0x00, 0xFE, 0xFF, 0x0F, 0x00, 0x00, 0x00, 0x00, 0xE0, 0xFF, 0xFF,
  0x00, 0x00, 0x00, 0x00, 0x00, 0xFE, 0xFF, 0x0F, 0x00, 0x00, 0x00, 0x00, 0xE0, 0xFF, 0xFF, 0x00,
  0x00, 0x00, 0x00, 0x00, 0xFF, 0xFF, 0x0F, 0x00, 0x00, 0x00, 0x00, 0xFE, 0xFF, 0xFF, 0x00, 0x00,
  0x00, 0xF0, 0xFF, 0xFF, 0xFF, 0x00, 0x00, 0x00, 0x00, 0xFF, 0xFF, 0xEF, 0x00, 0x00, 0x00, 0x00,
  0xF0, 0xFF, 0xFF, 0x0E, 0x00, 0x00, 0x00, 0x00, 0xFF, 0xFF, 0xFF, 0x0F, 0x00, 0x00, 0x00, 0x00,
  0xE0, 0xFF, 0xFF, 0x0F, 0x00, 0x00, 0x00, 0x00, 0xF0, 0xFF, 0xFF, 0x00, 0x00, 0x00, 0x00, 0x00,
  0xFE, 0xFF, 0x0F, 0x00, 0x00, 0x00, 0x00, 0xE0, 0xFF, 0xFF, 0x00, 0x00, 0x00, 0x00, 0x00, 0xFE,
  0xFF, 0x0F, 0x00, 0x00, 0x00, 0x00, 0xE0, 0xFF, 0xFF, 0x00, 0x00, 0x00, 0x00, 0x00, 0xFD, 0xFF,
  0x0F, 0x00, 0x00, 0x00, 0x00, 0xD0, 0xFF, 0xFF, 0x0D, 0x00, 0x00, 0x00, 0x00, 0xF0, 0xFF, 0xFF,
  0x00, 0x00, 0x00, 0x00, 0x00, 0xFF, 0xFF, 0xFF, 0xEF, 0x00, 0x00, 0x00, 0xE0, 0xFF, 0xFF, 0xFF,
  0x0E, 0x00, 0x00, 0x00, 0xF0, 0xFF, 0xFF, 0xEF, 0x00, 0x00, 0x00, 0x00, 0x00, 0xFF, 0xFF, 0x0E,
  0x00, 0xD0, 0xFF, 0xFF, 0x00, 0x00, 0x00, 0xD0, 0xFF, 0xFF, 0x00, 0x00, 0x00, 0xD0, 0xFF, 0xFF,
  0x00, 0x00, 0x00, 0xD0, 0xFF, 0xFF, 0x00, 0x00, 0x00, 0xD0, 0xFF, 0xFF, 0x00, 0x00, 0x00, 0xD0,
  0xFF, 0xFF, 0x00, 0x00, 0x00, 0xD0, 0xFF, 0xFF, 0x00, 0x00, 0x00, 0xD0, 0xFF, 0xFF, 0x00, 0x00,
  0x00, 0xD0, 0xFF, 0xFF, 0x00, 0x00, 0x00, 0xD0, 0xFF, 0xFF, 0x00, 0x00, 0x00, 0xD0, 0xFF, 0xFF,
  0x00, 0x00, 0x00, 0xD0, 0xFF, 0xFF, 0x00, 0x00, 0x00, 0xD0, 0xFF, 0xFF, 0x00, 0x00, 0x00, 0xD0,
  0xFF, 0xFF, 0x00, 0x00, 0x00, 0xD0, 0xFF, 0xFF, 0x00, 0x00, 0x00, 0xD0, 0xFF, 0xFF, 0x00, 0x00,
  0x00, 0xD0, 0xFF, 0xFF, 0x00, 0x00, 0x00, 0xD0, 0xFF, 0xFF, 0x00, 0x00, 0x00, 0xD0, 0xFF, 0xFF,
  0x00, 0x00, 0x00, 0xD0, 0xFF, 0xFF, 0x00, 0x00, 0x00, 0xD0, 0xFF, 0xFF, 0x00, 0x00, 0x00, 0xD0,
  0xFF, 0xFF, 0x00, 0x00, 0x00, 0xD0, 0xFF, 0xFF, 0x00, 0x00, 0x00, 0xD0, 0xFF, 0xFF, 0x00, 0x00,
  0x00, 0xD0, 0xFF, 0xFF, 0x00, 0x00, 0x00, 0xD0, 0xFF, 0xFF, 0x00, 0x00, 0x00, 0xD0, 0xFF, 0xFF,
  0x00, 0x00, 0x00, 0xD0, 0xFF, 0xFF, 0x00, 0x00, 0x00, 0xD0, 0xFF, 0xFF, 0x00, 0x00, 0x00, 0xD0,
  0xFF, 0xFF, 0x00, 0x00, 0x00, 0xD0, 0xFF, 0xFF, 0x00, 0x00, 0x00, 0xD0, 0xFF, 0xFF, 0x00, 0x00,
  0x00, 0xD0, 0xFF, 0xFF, 0x00, 0x00, 0x00, 0xD0, 0xFF, 0xFF, 0x00, 0x00, 0x00, 0xD0, 0xFF, 0xFF,
  0x00, 0x00, 0x00, 0xD0, 0xFF, 0xFF, 0x00, 0x00, 0x00, 0xD0, 0xFF, 0xFF, 0x00, 0x00, 0x00, 0xD0,
  0xFF, 0xFF, 0x00, 0x00, 0x00, 0xD0, 0xFF, 0xFF, 0x00, 0x00, 0xD0, 0xFF, 0xEF, 0x00, 0x00, 0x00,
  0x00, 0x00, 0xFE, 0xFF, 0xFF, 0x0D, 0x00, 0x00, 0x00, 0xE0, 0xFF, 0xFF, 0xFF, 0x0D, 0x00, 0x00,
  0x00, 0xFE, 0xFF, 0xFF, 0xFF, 0x00, 0x00, 0x00, 0x00, 0xD0, 0xFF, 0xFF, 0x0F, 0x00, 0x00, 0x00,
  0x00, 0xE0, 0xFF, 0xFF, 0x0D, 0x00, 0x00, 0x00, 0x00, 0xF0, 0xFF, 0xDF, 0x00, 0x00, 0x00, 0x00,
  0x00, 0xFF, 0xFF, 0x0E, 0x00, 0x00, 0x00, 0x00, 0xF0, 0xFF, 0xEF, 0x00, 0x00, 0x00, 0x00, 0x00,
  0xFF, 0xFF, 0x0E, 0x00, 0x00, 0x00, 0x00, 0xF0, 0xFF, 0xEF, 0x00, 0x00, 0x00, 0x00, 0x00, 0xFF,
  0xFF, 0x0F, 0x00, 0x00, 0x00, 0x00, 0xF0, 0xFF, 0xFF, 0x0D, 0x00, 0x00, 0x00, 0x00, 0xF0, 0xFF,
  0xFF, 0xFF, 0x00, 0x00, 0x00, 0x00, 0xF0, 0xFF, 0xFF, 0x0F, 0x00, 0x00, 0x00, 0x00, 0xFD, 0xFF,
  0xFF, 0x00, 0x00, 0x00, 0x00, 0xFF, 0xFF, 0xFF, 0x0F, 0x00, 0x00, 0x00, 0xFF, 0xFF, 0xFF, 0x00,
  0x00, 0x00, 0x00, 0xF0, 0xFF, 0xFF, 0x00, 0x00, 0x00, 0x00, 0x00, 0xFF, 0xFF, 0x0E, 0x00, 0x00,
  0x00, 0x00, 0xF0, 0xFF, 0xEF, 0x00, 0x00, 0x00, 0x00, 0x00, 0xFF, 0xFF, 0x0E, 0x00, 0x00, 0x00,
  0x00, 0xF0, 0xFF, 0xEF, 0x00, 0x00, 0x00, 0x00, 0x00, 0xFF, 0xFF, 0x0D, 0x00, 0x00, 0x00, 0x00,
  0xFD, 0xFF, 0xDF, 0x00, 0x00, 0x00, 0x00, 0xF0, 0xFF, 0xFF, 0x00, 0x00, 0x00, 0xD0, 0xFF, 0xFF,
  0xFF, 0x0F, 0x00, 0x00, 0x00, 0xFE, 0xFF, 0xFF, 0xEF, 0x00, 0x00, 0x00, 0xE0, 0xFF, 0xFF, 0xFF,
  0x00, 0x00, 0x00, 0x00, 0xFE, 0xFF, 0xDF, 0x00, 0x00, 0x00, 0x00, 0x00, 0x00, 0xF0, 0xFF, 0xEF,
  0x00, 0x00, 0x00, 0xEE, 0x0E, 0x00, 0x00, 0x00, 0xFF, 0xFF, 0xFF, 0x0F, 0x00, 0xE0, 0xFF, 0xDF,
  0x00, 0x00, 0xF0, 0xFF, 0xFF, 0xFF, 0xFF, 0x0D, 0xF0, 0xFF, 0x0F, 0x00, 0x00, 0xFD, 0xFF, 0xFF,
  0xFF, 0xFF, 0xFF, 0xFF, 0xFF, 0x0F, 0x00, 0x00, 0xFE, 0xFF, 0x0F, 0xE0, 0xFF, 0xFF, 0xFF, 0xFF,
  0x0E, 0x00, 0x00, 0xFF, 0xFF, 0x00, 0x00, 0xFE, 0xFF, 0xFF, 0xFF, 0x00, 0x00, 0x00, 0xED, 0xEE,
  0x00, 0x00, 0x00, 0xFF, 0xFF, 0x0E, 0x00, 0x00, 0x00, 0x00, 0x00, 0x00, 0x00, 0x00, 0x00, 0x00,
  0x00, 0x00, 0x00, 0x00, 0x00, 0x00, 0x00, 0x00, 0x00, 0x00, 0x00, 0x00, 0x00, 0x00, 0x00, 0x00,
  0x00, 0x00, 0x00, 0x00, 0x00, 0x00, 0x00, 0x00, 0x00, 0x00, 0x00, 0x00, 0x00, 0x00, 0x00, 0x00,
  0x00, 0x00, 0x00, 0x00, 0x00, 0x00, 0x00, 0x00, 0x00, 0x00, 0x00, 0x00, 0x00, 0x00, 0x00, 0x00,
  0x00, 0x00, 0x00, 0x00, 0x00, 0x00, 0x00, 0x00, 0x00, 0x00,
};
static constexpr Font kBrand{kBrandGlyphs, kBrandBitmap, 31, 8, 39};
static constexpr Glyph kMetricGlyphs[] = {
  {0, 7, 0, 0, 0, 7},
  {0, 10, 22, 0, -22, 10},
  {110, 17, 22, 0, -22, 17},
  {297, 20, 22, 0, -22, 19},
  {517, 20, 28, 0, -25, 20},
  {797, 30, 22, 0, -22, 30},
  {1127, 21, 22, 0, -22, 20},
  {1358, 10, 22, 0, -22, 10},
  {1468, 11, 28, 0, -24, 11},
  {1622, 11, 28, 0, -24, 11},
  {1776, 17, 22, 0, -22, 17},
  {1963, 20, 17, 0, -17, 20},
  {2133, 10, 9, 0, -3, 10},
  {2178, 14, 11, 0, -11, 14},
  {2255, 10, 5, 0, -5, 10},
  {2280, 12, 27, 0, -24, 12},
  {2442, 20, 22, 0, -22, 20},
  {2662, 13, 22, 0, -22, 13},
  {2805, 19, 22, 0, -22, 19},
  {3014, 19, 22, 0, -22, 19},
  {3223, 20, 22, 0, -22, 20},
  {3443, 19, 22, 0, -22, 19},
  {3652, 19, 22, 0, -22, 19},
  {3861, 17, 22, 0, -22, 17},
  {4048, 20, 22, 0, -22, 20},
  {4268, 19, 22, 0, -22, 19},
  {4477, 10, 16, 0, -16, 10},
  {4557, 10, 22, 0, -16, 10},
  {4667, 20, 18, 0, -18, 20},
  {4847, 20, 14, 0, -14, 20},
  {4987, 20, 18, 0, -18, 20},
  {5167, 17, 22, 0, -22, 17},
  {5354, 30, 28, 0, -22, 30},
  {5774, 22, 22, 0, -22, 22},
  {6016, 20, 22, 0, -22, 20},
  {6236, 22, 22, 0, -22, 22},
  {6478, 22, 22, 0, -22, 22},
  {6720, 18, 22, 0, -22, 18},
  {6918, 18, 22, 0, -22, 18},
  {7116, 23, 22, 0, -22, 23},
  {7369, 22, 22, 0, -22, 22},
  {7611, 8, 22, 0, -22, 8},
  {7699, 18, 22, 0, -22, 18},
  {7897, 22, 22, 0, -22, 22},
  {8139, 17, 22, 0, -22, 17},
  {8326, 28, 22, 0, -22, 28},
  {8634, 23, 22, 0, -22, 23},
  {8887, 23, 22, 0, -22, 23},
  {9140, 19, 22, 0, -22, 19},
  {9349, 23, 24, 0, -22, 23},
  {9625, 20, 22, 0, -22, 20},
  {9845, 20, 22, 0, -22, 20},
  {10065, 20, 22, 0, -22, 20},
  {10285, 22, 22, 0, -22, 22},
  {10527, 22, 22, 0, -22, 22},
  {10769, 31, 22, 0, -22, 31},
  {11110, 22, 22, 0, -22, 22},
  {11352, 22, 22, 0, -22, 22},
  {11594, 20, 22, 0, -22, 20},
  {11814, 11, 28, 0, -24, 11},
  {11968, 12, 27, 0, -24, 12},
  {12130, 11, 28, 0, -24, 11},
  {12284, 15, 22, 0, -22, 15},
  {12449, 15, 4, 0, -1, 14},
  {12479, 11, 24, 0, -24, 11},
  {12611, 17, 17, 0, -17, 17},
  {12756, 19, 22, 0, -22, 19},
  {12965, 18, 17, 0, -17, 18},
  {13118, 19, 22, 0, -22, 19},
  {13327, 18, 17, 0, -17, 18},
  {13480, 12, 23, 0, -23, 12},
  {13618, 19, 23, 0, -17, 19},
  {13837, 19, 22, 0, -22, 19},
  {14046, 8, 24, 0, -24, 8},
  {14142, 9, 30, -1, -24, 8},
  {14277, 18, 22, 0, -22, 17},
  {14475, 8, 22, 0, -22, 8},
  {14563, 27, 17, 0, -17, 27},
  {14793, 19, 17, 0, -17, 19},
  {14955, 18, 17, 0, -17, 18},
  {15108, 19, 23, 0, -17, 19},
  {15327, 19, 23, 0, -17, 19},
  {15546, 12, 18, 0, -18, 12},
  {15654, 17, 17, 0, -17, 17},
  {15799, 11, 21, 0, -21, 11},
  {15915, 19, 17, 0, -17, 19},
  {16077, 18, 17, 0, -17, 18},
  {16230, 26, 17, 0, -17, 26},
  {16451, 17, 17, 0, -17, 17},
  {16596, 18, 23, 0, -17, 18},
  {16803, 17, 17, 0, -17, 17},
  {16948, 14, 28, 0, -24, 14},
  {17144, 11, 37, 0, -30, 11},
  {17348, 14, 28, 0, -24, 14},
  {17544, 20, 13, 0, -13, 20},
};
static constexpr uint8_t kMetricBitmap[] = {
  0x00, 0xFD, 0xFF, 0xEF, 0x00, 0x00, 0xFD, 0xFF, 0xEF, 0x00, 0x00, 0xFD, 0xFF, 0xEF, 0x00, 0x00,
  0xFD, 0xFF, 0xEF, 0x00, 0x00, 0xFD, 0xFF, 0xEF, 0x00, 0x00, 0xF0, 0xFF, 0xDF, 0x00, 0x00, 0xF0,
  0xFF, 0xDF, 0x00, 0x00, 0xF0, 0xFF, 0xDF, 0x00, 0x00, 0xF0, 0xFF, 0xDF, 0x00, 0x00, 0xF0, 0xFF,
  0xDF, 0x00, 0x00, 0xF0, 0xFF, 0xDF, 0x00, 0x00, 0xF0, 0xFF, 0x0F, 0x00, 0x00, 0xF0, 0xFF, 0x0F,
  0x00, 0x00, 0xF0, 0xFF, 0x0F, 0x00, 0x00, 0xF0, 0xFF, 0x0F, 0x00, 0x00, 0x00, 0x00, 0x00, 0x00,
  0x00, 0x00, 0x00, 0x00, 0x00, 0x00, 0xE0, 0xFF, 0x0F, 0x00, 0x00, 0xFD, 0xFF, 0xEF, 0x00, 0x00,
  0xFE, 0xFF, 0xFF, 0x00, 0x00, 0xFD, 0xFF, 0xEF, 0x00, 0x00, 0xE0, 0xFF, 0x0F, 0x00, 0x00, 0xF0,
  0xFF, 0x0F, 0xF0, 0xFF, 0xFF, 0x00, 0x00, 0x00, 0xFF, 0xFF, 0x00, 0xFF, 0xFF, 0x0F, 0x00, 0x00,
  0xF0, 0xFF, 0x0F, 0xF0, 0xFF, 0xEF, 0x00, 0x00, 0x00, 0xFF, 0xFF, 0x00, 0xFE, 0xFF, 0x0E, 0x00,
  0x00, 0xF0, 0xFF, 0x0F, 0xE0, 0xFF, 0xEF, 0x00, 0x00, 0x00, 0xFF, 0xFF, 0x00, 0xFE, 0xFF, 0x0D,
  0x00, 0x00, 0xF0, 0xFF, 0x0F, 0xE0, 0xFF, 0xDF, 0x00, 0x00, 0x00, 0xFF, 0xFF, 0x00, 0xFD, 0xFF,
  0x0D, 0x00, 0x00, 0xF0, 0xFF, 0x0F, 0xD0, 0xFF, 0x0F, 0x00, 0x00, 0x00, 0x00, 0x00, 0x00, 0x00,
  0x00, 0x00, 0x00, 0x00, 0x00, 0x00, 0x00, 0x00, 0x00, 0x00, 0x00, 0x00, 0x00, 0x00, 0x00, 0x00,
  0x00, 0x00, 0x00, 0x00, 0x00, 0x00, 0x00, 0x00, 0x00, 0x00, 0x00, 0x00, 0x00, 0x00, 0x00, 0x00,
  0x00, 0x00, 0x00, 0x00, 0x00, 0x00, 0x00, 0x00, 0x00, 0x00, 0x00, 0x00, 0x00, 0x00, 0x00, 0x00,
  0x00, 0x00, 0x00, 0x00, 0x00, 0x00, 0x00, 0x00, 0x00, 0x00, 0x00, 0x00, 0x00, 0x00, 0x00, 0x00,
  0x00, 0x00, 0x00, 0x00, 0x00, 0x00, 0x00, 0x00, 0x00, 0x00, 0x00, 0x00, 0x00, 0x00, 0x00, 0x00,
  0x00, 0x00, 0x00, 0x00, 0x00, 0x00, 0x00, 0x00, 0x00, 0x00, 0x00, 0x00, 0x00, 0x00, 0x00, 0x00,
  0x00, 0x00, 0x00, 0x00, 0x00, 0x00, 0x00, 0x00, 0x00, 0x00, 0x00, 0x00, 0xFF, 0xDF, 0x00, 0xE0,
  0xFF, 0x0F, 0x00, 0x00, 0x00, 0xD0, 0xFF, 0x0F, 0x00, 0xF0, 0xFF, 0x0F, 0x00, 0x00, 0x00, 0xE0,
  0xFF, 0x0F, 0x00, 0xF0, 0xFF, 0x0F, 0x00, 0x00, 0x00, 0xF0, 0xFF, 0x0F, 0x00, 0xF0, 0xFF, 0x0E,
  0x00, 0x00, 0x00, 0xF0, 0xFF, 0x0F, 0x00, 0xF0, 0xFF, 0x0D, 0x00, 0x00, 0xFF, 0xFF, 0xFF, 0xFF,
  0xFF, 0xFF, 0xFF, 0xFF, 0x0F, 0x00, 0xFF, 0xFF, 0xFF, 0xFF, 0xFF, 0xFF, 0xFF, 0xFF, 0x0F, 0xD0,
  0xFF, 0xFF, 0xFF, 0xFF, 0xFF, 0xFF, 0xFF, 0xFF, 0x0F, 0xD0, 0xFF, 0xFF, 0xFF, 0xFF, 0xFF, 0xFF,
  0xFF, 0xFF, 0x0E, 0x00, 0x00, 0xFF, 0xFF, 0x00, 0x00, 0xFF, 0xEF, 0x00, 0x00, 0x00, 0x00, 0xFF,
  0xFF, 0x00, 0x00, 0xFF, 0xDF, 0x00, 0x00, 0x00, 0x00, 0xFF, 0xEF, 0x00, 0xD0, 0xFF, 0x0F, 0x00,
  0x00, 0x00, 0x00, 0xFF, 0xDF, 0x00, 0xE0, 0xFF, 0x0F, 0x00, 0x00, 0xFD, 0xFF, 0xFF, 0xFF, 0xFF,
  0xFF, 0xFF, 0xFF, 0xFF, 0x00, 0xFE, 0xFF, 0xFF, 0xFF, 0xFF, 0xFF, 0xFF, 0xFF, 0xFF, 0x00, 0xFF,
  0xFF, 0xFF, 0xFF, 0xFF, 0xFF, 0xFF, 0xFF, 0xEF, 0x00, 0xFE, 0xFF, 0xFF, 0xFF, 0xFF, 0xFF, 0xFF,
  0xFF, 0xDF, 0x00, 0x00, 0xF0, 0xFF, 0x0F, 0x00, 0xF0, 0xFF, 0x00, 0x00, 0x00, 0x00, 0xF0, 0xFF,
  0x0E, 0x00, 0xFE, 0xFF, 0x00, 0x00, 0x00, 0x00, 0xF0, 0xFF, 0x00, 0x00, 0xFE, 0xFF, 0x00, 0x00,
  0x00, 0x00, 0xFD, 0xFF, 0x00, 0x00, 0xFF, 0xFF, 0x00, 0x00, 0x00, 0x00, 0xFE, 0xFF, 0x00, 0x00,
  0xFF, 0xFF, 0x00, 0x00, 0x00, 0x00, 0x00, 0x00, 0x00, 0xF0, 0x0F, 0x00, 0x00, 0x00, 0x00, 0x00,
  0x00, 0x00, 0x00, 0xF0, 0x0F, 0x00, 0x00, 0x00, 0x00, 0x00, 0x00, 0x00, 0x00, 0xF0, 0x0F, 0x00,
  0x00, 0x00, 0x00, 0x00, 0x00, 0x00, 0xFF, 0xFF, 0xFF, 0xFF, 0x00, 0x00, 0x00, 0x00, 0x00, 0xFE,
  0xFF, 0xFF, 0xFF, 0xFF, 0xFF, 0x00, 0x00, 0x00, 0xF0, 0xFF, 0xFF, 0xFF, 0xFF, 0xFF, 0xFF, 0x0F,
  0x00, 0x00, 0xFE, 0xFF, 0xFF, 0xFF, 0xFF, 0xFF, 0xFF, 0xEF, 0x00, 0x00, 0xFF, 0xFF, 0xEF, 0xF0,
  0x0F, 0xFE, 0xFF, 0xFF, 0x00, 0x00, 0xFF, 0xFF, 0x0F, 0xF0, 0x0F, 0xE0, 0xFF, 0xFF, 0x00, 0x00,
  0xFF, 0xFF, 0x0E, 0xF0, 0x0F, 0x00, 0xEE, 0xEE, 0x00, 0x00, 0xFF, 0xFF, 0x0F, 0xF0, 0x0F, 0x00,
  0x00, 0x00, 0x00, 0x00, 0xFF, 0xFF, 0xFF, 0xFE, 0x0F, 0x00, 0x00, 0x00, 0x00, 0x00, 0xFD, 0xFF,
  0xFF, 0xFF, 0xFF, 0x0E, 0x00, 0x00, 0x00, 0x00, 0xE0, 0xFF, 0xFF, 0xFF, 0xFF, 0xFF, 0x0F, 0x00,
  0x00, 0x00, 0x00, 0xF0, 0xFF, 0xFF, 0xFF, 0xFF, 0xFF, 0x0E, 0x00, 0x00, 0x00, 0x00, 0xD0, 0xFF,
  0xFF, 0xFF, 0xFF, 0xEF, 0x00, 0x00, 0x00, 0x00, 0x00, 0xF0, 0xEF, 0xFF, 0xFF, 0xFF, 0x00, 0x00,
  0x00, 0x00, 0x00, 0xF0, 0x0F, 0xF0, 0xFF, 0xFF, 0x0D, 0xF0, 0xFF, 0xFF, 0x00, 0xF0, 0x0F, 0x00,
  0xFF, 0xFF, 0x0E, 0xF0, 0xFF, 0xFF, 0x00, 0xF0, 0x0F, 0xD0, 0xFF, 0xFF, 0x0E, 0xE0, 0xFF, 0xFF,
  0x0F, 0xF0, 0x0F, 0xF0, 0xFF, 0xFF, 0x00, 0x00, 0xFF, 0xFF, 0xFF, 0xFF, 0xFF, 0xFF, 0xFF, 0xFF,
  0x00, 0x00, 0xFD, 0xFF, 0xFF, 0xFF, 0xFF, 0xFF, 0xFF, 0x0F, 0x00, 0x00, 0xD0, 0xFF, 0xFF, 0xFF,
  0xFF, 0xFF, 0xFF, 0x0D, 0x00, 0x00, 0x00, 0xE0, 0xFF, 0xFF, 0xFF, 0xFF, 0x0E, 0x00, 0x00, 0x00,
  0x00, 0x00, 0x00, 0xF0, 0x0F, 0x00, 0x00, 0x00, 0x00, 0x00, 0x00, 0x00, 0x00, 0xF0, 0x0F, 0x00,
  0x00, 0x00, 0x00, 0x00, 0x00, 0x00, 0x00, 0xF0, 0x0F, 0x00, 0x00, 0x00, 0x00, 0x00, 0x00, 0xF0,
  0xFF, 0xFF, 0x00, 0x00, 0x00, 0x00, 0x00, 0xFD, 0xFF, 0x00, 0x00, 0x00, 0x00, 0xD0, 0xFF, 0xFF,
  0xFF, 0x0F, 0x00, 0x00, 0x00, 0x00, 0xFF, 0x0F, 0x00, 0x00, 0x00, 0x00, 0xF0, 0xFF, 0xFF, 0xFF,
  0xFF, 0x00, 0x00, 0x00, 0xF0, 0xFF, 0x0E, 0x00, 0x00, 0x00, 0x00, 0xF0, 0xFF, 0x00, 0xF0, 0xFF,
  0x00, 0x00, 0x00, 0xFD, 0xFF, 0x00, 0x00, 0x00, 0x00, 0x00, 0xFD, 0xFF, 0x00, 0xF0, 0xFF, 0x0D,
  0x00, 0x00, 0xFF, 0x0F, 0x00, 0x00, 0x00, 0x00, 0x00, 0xFD, 0xFF, 0x00, 0xF0, 0xFF, 0x0D, 0x00,
  0xF0, 0xFF, 0x0E, 0x00, 0x00, 0x00, 0x00, 0x00, 0xF0, 0xFF, 0x00, 0xF0, 0xFF, 0x00, 0x00, 0xFD,
  0xFF, 0x00, 0x00, 0x00, 0x00, 0x00, 0x00, 0xF0, 0xFF, 0xFF, 0xFF, 0xFF, 0x00, 0x00, 0xFF, 0x0F,
  0x00, 0x00, 0x00, 0x00, 0x00, 0x00, 0xD0, 0xFF, 0xFF, 0xFF, 0x0F, 0x00, 0xF0, 0xFF, 0x0E, 0x00,
  0x00, 0x00, 0x00, 0x00, 0x00, 0x00, 0xF0, 0xFF, 0xFF, 0x00, 0x00, 0xFE, 0xFF, 0x00, 0x00, 0x00,
  0x00, 0x00, 0x00, 0x00, 0x00, 0x00, 0x00, 0x00, 0x00, 0x00, 0xFF, 0x0F, 0x00, 0x00, 0x00, 0x00,
  0x00, 0x00, 0x00, 0x00, 0x00, 0x00, 0x00, 0x00, 0xF0, 0xFF, 0x0E, 0x00, 0xFE, 0xFF, 0xEF, 0x00,
  0x00, 0x00, 0x00, 0x00, 0x00, 0x00, 0x00, 0xFE, 0xFF, 0x00, 0xF0, 0xFF, 0xFF, 0xFF, 0x0F, 0x00,
  0x00, 0x00, 0x00, 0x00, 0x00, 0x00, 0xFF, 0x0F, 0x00, 0xFD, 0xFF, 0xFF, 0xFF, 0x0F, 0x00, 0x00,
  0x00, 0x00, 0x00, 0x00, 0xF0, 0xFF, 0x0D, 0x00, 0xFF, 0xFF, 0x00, 0xFF, 0xFF, 0x00, 0x00, 0x00,
  0x00, 0x00, 0x00, 0xFE, 0xFF, 0x00, 0x00, 0xFF, 0xEF, 0x00, 0xFE, 0xFF, 0x00, 0x00, 0x00, 0x00,
  0x00, 0x00, 0xFF, 0x0F, 0x00, 0x00, 0xFF, 0xDF, 0x00, 0xFE, 0xFF, 0x00, 0x00, 0x00, 0x00, 0x00,
  0xF0, 0xFF, 0x0D, 0x00, 0x00, 0xFF, 0xEF, 0x00, 0xFE, 0xFF, 0x00, 0x00, 0x00, 0x00, 0x00, 0xFE,
  0xFF, 0x00, 0x00, 0x00, 0xFF, 0xFF, 0x00, 0xFF, 0xFF, 0x00, 0x00, 0x00, 0x00, 0x00, 0xFF, 0x0F,
  0x00, 0x00, 0x00, 0xFD, 0xFF, 0xFF, 0xFF, 0x0F, 0x00, 0x00, 0x00, 0x00, 0xF0, 0xFF, 0x0D, 0x00,
  0x00, 0x00, 0xF0, 0xFF, 0xFF, 0xFF, 0x0F, 0x00, 0x00, 0x00, 0x00, 0xFF, 0xFF, 0x00, 0x00, 0x00,
  0x00, 0x00, 0xFE, 0xFF, 0xEF, 0x00, 0x00, 0x00, 0x00, 0x00, 0xFF, 0xFF, 0xFF, 0x00, 0x00, 0x00,
  0x00, 0x00, 0x00, 0xD0, 0xFF, 0xFF, 0xFF, 0xFF, 0x0D, 0x00, 0x00, 0x00, 0x00, 0x00, 0xFF, 0xFF,
  0xFF, 0xFF, 0xFF, 0x00, 0x00, 0x00, 0x00, 0x00, 0xFF, 0xFF, 0xFF, 0xFF, 0xFF, 0xEF, 0x00, 0x00,
  0x00, 0x00, 0xF0, 0xFF, 0xDF, 0x00, 0xF0, 0xFF, 0x0F, 0x00, 0x00, 0x00, 0x00, 0xFF, 0xFF, 0x00,
  0x00, 0xFF, 0xFF, 0x00, 0x00, 0x00, 0x00, 0xF0, 0xFF, 0x0F, 0x00, 0xFE, 0xFF, 0x0E, 0x00, 0x00,
  0x00, 0x00, 0xFE, 0xFF, 0x0F, 0xFE, 0xFF, 0x0F, 0x00, 0x00, 0x00, 0x00, 0x00, 0xFF, 0xFF, 0xFF,
  0xFF, 0x0F, 0x00, 0x00, 0x00, 0x00, 0x00, 0xD0, 0xFF, 0xFF, 0xFF, 0x0F, 0x00, 0x00, 0x00, 0x00,
  0x00, 0x00, 0xFE, 0xFF, 0xFF, 0x0F, 0x00, 0x00, 0x00, 0x00, 0x00, 0x00, 0xFF, 0xFF, 0xFF, 0xFF,
  0x0D, 0x00, 0xFF, 0xFF, 0x00, 0x00, 0xFF, 0xFF, 0xFF, 0xFF, 0xFF, 0x00, 0xF0, 0xFF, 0x0F, 0x00,
  0xFD, 0xFF, 0xFF, 0xF0, 0xFF, 0xFF, 0xE0, 0xFF, 0xFF, 0x00, 0xF0, 0xFF, 0xFF, 0x00, 0xF0, 0xFF,
  0xFF, 0xFF, 0xFF, 0x0D, 0x00, 0xFF, 0xFF, 0x0F, 0x00, 0xF0, 0xFF, 0xFF, 0xFF, 0x0F, 0x00, 0xF0,
  0xFF, 0xFF, 0x00, 0x00, 0xFD, 0xFF, 0xFF, 0xFF, 0x00, 0x00, 0xFF, 0xFF, 0xDF, 0x00, 0x00, 0xFF,
  0xFF, 0xFF, 0x00, 0x00, 0x00, 0xFF, 0xFF, 0xFF, 0xFF, 0xFF, 0xFF, 0xFF, 0xDF, 0x00, 0x00, 0xE0,
  0xFF, 0xFF, 0xFF, 0xFF, 0xFF, 0xFF, 0xFF, 0x0F, 0x00, 0x00, 0xE0, 0xFF, 0xFF, 0xFF, 0xFF, 0xFF,
  0xFF, 0xFF, 0x0F, 0x00, 0x00, 0x00, 0xFF, 0xFF, 0xFF, 0xDF, 0x00, 0xFF, 0xFF, 0x0F, 0x00, 0xF0,
  0xFF, 0x0F, 0x00, 0x00, 0xF0, 0xFF, 0x0F, 0x00, 0x00, 0xF0, 0xFF, 0x0F, 0x00, 0x00, 0xF0, 0xFF,
  0x0F, 0x00, 0x00, 0xF0, 0xFF, 0x0F, 0x00, 0x00, 0xF0, 0xFF, 0x0F, 0x00, 0x00, 0xF0, 0xFF, 0x0F,
  0x00, 0x00, 0xF0, 0xFF, 0x0F, 0x00, 0x00, 0xF0, 0xFF, 0x0F, 0x00, 0x00, 0x00, 0x00, 0x00, 0x00,
  0x00, 0x00, 0x00, 0x00, 0x00, 0x00, 0x00, 0x00, 0x00, 0x00, 0x00, 0x00, 0x00, 0x00, 0x00, 0x00,
  0x00, 0x00, 0x00, 0x00, 0x00, 0x00, 0x00, 0x00, 0x00, 0x00, 0x00, 0x00, 0x00, 0x00, 0x00, 0x00,
  0x00, 0x00, 0x00, 0x00, 0x00, 0x00, 0x00, 0x00, 0x00, 0x00, 0x00, 0x00, 0x00, 0x00, 0x00, 0x00,
  0x00, 0x00, 0x00, 0x00, 0x00, 0x00, 0x00, 0x00, 0x00, 0x00, 0x00, 0x00, 0x00, 0x00, 0x00, 0xFF,
  0xFF, 0x00, 0x00, 0x00, 0xFF, 0xFF, 0x0F, 0x00, 0x00, 0xF0, 0xFF, 0xDF, 0x00, 0x00, 0xE0, 0xFF,
  0xFF, 0x00, 0x00, 0x00, 0xFF, 0xFF, 0x0F, 0x00, 0x00, 0xF0, 0xFF, 0xEF, 0x00, 0x00, 0xE0, 0xFF,
  0xFF, 0x00, 0x00, 0x00, 0xFF, 0xFF, 0x0F, 0x00, 0x00, 0xF0, 0xFF, 0xFF, 0x00, 0x00, 0x00, 0xFF,
  0xFF, 0x0E, 0x00, 0x00, 0xFD, 0xFF, 0xDF, 0x00, 0x00, 0xE0, 0xFF, 0xFF, 0x00, 0x00, 0x00, 0xFE,
  0xFF, 0x0F, 0x00, 0x00, 0xE0, 0xFF, 0xFF, 0x00, 0x00, 0x00, 0xFF, 0xFF, 0x0F, 0x00, 0x00, 0xE0,
  0xFF, 0xFF, 0x00, 0x00, 0x00, 0xFE, 0xFF, 0x0F, 0x00, 0x00, 0xE0, 0xFF, 0xFF, 0x00, 0x00, 0x00,
  0xFD, 0xFF, 0xDF, 0x00, 0x00, 0x00, 0xFF, 0xFF, 0x0E, 0x00, 0x00, 0xF0, 0xFF, 0xFF, 0x00, 0x00,
  0x00, 0xFF, 0xFF, 0x0F, 0x00, 0x00, 0xD0, 0xFF, 0xFF, 0x0D, 0x00, 0x00, 0xF0, 0xFF, 0xFF, 0x00,
  0x00, 0x00, 0xFE, 0xFF, 0x0F, 0x00, 0x00, 0x00, 0xFF, 0xFF, 0x0E, 0x00, 0x00, 0xF0, 0xFF, 0xFF,
  0x00, 0x00, 0x00, 0xF0, 0xFF, 0x0F, 0xF0, 0xFF, 0xDF, 0x00, 0x00, 0x00, 0xFE, 0xFF, 0x0F, 0x00,
  0x00, 0x00, 0xFF, 0xFF, 0x0D, 0x00, 0x00, 0xF0, 0xFF, 0xFF, 0x00, 0x00, 0x00, 0xFE, 0xFF, 0x0F,
  0x00, 0x00, 0x00, 0xFF, 0xFF, 0x0E, 0x00, 0x00, 0xF0, 0xFF, 0xFF, 0x00, 0x00, 0x00, 0xFF, 0xFF,
  0x0F, 0x00, 0x00, 0xE0, 0xFF, 0xFF, 0x00, 0x00, 0x00, 0xF0, 0xFF, 0xEF, 0x00, 0x00, 0x00, 0xFF,
  0xFF, 0x0E, 0x00, 0x00, 0xF0, 0xFF, 0xFF, 0x00, 0x00, 0x00, 0xFF, 0xFF, 0x0F, 0x00, 0x00, 0xF0,
  0xFF, 0xFF, 0x00, 0x00, 0x00, 0xFF, 0xFF, 0x0F, 0x00, 0x00, 0xF0, 0xFF, 0xFF, 0x00, 0x00, 0x00,
  0xFF, 0xFF, 0x0F, 0x00, 0x00, 0xF0, 0xFF, 0xFF, 0x00, 0x00, 0x00, 0xFF, 0xFF, 0x0E, 0x00, 0x00,
  0xFD, 0xFF, 0xDF, 0x00, 0x00, 0xE0, 0xFF, 0xFF, 0x00, 0x00, 0x00, 0xFF, 0xFF, 0x0F, 0x00, 0x00,
  0xF0, 0xFF, 0xEF, 0x00, 0x00, 0xD0, 0xFF, 0xFF, 0x00, 0x00, 0x00, 0xFF, 0xFF, 0x0F, 0x00, 0x00,
  0xF0, 0xFF, 0xEF, 0x00, 0x00, 0xE0, 0xFF, 0xFF, 0x00, 0x00, 0x00, 0xFF, 0xFF, 0x0D, 0x00, 0x00,
  0x00, 0x00, 0x00, 0xF0, 0xFF, 0x00, 0x00, 0x00, 0x00, 0x00, 0x00, 0x00, 0xFF, 0x0F, 0x00, 0x00,
  0x00, 0x00, 0xF0, 0x0F, 0xF0, 0xFF, 0x00, 0xDF, 0x00, 0x00, 0x00, 0xFF, 0x0F, 0xFF, 0xDF, 0xFF,
  0x0F, 0x00, 0x00, 0xFE, 0xFF, 0xFF, 0xFF, 0xFF, 0xFF, 0x0D, 0x00, 0x00, 0xFD, 0xFF, 0xFF, 0xFF,
  0xFF, 0x00, 0x00, 0x00, 0x00, 0xE0, 0xFF, 0xFF, 0xDF, 0x00, 0x00, 0x00, 0x00, 0xF0, 0xFF, 0xFF,
  0xFF, 0xFF, 0x00, 0x00, 0x00, 0xFE, 0xFF, 0xFF, 0xFF, 0xFF, 0xFF, 0x00, 0x00, 0x00, 0xFF, 0x0F,
  0xFF, 0xDF, 0xFF, 0x0F, 0x00, 0x00, 0xF0, 0x0F, 0xF0, 0xFF, 0x00, 0xEF, 0x00, 0x00, 0x00, 0x00,
  0x00, 0xFF, 0x0F, 0x00, 0x00, 0x00, 0x00, 0x00, 0x00, 0xF0, 0xFF, 0x00, 0x00, 0x00, 0x00, 0x00,
  0x00, 0x00, 0x00, 0x00, 0x00, 0x00, 0x00, 0x00, 0x00, 0x00, 0x00, 0x00, 0x00, 0x00, 0x00, 0x00,
  0x00, 0x00, 0x00, 0x00, 0x00, 0x00, 0x00, 0x00, 0x00, 0x00, 0x00, 0x00, 0x00, 0x00, 0x00, 0x00,
  0x00, 0x00, 0x00, 0x00, 0x00, 0x00, 0x00, 0x00, 0x00, 0x00, 0x00, 0x00, 0x00, 0x00, 0x00, 0x00,
  0x00, 0x00, 0x00, 0x00, 0x00, 0x00, 0x00, 0x00, 0x00, 0x00, 0x00, 0x00, 0x00, 0x00, 0x00, 0x00,
  0x00, 0x00, 0x00, 0x00, 0x00, 0x00, 0x00, 0x00, 0x00, 0x00, 0x00, 0x00, 0x00, 0x00, 0x00, 0xFF,
  0xFF, 0x00, 0x00, 0x00, 0x00, 0x00, 0x00, 0x00, 0x00, 0xFF, 0xFF, 0x00, 0x00, 0x00, 0x00, 0x00,
  0x00, 0x00, 0x00, 0xFF, 0xFF, 0x00, 0x00, 0x00, 0x00, 0x00, 0x00, 0x00, 0x00, 0xFF, 0xFF, 0x00,
  0x00, 0x00, 0x00, 0x00, 0x00, 0x00, 0x00, 0xFF, 0xFF, 0x00, 0x00, 0x00, 0x00, 0x00, 0xF0, 0xFF,
  0xFF, 0xFF, 0xFF, 0xFF, 0xFF, 0xEF, 0x00, 0x00, 0xFE, 0xFF, 0xFF, 0xFF, 0xFF, 0xFF, 0xFF, 0xFF,
  0x00, 0x00, 0xFE, 0xFF, 0xFF, 0xFF, 0xFF, 0xFF, 0xFF, 0xFF, 0x00, 0x00, 0xFE, 0xFF, 0xFF, 0xFF,
  0xFF, 0xFF, 0xFF, 0xFF, 0x00, 0x00, 0x00, 0x00, 0x00, 0xFF, 0xFF, 0x00, 0x00, 0x00, 0x00, 0x00,
  0x00, 0x00, 0x00, 0xFF, 0xFF, 0x00, 0x00, 0x00, 0x00, 0x00, 0x00, 0x00, 0x00, 0xFF, 0xFF, 0x00,
  0x00, 0x00, 0x00, 0x00, 0x00, 0x00, 0x00, 0xFF, 0xFF, 0x00, 0x00, 0x00, 0x00, 0x00, 0x00, 0x00,
  0x00, 0xFF, 0xFF, 0x00, 0x00, 0x00, 0x00, 0x00, 0x00, 0x00, 0x00, 0xFF, 0xFF, 0x00, 0x00, 0x00,
  0x00, 0x00, 0x00, 0x00, 0x00, 0x00, 0x00, 0x00, 0x00, 0x00, 0x00, 0x00, 0x00, 0x00, 0x00, 0x00,
  0x00, 0x00, 0x00, 0x00, 0x00, 0x00, 0xF0, 0xFF, 0xDF, 0x00, 0x00, 0xF0, 0xFF, 0x0F, 0x00, 0x00,
  0xFE, 0xFF, 0x0F, 0x00, 0x00, 0xFE, 0xFF, 0x0E, 0x00, 0x00, 0xFF, 0xFF, 0x00, 0x00, 0x00, 0xFF,
  0xFF, 0x00, 0x00, 0x00, 0xFF, 0xEF, 0x00, 0x00, 0x00, 0xFF, 0x0F, 0x00, 0x00, 0x00, 0xFF, 0x0F,
  0x00, 0x00, 0x00, 0xFF, 0xFF, 0xFF, 0xFF, 0xFF, 0x00, 0x00, 0xFF, 0xFF, 0xFF, 0xFF, 0xFF, 0x00,
  0x00, 0xFF, 0xFF, 0xFF, 0xFF, 0xFF, 0x00, 0x00, 0xFF, 0xFF, 0xFF, 0xFF, 0xFF, 0x00, 0x00, 0x00,
  0x00, 0x00, 0x00, 0x00, 0x00, 0x00, 0x00, 0x00, 0x00, 0x00, 0x00, 0x00, 0x00, 0x00, 0x00, 0x00,
  0x00, 0x00, 0x00, 0x00, 0x00, 0x00, 0x00, 0x00, 0x00, 0x00, 0x00, 0x00, 0x00, 0x00, 0x00, 0x00,
  0x00, 0x00, 0x00, 0x00, 0x00, 0x00, 0x00, 0x00, 0x00, 0x00, 0x00, 0x00, 0x00, 0x00, 0x00, 0x00,
  0xE0, 0xFF, 0x0E, 0x00, 0x00, 0xFD, 0xFF, 0xDF, 0x00, 0x00, 0xFE, 0xFF, 0xEF, 0x00, 0x00, 0xFD,
  0xFF, 0xDF, 0x00, 0x00, 0xE0, 0xFF, 0x0E, 0x00, 0x00, 0x00, 0x00, 0xF0, 0xFF, 0x0F, 0x00, 0x00,
  0x00, 0xF0, 0xFF, 0x0F, 0x00, 0x00, 0x00, 0xFD, 0xFF, 0x0F, 0x00, 0x00, 0x00, 0xFE, 0xFF, 0x0E,
  0x00, 0x00, 0x00, 0xFF, 0xFF, 0x00, 0x00, 0x00, 0x00, 0xFF, 0xFF, 0x00, 0x00, 0x00, 0xD0, 0xFF,
  0xFF, 0x00, 0x00, 0x00, 0xF0, 0xFF, 0xDF, 0x00, 0x00, 0x00, 0xF0, 0xFF, 0x0F, 0x00, 0x00, 0x00,
  0xF0, 0xFF, 0x0F, 0x00, 0x00, 0x00, 0xFD, 0xFF, 0x0F, 0x00, 0x00, 0x00, 0xFF, 0xFF, 0x0D, 0x00,
  0x00, 0x00, 0xFF, 0xFF, 0x00, 0x00, 0x00, 0x00, 0xFF, 0xFF, 0x00, 0x00, 0x00, 0xE0, 0xFF, 0xEF,
  0x00, 0x00, 0x00, 0xF0, 0xFF, 0xDF, 0x00, 0x00, 0x00, 0xF0, 0xFF, 0x0F, 0x00, 0x00, 0x00, 0xF0,
  0xFF, 0x0F, 0x00, 0x00, 0x00, 0xFE, 0xFF, 0x0E, 0x00, 0x00, 0x00, 0xFF, 0xFF, 0x00, 0x00, 0x00,
  0x00, 0xFF, 0xFF, 0x00, 0x00, 0x00, 0x00, 0xFF, 0xFF, 0x00, 0x00, 0x00, 0xE0, 0xFF, 0xEF, 0x00,
  0x00, 0x00, 0xF0, 0xFF, 0x0F, 0x00, 0x00, 0x00, 0xF0, 0xFF, 0x0F, 0x00, 0x00, 0x00, 0xFD, 0xFF,
  0x0F, 0x00, 0x00, 0x00, 0xFE, 0xFF, 0x0E, 0x00, 0x00, 0x00, 0x00, 0x00, 0x00, 0xFD, 0xFF, 0xFF,
  0xEF, 0x00, 0x00, 0x00, 0x00, 0x00, 0xF0, 0xFF, 0xFF, 0xFF, 0xFF, 0x0F, 0x00, 0x00, 0x00, 0x00,
  0xFF, 0xFF, 0xFF, 0xFF, 0xFF, 0xFF, 0x0D, 0x00, 0x00, 0xF0, 0xFF, 0xFF, 0xFF, 0xFF, 0xFF, 0xFF,
  0x0F, 0x00, 0x00, 0xFD, 0xFF, 0xFF, 0x00, 0x00, 0xFF, 0xFF, 0xFF, 0x00, 0x00, 0xFF, 0xFF, 0x0F,
  0x00, 0x00, 0xF0, 0xFF, 0xFF, 0x00, 0x00, 0xFF, 0xFF, 0x0F, 0x00, 0x00, 0xE0, 0xFF, 0xFF, 0x0D,
  0xD0, 0xFF, 0xFF, 0x0D, 0x00, 0x00, 0x00, 0xFF, 0xFF, 0x0E, 0xE0, 0xFF, 0xFF, 0x00, 0x00, 0x00,
  0x00, 0xFF, 0xFF, 0x0F, 0xF0, 0xFF, 0xFF, 0x00, 0x00, 0x00, 0x00, 0xFF, 0xFF, 0x0F, 0xF0, 0xFF,
  0xFF, 0x00, 0x00, 0x00, 0x00, 0xFF, 0xFF, 0x0F, 0xF0, 0xFF, 0xFF, 0x00, 0x00, 0x00, 0x00, 0xFF,
  0xFF, 0x0F, 0xF0, 0xFF, 0xFF, 0x00, 0x00, 0x00, 0x00, 0xFF, 0xFF, 0x0F, 0xE0, 0xFF, 0xFF, 0x00,
  0x00, 0x00, 0x00, 0xFF, 0xFF, 0x0F, 0xD0, 0xFF, 0xFF, 0x0D, 0x00, 0x00, 0x00, 0xFF, 0xFF, 0x0F,
  0x00, 0xFF, 0xFF, 0x0F, 0x00, 0x00, 0xE0, 0xFF, 0xFF, 0x0D, 0x00, 0xFF, 0xFF, 0x0F, 0x00, 0x00,
  0xF0, 0xFF, 0xFF, 0x00, 0x00, 0xFE, 0xFF, 0xFF, 0x00, 0x00, 0xFF, 0xFF, 0xFF, 0x00, 0x00, 0xF0,
  0xFF, 0xFF, 0xFF, 0xFF, 0xFF, 0xFF, 0x0F, 0x00, 0x00, 0x00, 0xFF, 0xFF, 0xFF, 0xFF, 0xFF, 0xFF,
  0x0D, 0x00, 0x00, 0x00, 0xF0, 0xFF, 0xFF, 0xFF, 0xFF, 0xDF, 0x00, 0x00, 0x00, 0x00, 0x00, 0xFD,
  0xFF, 0xFF, 0xEF, 0x00, 0x00, 0x00, 0x00, 0x00, 0xE0, 0xFF, 0xFF, 0x0F, 0x00, 0x00, 0xF0, 0xFF,
  0xFF, 0xFF, 0x00, 0x00, 0xFD, 0xFF, 0xFF, 0xFF, 0x0F, 0x00, 0xFE, 0xFF, 0xFF, 0xFF, 0xFF, 0x00,
  0xF0, 0xFF, 0xFF, 0xFF, 0xFF, 0x0F, 0x00, 0xFF, 0xFF, 0xF0, 0xFF, 0xFF, 0x00, 0xF0, 0xDF, 0x00,
  0xFF, 0xFF, 0x0F, 0x00, 0x0E, 0x00, 0xF0, 0xFF, 0xFF, 0x00, 0x00, 0x00, 0x00, 0xFF, 0xFF, 0x0F,
  0x00, 0x00, 0x00, 0xF0, 0xFF, 0xFF, 0x00, 0x00, 0x00, 0x00, 0xFF, 0xFF, 0x0F, 0x00, 0x00, 0x00,
  0xF0, 0xFF, 0xFF, 0x00, 0x00, 0x00, 0x00, 0xFF, 0xFF, 0x0F, 0x00, 0x00, 0x00, 0xF0, 0xFF, 0xFF,
  0x00, 0x00, 0x00, 0x00, 0xFF, 0xFF, 0x0F, 0x00, 0x00, 0x00, 0xF0, 0xFF, 0xFF, 0x00, 0x00, 0x00,
  0x00, 0xFF, 0xFF, 0x0F, 0x00, 0x00, 0x00, 0xF0, 0xFF, 0xFF, 0x00, 0x00, 0x00, 0x00, 0xFF, 0xFF,
  0x0F, 0x00, 0x00, 0x00, 0xF0, 0xFF, 0xFF, 0x00, 0x00, 0x00, 0x00, 0xFF, 0xFF, 0x0F, 0x00, 0x00,
  0x00, 0xF0, 0xFF, 0xFF, 0x00, 0x00, 0x00, 0xD0, 0xFF, 0xFF, 0xFF, 0x0E, 0x00, 0x00, 0x00, 0x00,
  0xF0, 0xFF, 0xFF, 0xFF, 0xFF, 0xEF, 0x00, 0x00, 0x00, 0xF0, 0xFF, 0xFF, 0xFF, 0xFF, 0xFF, 0xEF,
  0x00, 0x00, 0xE0, 0xFF, 0xFF, 0xFF, 0xFF, 0xFF, 0xFF, 0x0F, 0x00, 0x00, 0xFF, 0xFF, 0x0F, 0x00,
  0xE0, 0xFF, 0xFF, 0x0F, 0x00, 0xFD, 0xFF, 0xDF, 0x00, 0x00, 0xF0, 0xFF, 0xFF, 0x00, 0xE0, 0xFF,
  0xFF, 0x00, 0x00, 0x00, 0xFE, 0xFF, 0x0F, 0x00, 0x00, 0x00, 0x00, 0x00, 0x00, 0xE0, 0xFF, 0xFF,
  0x00, 0x00, 0x00, 0x00, 0x00, 0x00, 0x00, 0xFF, 0xFF, 0x0F, 0x00, 0x00, 0x00, 0x00, 0x00, 0x00,
  0xFE, 0xFF, 0xDF, 0x00, 0x00, 0x00, 0x00, 0x00, 0x00, 0xFE, 0xFF, 0xFF, 0x00, 0x00, 0x00, 0x00,
  0x00, 0x00, 0xFD, 0xFF, 0xFF, 0x00, 0x00, 0x00, 0x00, 0x00, 0x00, 0xFE, 0xFF, 0xFF, 0x00, 0x00,
  0x00, 0x00, 0x00, 0x00, 0xFE, 0xFF, 0xFF, 0x00, 0x00, 0x00, 0x00, 0x00, 0x00, 0xFE, 0xFF, 0xFF,
  0x00, 0x00, 0x00, 0x00, 0x00, 0x00, 0xFE, 0xFF, 0xFF, 0x00, 0x00, 0x00, 0x00, 0x00, 0x00, 0xFF,
  0xFF, 0xFF, 0x00, 0x00, 0x00, 0x00, 0x00, 0x00, 0xFF, 0xFF, 0xFF, 0x00, 0x00, 0x00, 0x00, 0x00,
  0x00, 0xFF, 0xFF, 0xFF, 0xFF, 0xFF, 0xFF, 0xFF, 0x0F, 0x00, 0xF0, 0xFF, 0xFF, 0xFF, 0xFF, 0xFF,
  0xFF, 0xFF, 0x0D, 0xD0, 0xFF, 0xFF, 0xFF, 0xFF, 0xFF, 0xFF, 0xFF, 0xDF, 0x00, 0xFD, 0xFF, 0xFF,
  0xFF, 0xFF, 0xFF, 0xFF, 0xFF, 0x0D, 0x00, 0x00, 0x00, 0xFE, 0xFF, 0xFF, 0xDF, 0x00, 0x00, 0x00,
  0x00, 0xF0, 0xFF, 0xFF, 0xFF, 0xFF, 0xFF, 0x00, 0x00, 0x00, 0xF0, 0xFF, 0xFF, 0xFF, 0xFF, 0xFF,
  0xFF, 0x00, 0x00, 0xE0, 0xFF, 0xFF, 0xFF, 0xFF, 0xFF, 0xFF, 0xFF, 0x00, 0x00, 0xFF, 0xFF, 0x0F,
  0x00, 0x00, 0xFF, 0xFF, 0x0F, 0x00, 0xF0, 0xFF, 0xDF, 0x00, 0x00, 0xD0, 0xFF, 0xFF, 0x00, 0x00,
  0x00, 0x00, 0x00, 0x00, 0x00, 0xFD, 0xFF, 0x0F, 0x00, 0x00, 0x00, 0x00, 0x00, 0x00, 0xF0, 0xFF,
  0xFF, 0x00, 0x00, 0x00, 0x00, 0xE0, 0xFF, 0xFF, 0xFF, 0xFF, 0x00, 0x00, 0x00, 0x00, 0x00, 0xFF,
  0xFF, 0xFF, 0xFF, 0x00, 0x00, 0x00, 0x00, 0x00, 0xF0, 0xFF, 0xFF, 0xFF, 0x0E, 0x00, 0x00, 0x00,
  0x00, 0x00, 0xFF, 0xFF, 0xFF, 0xFF, 0xEF, 0x00, 0x00, 0x00, 0x00, 0x00, 0x00, 0xF0, 0xFF, 0xFF,
  0x0F, 0x00, 0x00, 0x00, 0x00, 0x00, 0x00, 0xD0, 0xFF, 0xFF, 0x0F, 0x00, 0x00, 0x00, 0x00, 0x00,
  0x00, 0xF0, 0xFF, 0xFF, 0x00, 0xED, 0xEE, 0x0E, 0x00, 0x00, 0x00, 0xFF, 0xFF, 0x0F, 0xE0, 0xFF,
  0xFF, 0x0D, 0x00, 0x00, 0xF0, 0xFF, 0xFF, 0x00, 0xFD, 0xFF, 0xFF, 0x00, 0x00, 0xF0, 0xFF, 0xFF,
  0x0F, 0x00, 0xFF, 0xFF, 0xFF, 0xFF, 0xFF, 0xFF, 0xFF, 0x0F, 0x00, 0x00, 0xFF, 0xFF, 0xFF, 0xFF,
  0xFF, 0xFF, 0xDF, 0x00, 0x00, 0x00, 0xFF, 0xFF, 0xFF, 0xFF, 0xFF, 0xDF, 0x00, 0x00, 0x00, 0x00,
  0xF0, 0xFF, 0xFF, 0xFF, 0x0D, 0x00, 0x00, 0x00, 0x00, 0x00, 0x00, 0x00, 0xFF, 0xFF, 0xFF, 0x0D,
  0x00, 0x00, 0x00, 0x00, 0x00, 0xE0, 0xFF, 0xFF, 0xFF, 0x0D, 0x00, 0x00, 0x00, 0x00, 0x00, 0xF0,
  0xFF, 0xFF, 0xFF, 0x0D, 0x00, 0x00, 0x00, 0x00, 0x00, 0xFF, 0xFF, 0xFF, 0xFF, 0x0D, 0x00, 0x00,
  0x00, 0x00, 0xD0, 0xFF, 0xFF, 0xFF, 0xFF, 0x0D, 0x00, 0x00, 0x00, 0x00, 0xF0, 0xFF, 0xFF, 0xFF,
  0xFF, 0x0D, 0x00, 0x00, 0x00, 0x00, 0xFE, 0xFF, 0x0F, 0xFF, 0xFF, 0x0D, 0x00, 0x00, 0x00, 0x00,
  0xFF, 0xFF, 0x0E, 0xFF, 0xFF, 0x0D, 0x00, 0x00, 0x00, 0xF0, 0xFF, 0xFF, 0x00, 0xFF, 0xFF, 0x0D,
  0x00, 0x00, 0x00, 0xFE, 0xFF, 0x0F, 0x00, 0xFF, 0xFF, 0x0D, 0x00, 0x00, 0x00, 0xFF, 0xFF, 0x0E,
  0x00, 0xFF, 0xFF, 0x0D, 0x00, 0x00, 0xF0, 0xFF, 0xFF, 0x00, 0x00, 0xFF, 0xFF, 0x0D, 0x00, 0x00,
  0xFD, 0xFF, 0xDF, 0x00, 0x00, 0xFF, 0xFF, 0x0D, 0x00, 0x00, 0xFF, 0xFF, 0x0F, 0x00, 0x00, 0xFF,
  0xFF, 0x0D, 0x00, 0xE0, 0xFF, 0xFF, 0xFF, 0xFF, 0xFF, 0xFF, 0xFF, 0xFF, 0x0E, 0xF0, 0xFF, 0xFF,
  0xFF, 0xFF, 0xFF, 0xFF, 0xFF, 0xFF, 0x0F, 0xF0, 0xFF, 0xFF, 0xFF, 0xFF, 0xFF, 0xFF, 0xFF, 0xFF,
  0x0F, 0xF0, 0xFF, 0xFF, 0xFF, 0xFF, 0xFF, 0xFF, 0xFF, 0xFF, 0x0F, 0x00, 0x00, 0x00, 0x00, 0x00,
  0x00, 0xFF, 0xFF, 0x0D, 0x00, 0x00, 0x00, 0x00, 0x00, 0x00, 0x00, 0xFF, 0xFF, 0x0D, 0x00, 0x00,
  0x00, 0x00, 0x00, 0x00, 0x00, 0xFF, 0xFF, 0x0D, 0x00, 0x00, 0x00, 0x00, 0x00, 0x00, 0x00, 0xFF,
  0xFF, 0x0D, 0x00, 0x00, 0xF0, 0xFF, 0xFF, 0xFF, 0xFF, 0xFF, 0xFF, 0x00, 0x00, 0xD0, 0xFF, 0xFF,
  0xFF, 0xFF, 0xFF, 0xFF, 0x0F, 0x00, 0x00, 0xFE, 0xFF, 0xFF, 0xFF, 0xFF, 0xFF, 0xFF, 0x00, 0x00,
  0xE0, 0xFF, 0xFF, 0xFF, 0xFF, 0xFF, 0xFF, 0x0F, 0x00, 0x00, 0xFF, 0xFF, 0x0E, 0x00, 0x00, 0x00,
  0x00, 0x00, 0x00, 0xF0, 0xFF, 0xEF, 0x00, 0x00, 0x00, 0x00, 0x00, 0x00, 0x00, 0xFF, 0xFF, 0x0D,
  0x00, 0x00, 0x00, 0x00, 0x00, 0x00, 0xF0, 0xFF, 0x0F, 0xFD, 0xFF, 0xFF, 0x0D, 0x00, 0x00, 0x00,
  0xFF, 0xFF, 0xFE, 0xFF, 0xFF, 0xFF, 0x0F, 0x00, 0x00, 0xF0, 0xFF, 0xFF, 0xFF, 0xFF, 0xFF, 0xFF,
  0x0F, 0x00, 0x00, 0xFF, 0xFF, 0xFF, 0xFF, 0xFF, 0xFF, 0xFF, 0x0E, 0x00, 0xE0, 0xFF, 0xEF, 0x00,
  0x00, 0xFE, 0xFF, 0xFF, 0x00, 0x00, 0x00, 0x00, 0x00, 0x00, 0x00, 0xFF, 0xFF, 0x0F, 0x00, 0x00,
  0x00, 0x00, 0x00, 0x00, 0x00, 0xFF, 0xFF, 0x0D, 0x00, 0x00, 0x00, 0x00, 0x00, 0x00, 0xF0, 0xFF,
  0xDF, 0x00, 0xED, 0xEE, 0x0E, 0x00, 0x00, 0x00, 0xFF, 0xFF, 0x00, 0xE0, 0xFF, 0xFF, 0x00, 0x00,
  0x00, 0xFF, 0xFF, 0x0F, 0x00, 0xFD, 0xFF, 0xFF, 0x00, 0x00, 0xFD, 0xFF, 0xFF, 0x00, 0x00, 0xFF,
  0xFF, 0xFF, 0xFF, 0xFF, 0xFF, 0xFF, 0x00, 0x00, 0x00, 0xFF, 0xFF, 0xFF, 0xFF, 0xFF, 0xFF, 0x0D,
  0x00, 0x00, 0x00, 0xFF, 0xFF, 0xFF, 0xFF, 0xFF, 0x0D, 0x00, 0x00, 0x00, 0x00, 0xFD, 0xFF, 0xFF,
  0xEF, 0x00, 0x00, 0x00, 0x00, 0x00, 0x00, 0xF0, 0xFF, 0xFF, 0xEF, 0x00, 0x00, 0x00, 0x00, 0x00,
  0xFF, 0xFF, 0xFF, 0xFF, 0xFF, 0x0D, 0x00, 0x00, 0x00, 0xFF, 0xFF, 0xFF, 0xFF, 0xFF, 0xFF, 0x0E,
  0x00, 0x00, 0xFF, 0xFF, 0xFF, 0xFF, 0xFF, 0xFF, 0xFF, 0x00, 0x00, 0xF0, 0xFF, 0xFF, 0x00, 0x00,
  0xFD, 0xFF, 0xFF, 0x00, 0xF0, 0xFF, 0xFF, 0x00, 0x00, 0x00, 0xFE, 0xFF, 0x0F, 0x00, 0xFF, 0xFF,
  0x0E, 0x00, 0x00, 0x00, 0x00, 0x00, 0x00, 0xFD, 0xFF, 0x0F, 0xD0, 0xFF, 0xFF, 0xDF, 0x00, 0x00,
  0xE0, 0xFF, 0xFF, 0xF0, 0xFF, 0xFF, 0xFF, 0xFF, 0x00, 0x00, 0xFF, 0xFF, 0xFF, 0xFF, 0xFF, 0xFF,
  0xFF, 0xFF, 0x00, 0xF0, 0xFF, 0xFF, 0xFF, 0xFF, 0xFF, 0xFF, 0xFF, 0xDF, 0x00, 0xFF, 0xFF, 0xFF,
  0x0F, 0x00, 0xF0, 0xFF, 0xFF, 0x0F, 0xF0, 0xFF, 0xFF, 0x0F, 0x00, 0x00, 0xF0, 0xFF, 0xFF, 0x00,
  0xFE, 0xFF, 0xEF, 0x00, 0x00, 0x00, 0xFE, 0xFF, 0x0F, 0xE0, 0xFF, 0xFF, 0x0D, 0x00, 0x00, 0xD0,
  0xFF, 0xFF, 0x00, 0xF0, 0xFF, 0xEF, 0x00, 0x00, 0x00, 0xFE, 0xFF, 0x0F, 0x00, 0xFF, 0xFF, 0x0F,
  0x00, 0x00, 0xF0, 0xFF, 0xFF, 0x00, 0xE0, 0xFF, 0xFF, 0x0F, 0x00, 0xF0, 0xFF, 0xFF, 0x0E, 0x00,
  0xF0, 0xFF, 0xFF, 0xFF, 0xFF, 0xFF, 0xFF, 0x0F, 0x00, 0x00, 0xF0, 0xFF, 0xFF, 0xFF, 0xFF, 0xFF,
  0x0F, 0x00, 0x00, 0x00, 0xF0, 0xFF, 0xFF, 0xFF, 0xFF, 0x0F, 0x00, 0x00, 0x00, 0x00, 0xD0, 0xFF,
  0xFF, 0xFF, 0x0D, 0x00, 0x00, 0xF0, 0xFF, 0xFF, 0xFF, 0xFF, 0xFF, 0xFF, 0xFF, 0x0E, 0xFF, 0xFF,
  0xFF, 0xFF, 0xFF, 0xFF, 0xFF, 0xEF, 0xF0, 0xFF, 0xFF, 0xFF, 0xFF, 0xFF, 0xFF, 0xFF, 0x0E, 0xFE,
  0xFF, 0xFF, 0xFF, 0xFF, 0xFF, 0xFF, 0xDF, 0x00, 0x00, 0x00, 0x00, 0x00, 0xF0, 0xFF, 0xFF, 0x00,
  0x00, 0x00, 0x00, 0x00, 0xD0, 0xFF, 0xFF, 0x0E, 0x00, 0x00, 0x00, 0x00, 0x00, 0xFF, 0xFF, 0x0F,
  0x00, 0x00, 0x00, 0x00, 0x00, 0xFD, 0xFF, 0xEF, 0x00, 0x00, 0x00, 0x00, 0x00, 0xF0, 0xFF, 0xFF,
  0x00, 0x00, 0x00, 0x00, 0x00, 0xD0, 0xFF, 0xFF, 0x0E, 0x00, 0x00, 0x00, 0x00, 0x00, 0xFF, 0xFF,
  0x0F, 0x00, 0x00, 0x00, 0x00, 0x00, 0xFD, 0xFF, 0xEF, 0x00, 0x00, 0x00, 0x00, 0x00, 0xF0, 0xFF,
  0xFF, 0x00, 0x00, 0x00, 0x00, 0x00, 0xD0, 0xFF, 0xFF, 0x0E, 0x00, 0x00, 0x00, 0x00, 0x00, 0xFF,
  0xFF, 0x0F, 0x00, 0x00, 0x00, 0x00, 0x00, 0xFD, 0xFF, 0xEF, 0x00, 0x00, 0x00, 0x00, 0x00, 0xF0,
  0xFF, 0xFF, 0x00, 0x00, 0x00, 0x00, 0x00, 0xD0, 0xFF, 0xFF, 0x0E, 0x00, 0x00, 0x00, 0x00, 0x00,
  0xFF, 0xFF, 0x0F, 0x00, 0x00, 0x00, 0x00, 0x00, 0xF0, 0xFF, 0xEF, 0x00, 0x00, 0x00, 0x00, 0x00,
  0xF0, 0xFF, 0xFF, 0x00, 0x00, 0x00, 0x00, 0x00, 0x00, 0xFF, 0xFF, 0x0E, 0x00, 0x00, 0x00, 0x00,
  0x00, 0x00, 0x00, 0xFE, 0xFF, 0xFF, 0xDF, 0x00, 0x00, 0x00, 0x00, 0x00, 0xFF, 0xFF, 0xFF, 0xFF,
  0xFF, 0xDF, 0x00, 0x00, 0x00, 0xF0, 0xFF, 0xFF, 0xFF, 0xFF, 0xFF, 0xFF, 0x0D, 0x00, 0x00, 0xFE,
  0xFF, 0xFF, 0xFF, 0xFF, 0xFF, 0xFF, 0x0F, 0x00, 0x00, 0xFF, 0xFF, 0xDF, 0x00, 0x00, 0xFF, 0xFF,
  0xDF, 0x00, 0x00, 0xFF, 0xFF, 0x0F, 0x00, 0x00, 0xF0, 0xFF, 0xEF, 0x00, 0x00, 0xFF, 0xFF, 0x0F,
  0x00, 0x00, 0xF0, 0xFF, 0xDF, 0x00, 0x00, 0xFE, 0xFF, 0xDF, 0x00, 0x00, 0xFF, 0xFF, 0x0F, 0x00,
  0x00, 0xF0, 0xFF, 0xFF, 0xFF, 0xFF, 0xFF, 0xFF, 0x00, 0x00, 0x00, 0x00, 0xFE, 0xFF, 0xFF, 0xFF,
  0xFF, 0x0F, 0x00, 0x00, 0x00, 0x00, 0xFE, 0xFF, 0xFF, 0xFF, 0xFF, 0x0F, 0x00, 0x00, 0x00, 0xF0,
  0xFF, 0xFF, 0xFF, 0xFF, 0xFF, 0xFF, 0x0D, 0x00, 0x00, 0xFF, 0xFF, 0xFF, 0x0D, 0xE0, 0xFF, 0xFF,
  0x0F, 0x00, 0x00, 0xFF, 0xFF, 0x0F, 0x00, 0x00, 0xF0, 0xFF, 0xFF, 0x00, 0xE0, 0xFF, 0xFF, 0x00,
  0x00, 0x00, 0xF0, 0xFF, 0xFF, 0x00, 0xF0, 0xFF, 0xFF, 0x00, 0x00, 0x00, 0xF0, 0xFF, 0xFF, 0x00,
  0xF0, 0xFF, 0xFF, 0x0D, 0x00, 0x00, 0xF0, 0xFF, 0xFF, 0x00, 0xD0, 0xFF, 0xFF, 0x0F, 0x00, 0x00,
  0xFF, 0xFF, 0xFF, 0x00, 0x00, 0xFF, 0xFF, 0xFF, 0xFF, 0xFF, 0xFF, 0xFF, 0xEF, 0x00, 0x00, 0xF0,
  0xFF, 0xFF, 0xFF, 0xFF, 0xFF, 0xFF, 0x0F, 0x00, 0x00, 0x00, 0xFF, 0xFF, 0xFF, 0xFF, 0xFF, 0xEF,
  0x00, 0x00, 0x00, 0x00, 0xD0, 0xFF, 0xFF, 0xFF, 0xEF, 0x00, 0x00, 0x00, 0x00, 0x00, 0x00, 0xFF,
  0xFF, 0xFF, 0x0E, 0x00, 0x00, 0x00, 0x00, 0xF0, 0xFF, 0xFF, 0xFF, 0xFF, 0xEF, 0x00, 0x00, 0x00,
  0xF0, 0xFF, 0xFF, 0xFF, 0xFF, 0xFF, 0xFF, 0x00, 0x00, 0xF0, 0xFF, 0xFF, 0xFF, 0xFF, 0xFF, 0xFF,
  0xEF, 0x00, 0x00, 0xFF, 0xFF, 0x0F, 0x00, 0x00, 0xFF, 0xFF, 0x0F, 0x00, 0xFE, 0xFF, 0x0F, 0x00,
  0x00, 0x00, 0xFF, 0xFF, 0x0E, 0xF0, 0xFF, 0xFF, 0x00, 0x00, 0x00, 0xF0, 0xFF, 0xFF, 0x00, 0xFF,
  0xFF, 0x0F, 0x00, 0x00, 0x00, 0xFF, 0xFF, 0x0F, 0xE0, 0xFF, 0xFF, 0x00, 0x00, 0x00, 0xF0, 0xFF,
  0xFF, 0x00, 0xFD, 0xFF, 0xFF, 0x00, 0x00, 0xF0, 0xFF, 0xFF, 0x0F, 0x00, 0xFF, 0xFF, 0xFF, 0xFF,
  0xFF, 0xFF, 0xFF, 0xFF, 0x00, 0xD0, 0xFF, 0xFF, 0xFF, 0xFF, 0xFF, 0xFE, 0xFF, 0x0F, 0x00, 0xD0,
  0xFF, 0xFF, 0xFF, 0xFF, 0xED, 0xFF, 0xFF, 0x00, 0x00, 0x00, 0xFE, 0xFF, 0xEF, 0x00, 0xFE, 0xFF,
  0x0F, 0x00, 0x00, 0x00, 0x00, 0x00, 0x00, 0xF0, 0xFF, 0xFF, 0x00, 0xE0, 0xEE, 0x0E, 0x00, 0x00,
  0x00, 0xFF, 0xFF, 0x0E, 0xD0, 0xFF, 0xFF, 0x0E, 0x00, 0x00, 0xFF, 0xFF, 0x0F, 0x00, 0xF0, 0xFF,
  0xFF, 0x00, 0x00, 0xFD, 0xFF, 0xFF, 0x00, 0x00, 0xFE, 0xFF, 0xFF, 0xFF, 0xFF, 0xFF, 0xFF, 0x00,
  0x00, 0x00, 0xFF, 0xFF, 0xFF, 0xFF, 0xFF, 0xFF, 0x0D, 0x00, 0x00, 0x00, 0xFE, 0xFF, 0xFF, 0xFF,
  0xFF, 0x0D, 0x00, 0x00, 0x00, 0x00, 0xF0, 0xFF, 0xFF, 0xEF, 0x00, 0x00, 0x00, 0x00, 0xE0, 0xFF,
  0x0E, 0x00, 0x00, 0xFD, 0xFF, 0xDF, 0x00, 0x00, 0xFE, 0xFF, 0xEF, 0x00, 0x00, 0xFD, 0xFF, 0xDF,
  0x00, 0x00, 0xE0, 0xFF, 0x0E, 0x00, 0x00, 0x00, 0x00, 0x00, 0x00, 0x00, 0x00, 0x00, 0x00, 0x00,
  0x00, 0x00, 0x00, 0x00, 0x00, 0x00, 0x00, 0x00, 0x00, 0x00, 0x00, 0x00, 0x00, 0x00, 0x00, 0x00,
  0x00, 0x00, 0x00, 0x00, 0x00, 0xE0, 0xFF, 0x0E, 0x00, 0x00, 0xFD, 0xFF, 0xDF, 0x00, 0x00, 0xFE,
  0xFF, 0xEF, 0x00, 0x00, 0xFD, 0xFF, 0xDF, 0x00, 0x00, 0xE0, 0xFF, 0x0E, 0x00, 0x00, 0xD0, 0xFF,
  0x0F, 0x00, 0x00, 0xF0, 0xFF, 0xFF, 0x00, 0x00, 0xFD, 0xFF, 0xFF, 0x00, 0x00, 0xF0, 0xFF, 0xFF,
  0x00, 0x00, 0xD0, 0xFF, 0x0F, 0x00, 0x00, 0x00, 0x00, 0x00, 0x00, 0x00, 0x00, 0x00, 0x00, 0x00,
  0x00, 0x00, 0x00, 0x00, 0x00, 0x00, 0x00, 0x00, 0x00, 0x00, 0x00, 0x00, 0x00, 0x00, 0x00, 0x00,
  0x00, 0x00, 0x00, 0x00, 0x00, 0x00, 0x00, 0x00, 0x00, 0x00, 0x00, 0x00, 0x00, 0x00, 0x00, 0xF0,
  0xFF, 0xDF, 0x00, 0x00, 0xF0, 0xFF, 0x0F, 0x00, 0x00, 0xFE, 0xFF, 0x0F, 0x00, 0x00, 0xFE, 0xFF,
  0x0E, 0x00, 0x00, 0xFF, 0xFF, 0x00, 0x00, 0x00, 0xFF, 0xFF, 0x00, 0x00, 0x00, 0xFF, 0xEF, 0x00,
  0x00, 0x00, 0xFF, 0x0F, 0x00, 0x00, 0x00, 0xFF, 0x0F, 0x00, 0x00, 0x00, 0x00, 0x00, 0x00, 0x00,
  0x00, 0x00, 0x00, 0x00, 0x00, 0x00, 0x00, 0x00, 0x00, 0x00, 0x00, 0x00, 0xE0, 0xEF, 0x00, 0x00,
  0x00, 0x00, 0x00, 0x00, 0x00, 0xE0, 0xFF, 0xEF, 0x00, 0x00, 0x00, 0x00, 0x00, 0x00, 0xF0, 0xFF,
  0xFF, 0xEF, 0x00, 0x00, 0x00, 0x00, 0x00, 0xFD, 0xFF, 0xFF, 0xFF, 0xEF, 0x00, 0x00, 0x00, 0x00,
  0xFE, 0xFF, 0xFF, 0xFF, 0xFF, 0x0E, 0x00, 0x00, 0x00, 0xFE, 0xFF, 0xFF, 0xFF, 0xFF, 0x0D, 0x00,
  0x00, 0x00, 0xFE, 0xFF, 0xFF, 0xFF, 0xEF, 0x00, 0x00, 0x00, 0x00, 0x00, 0xFF, 0xFF, 0xFF, 0xDF,
  0x00, 0x00, 0x00, 0x00, 0x00, 0x00, 0xFF, 0xFF, 0xFF, 0x00, 0x00, 0x00, 0x00, 0x00, 0x00, 0x00,
  0xFF, 0xFF, 0xFF, 0xFF, 0x0D, 0x00, 0x00, 0x00, 0x00, 0x00, 0xF0, 0xFF, 0xFF, 0xFF, 0xFF, 0x0E,
  0x00, 0x00, 0x00, 0x00, 0x00, 0xE0, 0xFF, 0xFF, 0xFF, 0xFF, 0xDF, 0x00, 0x00, 0x00, 0x00, 0x00,
  0xE0, 0xFF, 0xFF, 0xFF, 0xFF, 0xDF, 0x00, 0x00, 0x00, 0x00, 0x00, 0xD0, 0xFF, 0xFF, 0xFF, 0xEF,
  0x00, 0x00, 0x00, 0x00, 0x00, 0x00, 0x00, 0xFF, 0xFF, 0xEF, 0x00, 0x00, 0x00, 0x00, 0x00, 0x00,
  0x00, 0x00, 0xFE, 0xEF, 0x00, 0x00, 0x00, 0x00, 0x00, 0x00, 0x00, 0x00, 0x00, 0xDE, 0x00, 0x00,
  0xF0, 0xFF, 0xFF, 0xFF, 0xFF, 0xFF, 0xFF, 0xEF, 0x00, 0x00, 0xF0, 0xFF, 0xFF, 0xFF, 0xFF, 0xFF,
  0xFF, 0xEF, 0x00, 0x00, 0xF0, 0xFF, 0xFF, 0xFF, 0xFF, 0xFF, 0xFF, 0xEF, 0x00, 0x00, 0xF0, 0xFF,
  0xFF, 0xFF, 0xFF, 0xFF, 0xFF, 0xDF, 0x00, 0x00, 0x00, 0x00, 0x00, 0x00, 0x00, 0x00, 0x00, 0x00,
  0x00, 0x00, 0x00, 0x00, 0x00, 0x00, 0x00, 0x00, 0x00, 0x00, 0x00, 0x00, 0x00, 0x00, 0x00, 0x00,
  0x00, 0x00, 0x00, 0x00, 0x00, 0x00, 0xF0, 0xFF, 0xFF, 0xFF, 0xFF, 0xFF, 0xFF, 0xDF, 0x00, 0x00,
  0xF0, 0xFF, 0xFF, 0xFF, 0xFF, 0xFF, 0xFF, 0xEF, 0x00, 0x00, 0xF0, 0xFF, 0xFF, 0xFF, 0xFF, 0xFF,
  0xFF, 0xEF, 0x00, 0x00, 0xF0, 0xFF, 0xFF, 0xFF, 0xFF, 0xFF, 0xFF, 0xEF, 0x00, 0x00, 0x00, 0x00,
  0x00, 0x00, 0x00, 0x00, 0x00, 0x00, 0x00, 0x00, 0x00, 0x00, 0x00, 0x00, 0x00, 0x00, 0x00, 0x00,
  0x00, 0x00, 0x00, 0x00, 0x00, 0x00, 0x00, 0x00, 0x00, 0x00, 0x00, 0x00, 0x00, 0x00, 0x00, 0x00,
  0x00, 0x00, 0x00, 0x00, 0x00, 0x00, 0xF0, 0x0F, 0x00, 0x00, 0x00, 0x00, 0x00, 0x00, 0x00, 0x00,
  0xF0, 0xFF, 0x0F, 0x00, 0x00, 0x00, 0x00, 0x00, 0x00, 0x00, 0xF0, 0xFF, 0xFF, 0xDF, 0x00, 0x00,
  0x00, 0x00, 0x00, 0x00, 0xF0, 0xFF, 0xFF, 0xFF, 0xEF, 0x00, 0x00, 0x00, 0x00, 0x00, 0xD0, 0xFF,
  0xFF, 0xFF, 0xFF, 0xEF, 0x00, 0x00, 0x00, 0x00, 0x00, 0x00, 0xFE, 0xFF, 0xFF, 0xFF, 0xFF, 0x00,
  0x00, 0x00, 0x00, 0x00, 0x00, 0xFD, 0xFF, 0xFF, 0xFF, 0xFF, 0x00, 0x00, 0x00, 0x00, 0x00, 0x00,
  0xF0, 0xFF, 0xFF, 0xFF, 0x00, 0x00, 0x00, 0x00, 0x00, 0x00, 0x00, 0xFE, 0xFF, 0xFF, 0x00, 0x00,
  0x00, 0x00, 0x00, 0x00, 0xFF, 0xFF, 0xFF, 0xFF, 0x00, 0x00, 0x00, 0x00, 0xD0, 0xFF, 0xFF, 0xFF,
  0xFF, 0xDF, 0x00, 0x00, 0x00, 0xE0, 0xFF, 0xFF, 0xFF, 0xFF, 0x0F, 0x00, 0x00, 0x00, 0xF0, 0xFF,
  0xFF, 0xFF, 0xFF, 0x0F, 0x00, 0x00, 0x00, 0x00, 0xF0, 0xFF, 0xFF, 0xFF, 0x0E, 0x00, 0x00, 0x00,
  0x00, 0x00, 0xF0, 0xFF, 0xFF, 0x0D, 0x00, 0x00, 0x00, 0x00, 0x00, 0x00, 0xF0, 0xFF, 0x00, 0x00,
  0x00, 0x00, 0x00, 0x00, 0x00, 0x00, 0xE0, 0x00, 0x00, 0x00, 0x00, 0x00, 0x00, 0x00, 0x00, 0x00,
  0x00, 0xFD, 0xFF, 0xFF, 0xEF, 0x00, 0x00, 0x00, 0x00, 0xFF, 0xFF, 0xFF, 0xFF, 0xFF, 0x0D, 0x00,
  0x00, 0xFF, 0xFF, 0xFF, 0xFF, 0xFF, 0xFF, 0x0D, 0x00, 0xFD, 0xFF, 0xFF, 0xFF, 0xFF, 0xFF, 0xFF,
  0x00, 0xF0, 0xFF, 0xFF, 0x00, 0x00, 0xFF, 0xFF, 0x0F, 0x00, 0xFF, 0xFF, 0x0F, 0x00, 0xD0, 0xFF,
  0xFF, 0x0E, 0x00, 0x00, 0x00, 0x00, 0x00, 0xFD, 0xFF, 0xDF, 0x00, 0x00, 0x00, 0x00, 0x00, 0xF0,
  0xFF, 0xFF, 0x00, 0x00, 0x00, 0x00, 0x00, 0xF0, 0xFF, 0xFF, 0x0F, 0x00, 0x00, 0x00, 0x00, 0xFD,
  0xFF, 0xFF, 0x0F, 0x00, 0x00, 0x00, 0x00, 0xFD, 0xFF, 0xFF, 0x0F, 0x00, 0x00, 0x00, 0x00, 0xF0,
  0xFF, 0xFF, 0x0D, 0x00, 0x00, 0x00, 0x00, 0x00, 0xFF, 0xFF, 0x0D, 0x00, 0x00, 0x00, 0x00, 0x00,
  0xFD, 0xFF, 0x0F, 0x00, 0x00, 0x00, 0x00, 0x00, 0xD0, 0xFF, 0xFF, 0x00, 0x00, 0x00, 0x00, 0x00,
  0x00, 0x00, 0x00, 0x00, 0x00, 0x00, 0x00, 0x00, 0x00, 0x00, 0x00, 0x00, 0x00, 0x00, 0x00, 0x00,
  0x00, 0x00, 0xF0, 0xFF, 0x0D, 0x00, 0x00, 0x00, 0x00, 0x00, 0xF0, 0xFF, 0xFF, 0x00, 0x00, 0x00,
  0x00, 0x00, 0x00, 0xFF, 0xFF, 0xDF, 0x00, 0x00, 0x00, 0x00, 0x00, 0xF0, 0xFF, 0xFF, 0x00, 0x00,
  0x00, 0x00, 0x00, 0x00, 0xF0, 0xFF, 0x0D, 0x00, 0x00, 0x00, 0x00, 0x00, 0x00, 0x00, 0x00, 0xFE,
  0xFF, 0xFF, 0xFF, 0xEF, 0x0D, 0x00, 0x00, 0x00, 0x00, 0x00, 0x00, 0x00, 0x00, 0xFF, 0xFF, 0xFF,
  0xFF, 0xFF, 0xFF, 0xFF, 0x0E, 0x00, 0x00, 0x00, 0x00, 0x00, 0x00, 0xFE, 0xFF, 0xFF, 0xFF, 0xFF,
  0xFF, 0xFF, 0xFF, 0xFF, 0x00, 0x00, 0x00, 0x00, 0x00, 0xF0, 0xFF, 0xFF, 0xFF, 0xFF, 0xFF, 0xFF,
  0xFF, 0xFF, 0xFF, 0xDF, 0x00, 0x00, 0x00, 0x00, 0xFE, 0xFF, 0xFF, 0x0F, 0x00, 0x00, 0x00, 0x00,
  0xFE, 0xFF, 0xFF, 0x00, 0x00, 0x00, 0xD0, 0xFF, 0xFF, 0x0F, 0x00, 0x00, 0x00, 0x00, 0x00, 0x00,
  0xFF, 0xFF, 0x0F, 0x00, 0x00, 0xF0, 0xFF, 0xFF, 0x00, 0x00, 0xFF, 0xFF, 0xDF, 0xF0, 0xEF, 0xF0,
  0xFF, 0xEF, 0x00, 0x00, 0xFE, 0xFF, 0x0F, 0x00, 0xFD, 0xFF, 0xFF, 0xFF, 0xFF, 0xFF, 0x00, 0xFF,
  0xFF, 0x00, 0x00, 0xFF, 0xFF, 0x0D, 0x00, 0xFF, 0xFF, 0xFF, 0xFF, 0xFF, 0xFF, 0x00, 0xFE, 0xFF,
  0x0E, 0x00, 0xFF, 0xFF, 0x00, 0xF0, 0xFF, 0xFF, 0xFF, 0xFF, 0xFF, 0xFF, 0x00, 0xF0, 0xFF, 0x0F,
  0xD0, 0xFF, 0xFF, 0x00, 0xF0, 0xFF, 0x0F, 0x00, 0xF0, 0xFF, 0xFF, 0x00, 0xF0, 0xFF, 0x0F, 0xE0,
  0xFF, 0xDF, 0x00, 0xFE, 0xFF, 0x00, 0x00, 0x00, 0xFF, 0xFF, 0x00, 0xF0, 0xFF, 0x0F, 0xF0, 0xFF,
  0xDF, 0x00, 0xFF, 0xFF, 0x00, 0x00, 0x00, 0xFF, 0xFF, 0x00, 0xE0, 0xFF, 0x0F, 0xF0, 0xFF, 0x0F,
  0x00, 0xFF, 0xFF, 0x00, 0x00, 0x00, 0xFE, 0xFF, 0x00, 0xE0, 0xFF, 0x0F, 0xF0, 0xFF, 0x0F, 0x00,
  0xFF, 0xFF, 0x00, 0x00, 0x00, 0xFE, 0xFF, 0x00, 0xE0, 0xFF, 0x0F, 0xF0, 0xFF, 0x0F, 0x00, 0xFF,
  0xFF, 0x00, 0x00, 0x00, 0xFF, 0xFF, 0x00, 0xF0, 0xFF, 0x0F, 0xE0, 0xFF, 0xDF, 0x00, 0xFE, 0xFF,
  0x00, 0x00, 0x00, 0xFF, 0xFF, 0x00, 0xF0, 0xFF, 0x0F, 0xE0, 0xFF, 0xFF, 0x00, 0xFD, 0xFF, 0x0E,
  0x00, 0xD0, 0xFF, 0xFF, 0x00, 0xF0, 0xFF, 0x0E, 0x00, 0xFF, 0xFF, 0x00, 0xF0, 0xFF, 0xDF, 0x00,
  0xFD, 0xFF, 0xFF, 0x00, 0xFF, 0xFF, 0x00, 0x00, 0xFF, 0xFF, 0x0D, 0xD0, 0xFF, 0xFF, 0xFF, 0xFF,
  0xFF, 0xFF, 0xFF, 0xFF, 0xFF, 0x00, 0x00, 0xFE, 0xFF, 0x0F, 0x00, 0xFE, 0xFF, 0xFF, 0xFF, 0xEE,
  0xFF, 0xFF, 0xFF, 0x0F, 0x00, 0x00, 0xF0, 0xFF, 0xFF, 0x00, 0x00, 0xFF, 0xFF, 0xDF, 0x00, 0xFE,
  0xFF, 0xEF, 0x00, 0x00, 0x00, 0xE0, 0xFF, 0xFF, 0x0F, 0x00, 0x00, 0x00, 0x00, 0x00, 0x00, 0x00,
  0x00, 0x00, 0x00, 0x00, 0x00, 0xFF, 0xFF, 0xFF, 0x0F, 0x00, 0x00, 0x00, 0x00, 0xD0, 0x00, 0x00,
  0x00, 0x00, 0x00, 0x00, 0xF0, 0xFF, 0xFF, 0xFF, 0xFF, 0xFF, 0xFF, 0xFF, 0xFF, 0x00, 0x00, 0x00,
  0x00, 0x00, 0x00, 0x00, 0xFF, 0xFF, 0xFF, 0xFF, 0xFF, 0xFF, 0xFF, 0xFF, 0x0E, 0x00, 0x00, 0x00,
  0x00, 0x00, 0x00, 0x00, 0xFF, 0xFF, 0xFF, 0xFF, 0xFF, 0xFF, 0xFF, 0x0F, 0x00, 0x00, 0x00, 0x00,
  0x00, 0x00, 0x00, 0x00, 0xFE, 0xFF, 0xFF, 0xFF, 0xFF, 0x0E, 0x00, 0x00, 0x00, 0x00, 0x00, 0x00,
  0x00, 0x00, 0xFF, 0xFF, 0xFF, 0x0D, 0x00, 0x00, 0x00, 0x00, 0x00, 0x00, 0xE0, 0xFF, 0xFF, 0xFF,
  0x0F, 0x00, 0x00, 0x00, 0x00, 0x00, 0x00, 0xF0, 0xFF, 0xFF, 0xFF, 0x0F, 0x00, 0x00, 0x00, 0x00,
  0x00, 0x00, 0xF0, 0xFF, 0xFF, 0xFF, 0xDF, 0x00, 0x00, 0x00, 0x00, 0x00, 0x00, 0xFE, 0xFF, 0xFF,
  0xFF, 0xFF, 0x00, 0x00, 0x00, 0x00, 0x00, 0x00, 0xFF, 0xFF, 0xEF, 0xFF, 0xFF, 0x00, 0x00, 0x00,
  0x00, 0x00, 0x00, 0xFF, 0xFF, 0xDE, 0xFF, 0xFF, 0x0D, 0x00, 0x00, 0x00, 0x00, 0xE0, 0xFF, 0xFF,
  0x00, 0xFF, 0xFF, 0x0F, 0x00, 0x00, 0x00, 0x00, 0xF0, 0xFF, 0xFF, 0x00, 0xFF, 0xFF, 0x0F, 0x00,
  0x00, 0x00, 0x00, 0xF0, 0xFF, 0xFF, 0x00, 0xFE, 0xFF, 0xEF, 0x00, 0x00, 0x00, 0x00, 0xFE, 0xFF,
  0xDF, 0x00, 0xF0, 0xFF, 0xFF, 0x00, 0x00, 0x00, 0x00, 0xFF, 0xFF, 0x0F, 0x00, 0xF0, 0xFF, 0xFF,
  0x00, 0x00, 0x00, 0x00, 0xFF, 0xFF, 0x0F, 0x00, 0xE0, 0xFF, 0xFF, 0x0E, 0x00, 0x00, 0xE0, 0xFF,
  0xFF, 0xFF, 0xFF, 0xFF, 0xFF, 0xFF, 0x0F, 0x00, 0x00, 0xF0, 0xFF, 0xFF, 0xFF, 0xFF, 0xFF, 0xFF,
  0xFF, 0x0F, 0x00, 0x00, 0xF0, 0xFF, 0xFF, 0xFF, 0xFF, 0xFF, 0xFF, 0xFF, 0xEF, 0x00, 0x00, 0xFE,
  0xFF, 0xFF, 0xFF, 0xFF, 0xFF, 0xFF, 0xFF, 0xFF, 0x00, 0x00, 0xFF, 0xFF, 0x0F, 0x00, 0x00, 0x00,
  0xF0, 0xFF, 0xFF, 0x00, 0x00, 0xFF, 0xFF, 0x0F, 0x00, 0x00, 0x00, 0xE0, 0xFF, 0xFF, 0x0E, 0xE0,
  0xFF, 0xFF, 0x0E, 0x00, 0x00, 0x00, 0x00, 0xFF, 0xFF, 0x0F, 0xF0, 0xFF, 0xFF, 0x00, 0x00, 0x00,
  0x00, 0x00, 0xFF, 0xFF, 0x0F, 0xF0, 0xFF, 0xFF, 0x00, 0x00, 0x00, 0x00, 0x00, 0xFE, 0xFF, 0xFF,
  0x00, 0xFF, 0xFF, 0xFF, 0xFF, 0xFF, 0xFF, 0x0D, 0x00, 0x00, 0x00, 0xFF, 0xFF, 0xFF, 0xFF, 0xFF,
  0xFF, 0xFF, 0x00, 0x00, 0x00, 0xFF, 0xFF, 0xFF, 0xFF, 0xFF, 0xFF, 0xFF, 0x0F, 0x00, 0x00, 0xFF,
  0xFF, 0xFF, 0xFF, 0xFF, 0xFF, 0xFF, 0xEF, 0x00, 0x00, 0xFF, 0xFF, 0x0E, 0x00, 0x00, 0xFE, 0xFF,
  0xFF, 0x00, 0x00, 0xFF, 0xFF, 0x0E, 0x00, 0x00, 0xF0, 0xFF, 0xFF, 0x00, 0x00, 0xFF, 0xFF, 0x0E,
  0x00, 0x00, 0xF0, 0xFF, 0xFF, 0x00, 0x00, 0xFF, 0xFF, 0x0E, 0x00, 0x00, 0xF0, 0xFF, 0xEF, 0x00,
  0x00, 0xFF, 0xFF, 0x0E, 0x00, 0xE0, 0xFF, 0xFF, 0x0F, 0x00, 0x00, 0xFF, 0xFF, 0xFF, 0xFF, 0xFF,
  0xFF, 0xFF, 0x00, 0x00, 0x00, 0xFF, 0xFF, 0xFF, 0xFF, 0xFF, 0xFF, 0x0E, 0x00, 0x00, 0x00, 0xFF,
  0xFF, 0xFF, 0xFF, 0xFF, 0xFF, 0xFF, 0x0F, 0x00, 0x00, 0xFF, 0xFF, 0xFF, 0xFF, 0xFF, 0xFF, 0xFF,
  0xFF, 0x00, 0x00, 0xFF, 0xFF, 0x0E, 0x00, 0x00, 0xF0, 0xFF, 0xFF, 0x00, 0x00, 0xFF, 0xFF, 0x0E,
  0x00, 0x00, 0xD0, 0xFF, 0xFF, 0x0F, 0x00, 0xFF, 0xFF, 0x0E, 0x00, 0x00, 0x00, 0xFF, 0xFF, 0x0F,
  0x00, 0xFF, 0xFF, 0x0E, 0x00, 0x00, 0x00, 0xFF, 0xFF, 0x0F, 0x00, 0xFF, 0xFF, 0x0E, 0x00, 0x00,
  0xF0, 0xFF, 0xFF, 0x0E, 0x00, 0xFF, 0xFF, 0xFF, 0xFF, 0xFF, 0xFF, 0xFF, 0xFF, 0x00, 0x00, 0xFF,
  0xFF, 0xFF, 0xFF, 0xFF, 0xFF, 0xFF, 0xEF, 0x00, 0x00, 0xFF, 0xFF, 0xFF, 0xFF, 0xFF, 0xFF, 0xFF,
  0x0E, 0x00, 0x00, 0xFF, 0xFF, 0xFF, 0xFF, 0xFF, 0xFF, 0x0E, 0x00, 0x00, 0x00, 0x00, 0x00, 0xD0,
  0xFF, 0xFF, 0xFF, 0xDF, 0x00, 0x00, 0x00, 0x00, 0x00, 0x00, 0xFF, 0xFF, 0xFF, 0xFF, 0xFF, 0xDF,
  0x00, 0x00, 0x00, 0x00, 0xFE, 0xFF, 0xFF, 0xFF, 0xFF, 0xFF, 0xFF, 0x0E, 0x00, 0x00, 0xD0, 0xFF,
  0xFF, 0xFF, 0xFF, 0xFF, 0xFF, 0xFF, 0xDF, 0x00, 0x00, 0xF0, 0xFF, 0xFF, 0x0F, 0x00, 0x00, 0xFE,
  0xFF, 0xFF, 0x00, 0x00, 0xFE, 0xFF, 0xFF, 0x00, 0x00, 0x00, 0xE0, 0xFF, 0xFF, 0x0E, 0x00, 0xFF,
  0xFF, 0x0F, 0x00, 0x00, 0x00, 0x00, 0xFF, 0xFF, 0x0F, 0xD0, 0xFF, 0xFF, 0x0E, 0x00, 0x00, 0x00,
  0x00, 0xED, 0xEE, 0x0E, 0xE0, 0xFF, 0xFF, 0x00, 0x00, 0x00, 0x00, 0x00, 0x00, 0x00, 0x00, 0xF0,
  0xFF, 0xFF, 0x00, 0x00, 0x00, 0x00, 0x00, 0x00, 0x00, 0x00, 0xF0, 0xFF, 0xFF, 0x00, 0x00, 0x00,
  0x00, 0x00, 0x00, 0x00, 0x00, 0xF0, 0xFF, 0xFF, 0x00, 0x00, 0x00, 0x00, 0x00, 0x00, 0x00, 0x00,
  0xF0, 0xFF, 0xFF, 0x00, 0x00, 0x00, 0x00, 0x00, 0x00, 0x00, 0x00, 0xE0, 0xFF, 0xFF, 0x00, 0x00,
  0x00, 0x00, 0x00, 0x00, 0x00, 0x00, 0xD0, 0xFF, 0xFF, 0x0E, 0x00, 0x00, 0x00, 0x00, 0xED, 0xEE,
  0x0E, 0x00, 0xFF, 0xFF, 0x0F, 0x00, 0x00, 0x00, 0x00, 0xFF, 0xFF, 0x0F, 0x00, 0xFF, 0xFF, 0xEF,
  0x00, 0x00, 0x00, 0xE0, 0xFF, 0xFF, 0x0E, 0x00, 0xF0, 0xFF, 0xFF, 0x0F, 0x00, 0x00, 0xFE, 0xFF,
  0xFF, 0x00, 0x00, 0xD0, 0xFF, 0xFF, 0xFF, 0xFF, 0xFF, 0xFF, 0xFF, 0xDF, 0x00, 0x00, 0x00, 0xFE,
  0xFF, 0xFF, 0xFF, 0xFF, 0xFF, 0xFF, 0x0E, 0x00, 0x00, 0x00, 0x00, 0xFF, 0xFF, 0xFF, 0xFF, 0xFF,
  0x0F, 0x00, 0x00, 0x00, 0x00, 0x00, 0xD0, 0xFF, 0xFF, 0xFF, 0xDF, 0x00, 0x00, 0x00, 0x00, 0xFF,
  0xFF, 0xFF, 0xFF, 0xFF, 0xEF, 0x00, 0x00, 0x00, 0x00, 0x00, 0xFF, 0xFF, 0xFF, 0xFF, 0xFF, 0xFF,
  0xFF, 0x00, 0x00, 0x00, 0x00, 0xFF, 0xFF, 0xFF, 0xFF, 0xFF, 0xFF, 0xFF, 0x0F, 0x00, 0x00, 0x00,
  0xFF, 0xFF, 0xFF, 0xFF, 0xFF, 0xFF, 0xFF, 0xFF, 0x00, 0x00, 0x00, 0xFF, 0xFF, 0x0E, 0x00, 0x00,
  0xF0, 0xFF, 0xFF, 0x0F, 0x00, 0x00, 0xFF, 0xFF, 0x0E, 0x00, 0x00, 0x00, 0xFF, 0xFF, 0x0F, 0x00,
  0x00, 0xFF, 0xFF, 0x0E, 0x00, 0x00, 0x00, 0xF0, 0xFF, 0xFF, 0x00, 0x00, 0xFF, 0xFF, 0x0E, 0x00,
  0x00, 0x00, 0xF0, 0xFF, 0xFF, 0x00, 0x00, 0xFF, 0xFF, 0x0E, 0x00, 0x00, 0x00, 0xE0, 0xFF, 0xFF,
  0x00, 0x00, 0xFF, 0xFF, 0x0E, 0x00, 0x00, 0x00, 0xD0, 0xFF, 0xFF, 0x0D, 0x00, 0xFF, 0xFF, 0x0E,
  0x00, 0x00, 0x00, 0xD0, 0xFF, 0xFF, 0x0D, 0x00, 0xFF, 0xFF, 0x0E, 0x00, 0x00, 0x00, 0xD0, 0xFF,
  0xFF, 0x0D, 0x00, 0xFF, 0xFF, 0x0E, 0x00, 0x00, 0x00, 0xD0, 0xFF, 0xFF, 0x0D, 0x00, 0xFF, 0xFF,
  0x0E, 0x00, 0x00, 0x00, 0xE0, 0xFF, 0xFF, 0x00, 0x00, 0xFF, 0xFF, 0x0E, 0x00, 0x00, 0x00, 0xF0,
  0xFF, 0xFF, 0x00, 0x00, 0xFF, 0xFF, 0x0E, 0x00, 0x00, 0x00, 0xF0, 0xFF, 0xFF, 0x00, 0x00, 0xFF,
  0xFF, 0x0E, 0x00, 0x00, 0x00, 0xFF, 0xFF, 0x0F, 0x00, 0x00, 0xFF, 0xFF, 0x0E, 0x00, 0x00, 0xF0,
  0xFF, 0xFF, 0x0F, 0x00, 0x00, 0xFF, 0xFF, 0xFF, 0xFF, 0xFF, 0xFF, 0xFF, 0xFF, 0x00, 0x00, 0x00,
  0xFF, 0xFF, 0xFF, 0xFF, 0xFF, 0xFF, 0xFF, 0x0F, 0x00, 0x00, 0x00, 0xFF, 0xFF, 0xFF, 0xFF, 0xFF,
  0xFF, 0xFF, 0x00, 0x00, 0x00, 0x00, 0xFF, 0xFF, 0xFF, 0xFF, 0xFF, 0xEF, 0x00, 0x00, 0x00, 0x00,
  0x00, 0xFF, 0xFF, 0xFF, 0xFF, 0xFF, 0xFF, 0xFF, 0x0F, 0x00, 0xFF, 0xFF, 0xFF, 0xFF, 0xFF, 0xFF,
  0xFF, 0x0F, 0x00, 0xFF, 0xFF, 0xFF, 0xFF, 0xFF, 0xFF, 0xFF, 0x0F, 0x00, 0xFF, 0xFF, 0xFF, 0xFF,
  0xFF, 0xFF, 0xFF, 0x0D, 0x00, 0xFF, 0xFF, 0x0E, 0x00, 0x00, 0x00, 0x00, 0x00, 0x00, 0xFF, 0xFF,
  0x0E, 0x00, 0x00, 0x00, 0x00, 0x00, 0x00, 0xFF, 0xFF, 0x0E, 0x00, 0x00, 0x00, 0x00, 0x00, 0x00,
  0xFF, 0xFF, 0x0E, 0x00, 0x00, 0x00, 0x00, 0x00, 0x00, 0xFF, 0xFF, 0x0E, 0x00, 0x00, 0x00, 0x00,
  0x00, 0x00, 0xFF, 0xFF, 0xFF, 0xFF, 0xFF, 0xFF, 0xFF, 0x00, 0x00, 0xFF, 0xFF, 0xFF, 0xFF, 0xFF,
  0xFF, 0xFF, 0x00, 0x00, 0xFF, 0xFF, 0xFF, 0xFF, 0xFF, 0xFF, 0xFF, 0x00, 0x00, 0xFF, 0xFF, 0xFF,
  0xFF, 0xFF, 0xFF, 0xEF, 0x00, 0x00, 0xFF, 0xFF, 0x0E, 0x00, 0x00, 0x00, 0x00, 0x00, 0x00, 0xFF,
  0xFF, 0x0E, 0x00, 0x00, 0x00, 0x00, 0x00, 0x00, 0xFF, 0xFF, 0x0E, 0x00, 0x00, 0x00, 0x00, 0x00,
  0x00, 0xFF, 0xFF, 0x0E, 0x00, 0x00, 0x00, 0x00, 0x00, 0x00, 0xFF, 0xFF, 0x0E, 0x00, 0x00, 0x00,
  0x00, 0x00, 0x00, 0xFF, 0xFF, 0xFF, 0xFF, 0xFF, 0xFF, 0xFF, 0x0E, 0x00, 0xFF, 0xFF, 0xFF, 0xFF,
  0xFF, 0xFF, 0xFF, 0x0F, 0x00, 0xFF, 0xFF, 0xFF, 0xFF, 0xFF, 0xFF, 0xFF, 0x0F, 0x00, 0xFF, 0xFF,
  0xFF, 0xFF, 0xFF, 0xFF, 0xFF, 0x0F, 0x00, 0xFF, 0xFF, 0xFF, 0xFF, 0xFF, 0xFF, 0xFF, 0x0E, 0x00,
  0xFF, 0xFF, 0xFF, 0xFF, 0xFF, 0xFF, 0xFF, 0x0E, 0x00, 0xFF, 0xFF, 0xFF, 0xFF, 0xFF, 0xFF, 0xFF,
  0x0E, 0x00, 0xFF, 0xFF, 0xFF, 0xFF, 0xFF, 0xFF, 0xFF, 0x00, 0x00, 0xFF, 0xFF, 0x0E, 0x00, 0x00,
  0x00, 0x00, 0x00, 0x00, 0xFF, 0xFF, 0x0E, 0x00, 0x00, 0x00, 0x00, 0x00, 0x00, 0xFF, 0xFF, 0x0E,
  0x00, 0x00, 0x00, 0x00, 0x00, 0x00, 0xFF, 0xFF, 0x0E, 0x00, 0x00, 0x00, 0x00, 0x00, 0x00, 0xFF,
  0xFF, 0x0E, 0x00, 0x00, 0x00, 0x00, 0x00, 0x00, 0xFF, 0xFF, 0x0E, 0x00, 0x00, 0x00, 0x00, 0x00,
  0x00, 0xFF, 0xFF, 0xFF, 0xFF, 0xFF, 0xFF, 0xEF, 0x00, 0x00, 0xFF, 0xFF, 0xFF, 0xFF, 0xFF, 0xFF,
  0xEF, 0x00, 0x00, 0xFF, 0xFF, 0xFF, 0xFF, 0xFF, 0xFF, 0xEF, 0x00, 0x00, 0xFF, 0xFF, 0xFF, 0xFF,
  0xFF, 0xFF, 0xDF, 0x00, 0x00, 0xFF, 0xFF, 0x0E, 0x00, 0x00, 0x00, 0x00, 0x00, 0x00, 0xFF, 0xFF,
  0x0E, 0x00, 0x00, 0x00, 0x00, 0x00, 0x00, 0xFF, 0xFF, 0x0E, 0x00, 0x00, 0x00, 0x00, 0x00, 0x00,
  0xFF, 0xFF, 0x0E, 0x00, 0x00, 0x00, 0x00, 0x00, 0x00, 0xFF, 0xFF, 0x0E, 0x00, 0x00, 0x00, 0x00,
  0x00, 0x00, 0xFF, 0xFF, 0x0E, 0x00, 0x00, 0x00, 0x00, 0x00, 0x00, 0xFF, 0xFF, 0x0E, 0x00, 0x00,
  0x00, 0x00, 0x00, 0x00, 0xFF, 0xFF, 0x0E, 0x00, 0x00, 0x00, 0x00, 0x00, 0x00, 0x00, 0x00, 0xD0,
  0xFF, 0xFF, 0xFF, 0xDF, 0x00, 0x00, 0x00, 0x00, 0x00, 0x00, 0xF0, 0xFF, 0xFF, 0xFF, 0xFF, 0xFF,
  0x0D, 0x00, 0x00, 0x00, 0x00, 0xFD, 0xFF, 0xFF, 0xFF, 0xFF, 0xFF, 0xFF, 0x0E, 0x00, 0x00, 0x00,
  0xFD, 0xFF, 0xFF, 0xFF, 0xFF, 0xFF, 0xFF, 0xFF, 0x0E, 0x00, 0x00, 0xF0, 0xFF, 0xFF, 0x0F, 0x00,
  0x00, 0xFE, 0xFF, 0xFF, 0x00, 0x00, 0xE0, 0xFF, 0xFF, 0x0F, 0x00, 0x00, 0x00, 0xFE, 0xFF, 0xEF,
  0x00, 0x00, 0xFF, 0xFF, 0x0F, 0x00, 0x00, 0x00, 0x00, 0xFF, 0xFF, 0x0F, 0x00, 0xFD, 0xFF, 0xEF,
  0x00, 0x00, 0x00, 0x00, 0x00, 0x00, 0x00, 0x00, 0xE0, 0xFF, 0xFF, 0x00, 0x00, 0x00, 0x00, 0x00,
  0x00, 0x00, 0x00, 0x00, 0xFF, 0xFF, 0x0F, 0x00, 0x00, 0x00, 0x00, 0x00, 0x00, 0x00, 0x00, 0xF0,
  0xFF, 0xFF, 0x00, 0x00, 0x00, 0xFF, 0xFF, 0xFF, 0xFF, 0x0F, 0x00, 0xFF, 0xFF, 0x0F, 0x00, 0x00,
  0xF0, 0xFF, 0xFF, 0xFF, 0xFF, 0x00, 0xF0, 0xFF, 0xFF, 0x00, 0x00, 0x00, 0xFF, 0xFF, 0xFF, 0xFF,
  0x0F, 0x00, 0xFE, 0xFF, 0x0F, 0x00, 0x00, 0xF0, 0xFF, 0xFF, 0xFF, 0xFF, 0x00, 0xD0, 0xFF, 0xFF,
  0x0E, 0x00, 0x00, 0x00, 0x00, 0xFE, 0xFF, 0x0F, 0x00, 0xF0, 0xFF, 0xFF, 0x00, 0x00, 0x00, 0x00,
  0xF0, 0xFF, 0xFF, 0x00, 0x00, 0xFF, 0xFF, 0xFF, 0x00, 0x00, 0x00, 0xD0, 0xFF, 0xFF, 0x0E, 0x00,
  0x00, 0xFF, 0xFF, 0xFF, 0x00, 0x00, 0xD0, 0xFF, 0xFF, 0x0F, 0x00, 0x00, 0xD0, 0xFF, 0xFF, 0xFF,
  0xFF, 0xFF, 0xFF, 0xFF, 0xDF, 0x00, 0x00, 0x00, 0xE0, 0xFF, 0xFF, 0xFF, 0xFF, 0xFF, 0xFF, 0xEF,
  0x00, 0x00, 0x00, 0x00, 0x00, 0xFF, 0xFF, 0xFF, 0xFF, 0xFF, 0xDF, 0x00, 0x00, 0x00, 0x00, 0x00,
  0x00, 0xFD, 0xFF, 0xFF, 0xFF, 0x0E, 0x00, 0x00, 0x00, 0x00, 0xFF, 0xFF, 0x0E, 0x00, 0x00, 0x00,
  0x00, 0xFF, 0xFF, 0x0E, 0x00, 0xFF, 0xFF, 0x0E, 0x00, 0x00, 0x00, 0x00, 0xFF, 0xFF, 0x0E, 0x00,
  0xFF, 0xFF, 0x0E, 0x00, 0x00, 0x00, 0x00, 0xFF, 0xFF, 0x0E, 0x00, 0xFF, 0xFF, 0x0E, 0x00, 0x00,
  0x00, 0x00, 0xFF, 0xFF, 0x0E, 0x00, 0xFF, 0xFF, 0x0E, 0x00, 0x00, 0x00, 0x00, 0xFF, 0xFF, 0x0E,
  0x00, 0xFF, 0xFF, 0x0E, 0x00, 0x00, 0x00, 0x00, 0xFF, 0xFF, 0x0E, 0x00, 0xFF, 0xFF, 0x0E, 0x00,
  0x00, 0x00, 0x00, 0xFF, 0xFF, 0x0E, 0x00, 0xFF, 0xFF, 0x0E, 0x00, 0x00, 0x00, 0x00, 0xFF, 0xFF,
  0x0E, 0x00, 0xFF, 0xFF, 0x0E, 0x00, 0x00, 0x00, 0x00, 0xFF, 0xFF, 0x0E, 0x00, 0xFF, 0xFF, 0xFF,
  0xFF, 0xFF, 0xFF, 0xFF, 0xFF, 0xFF, 0x0E, 0x00, 0xFF, 0xFF, 0xFF, 0xFF, 0xFF, 0xFF, 0xFF, 0xFF,
  0xFF, 0x0E, 0x00, 0xFF, 0xFF, 0xFF, 0xFF, 0xFF, 0xFF, 0xFF, 0xFF, 0xFF, 0x0E, 0x00, 0xFF, 0xFF,
  0xFF, 0xFF, 0xFF, 0xFF, 0xFF, 0xFF, 0xFF, 0x0E, 0x00, 0xFF, 0xFF, 0x0E, 0x00, 0x00, 0x00, 0x00,
  0xFF, 0xFF, 0x0E, 0x00, 0xFF, 0xFF, 0x0E, 0x00, 0x00, 0x00, 0x00, 0xFF, 0xFF, 0x0E, 0x00, 0xFF,
  0xFF, 0x0E, 0x00, 0x00, 0x00, 0x00, 0xFF, 0xFF, 0x0E, 0x00, 0xFF, 0xFF, 0x0E, 0x00, 0x00, 0x00,
  0x00, 0xFF, 0xFF, 0x0E, 0x00, 0xFF, 0xFF, 0x0E, 0x00, 0x00, 0x00, 0x00, 0xFF, 0xFF, 0x0E, 0x00,
  0xFF, 0xFF, 0x0E, 0x00, 0x00, 0x00, 0x00, 0xFF, 0xFF, 0x0E, 0x00, 0xFF, 0xFF, 0x0E, 0x00, 0x00,
  0x00, 0x00, 0xFF, 0xFF, 0x0E, 0x00, 0xFF, 0xFF, 0x0E, 0x00, 0x00, 0x00, 0x00, 0xFF, 0xFF, 0x0E,
  0x00, 0xFF, 0xFF, 0x0E, 0x00, 0x00, 0x00, 0x00, 0xFF, 0xFF, 0x0E, 0x00, 0xFF, 0xFF, 0x0E, 0x00,
  0xFF, 0xFF, 0x0E, 0x00, 0xFF, 0xFF, 0x0E, 0x00, 0xFF, 0xFF, 0x0E, 0x00, 0xFF, 0xFF, 0x0E, 0x00,
  0xFF, 0xFF, 0x0E, 0x00, 0xFF, 0xFF, 0x0E, 0x00, 0xFF, 0xFF, 0x0E, 0x00, 0xFF, 0xFF, 0x0E, 0x00,
  0xFF, 0xFF, 0x0E, 0x00, 0xFF, 0xFF, 0x0E, 0x00, 0xFF, 0xFF, 0x0E, 0x00, 0xFF, 0xFF, 0x0E, 0x00,
  0xFF, 0xFF, 0x0E, 0x00, 0xFF, 0xFF, 0x0E, 0x00, 0xFF, 0xFF, 0x0E, 0x00, 0xFF, 0xFF, 0x0E, 0x00,
  0xFF, 0xFF, 0x0E, 0x00, 0xFF, 0xFF, 0x0E, 0x00, 0xFF, 0xFF, 0x0E, 0x00, 0xFF, 0xFF, 0x0E, 0x00,
  0xFF, 0xFF, 0x0E, 0x00, 0x00, 0x00, 0x00, 0x00, 0xF0, 0xFF, 0xFF, 0x00, 0x00, 0x00, 0x00, 0x00,
  0x00, 0xF0, 0xFF, 0xFF, 0x00, 0x00, 0x00, 0x00, 0x00, 0x00, 0xF0, 0xFF, 0xFF, 0x00, 0x00, 0x00,
  0x00, 0x00, 0x00, 0xF0, 0xFF, 0xFF, 0x00, 0x00, 0x00, 0x00, 0x00, 0x00, 0xF0, 0xFF, 0xFF, 0x00,
  0x00, 0x00, 0x00, 0x00, 0x00, 0xF0, 0xFF, 0xFF, 0x00, 0x00, 0x00, 0x00, 0x00, 0x00, 0xF0, 0xFF,
  0xFF, 0x00, 0x00, 0x00, 0x00, 0x00, 0x00, 0xF0, 0xFF, 0xFF, 0x00, 0x00, 0x00, 0x00, 0x00, 0x00,
  0xF0, 0xFF, 0xFF, 0x00, 0x00, 0x00, 0x00, 0x00, 0x00, 0xF0, 0xFF, 0xFF, 0x00, 0x00, 0x00, 0x00,
  0x00, 0x00, 0xF0, 0xFF, 0xFF, 0x00, 0x00, 0x00, 0x00, 0x00, 0x00, 0xF0, 0xFF, 0xFF, 0x00, 0x00,
  0x00, 0x00, 0x00, 0x00, 0xF0, 0xFF, 0xFF, 0x00, 0x00, 0x00, 0x00, 0x00, 0x00, 0xF0, 0xFF, 0xFF,
  0x00, 0xF0, 0xFF, 0xEF, 0x00, 0x00, 0xF0, 0xFF, 0xFF, 0x00, 0xF0, 0xFF, 0xFF, 0x00, 0x00, 0xF0,
  0xFF, 0xFF, 0x00, 0xF0, 0xFF, 0xFF, 0x00, 0x00, 0xF0, 0xFF, 0xEF, 0x00, 0xF0, 0xFF, 0xFF, 0x0D,
  0x00, 0xFF, 0xFF, 0xDF, 0x00, 0xD0, 0xFF, 0xFF, 0xFF, 0xFF, 0xFF, 0xFF, 0x0F, 0x00, 0x00, 0xFF,
  0xFF, 0xFF, 0xFF, 0xFF, 0xFF, 0x0D, 0x00, 0x00, 0xF0, 0xFF, 0xFF, 0xFF, 0xFF, 0xEF, 0x00, 0x00,
  0x00, 0x00, 0xFD, 0xFF, 0xFF, 0xEF, 0x00, 0x00, 0x00, 0x00, 0xFF, 0xFF, 0x0E, 0x00, 0x00, 0x00,
  0xFD, 0xFF, 0xFF, 0x0D, 0x00, 0xFF, 0xFF, 0x0E, 0x00, 0x00, 0x00, 0xFF, 0xFF, 0xEF, 0x00, 0x00,
  0xFF, 0xFF, 0x0E, 0x00, 0x00, 0xF0, 0xFF, 0xFF, 0x0E, 0x00, 0x00, 0xFF, 0xFF, 0x0E, 0x00, 0x00,
  0xFF, 0xFF, 0xFF, 0x00, 0x00, 0x00, 0xFF, 0xFF, 0x0E, 0x00, 0xF0, 0xFF, 0xFF, 0x0F, 0x00, 0x00,
  0x00, 0xFF, 0xFF, 0x0E, 0x00, 0xFE, 0xFF, 0xFF, 0x00, 0x00, 0x00, 0x00, 0xFF, 0xFF, 0x0E, 0xD0,
  0xFF, 0xFF, 0x0F, 0x00, 0x00, 0x00, 0x00, 0xFF, 0xFF, 0x0E, 0xF0, 0xFF, 0xFF, 0x0D, 0x00, 0x00,
  0x00, 0x00, 0xFF, 0xFF, 0x0E, 0xFF, 0xFF, 0xEF, 0x00, 0x00, 0x00, 0x00, 0x00, 0xFF, 0xFF, 0xFE,
  0xFF, 0xFF, 0x0F, 0x00, 0x00, 0x00, 0x00, 0x00, 0xFF, 0xFF, 0xFF, 0xFF, 0xFF, 0x0F, 0x00, 0x00,
  0x00, 0x00, 0x00, 0xFF, 0xFF, 0xFF, 0xFF, 0xFF, 0xFF, 0x00, 0x00, 0x00, 0x00, 0x00, 0xFF, 0xFF,
  0xFF, 0xFF, 0xFF, 0xFF, 0x0E, 0x00, 0x00, 0x00, 0x00, 0xFF, 0xFF, 0xFF, 0x0F, 0xFF, 0xFF, 0x0F,
  0x00, 0x00, 0x00, 0x00, 0xFF, 0xFF, 0xFF, 0x00, 0xFE, 0xFF, 0xFF, 0x00, 0x00, 0x00, 0x00, 0xFF,
  0xFF, 0x0F, 0x00, 0xF0, 0xFF, 0xFF, 0x0E, 0x00, 0x00, 0x00, 0xFF, 0xFF, 0x0E, 0x00, 0x00, 0xFF,
  0xFF, 0x0F, 0x00, 0x00, 0x00, 0xFF, 0xFF, 0x0E, 0x00, 0x00, 0xFE, 0xFF, 0xFF, 0x00, 0x00, 0x00,
  0xFF, 0xFF, 0x0E, 0x00, 0x00, 0xF0, 0xFF, 0xFF, 0x0E, 0x00, 0x00, 0xFF, 0xFF, 0x0E, 0x00, 0x00,
  0x00, 0xFF, 0xFF, 0x0F, 0x00, 0x00, 0xFF, 0xFF, 0x0E, 0x00, 0x00, 0x00, 0xFE, 0xFF, 0xFF, 0x00,
  0x00, 0xFF, 0xFF, 0x0E, 0x00, 0x00, 0x00, 0xF0, 0xFF, 0xFF, 0x0E, 0x00, 0xFF, 0xFF, 0x0E, 0x00,
  0x00, 0x00, 0x00, 0x00, 0xF0, 0xFF, 0xEF, 0x00, 0x00, 0x00, 0x00, 0x00, 0x00, 0xFF, 0xFF, 0x0E,
  0x00, 0x00, 0x00, 0x00, 0x00, 0xF0, 0xFF, 0xEF, 0x00, 0x00, 0x00, 0x00, 0x00, 0x00, 0xFF, 0xFF,
  0x0E, 0x00, 0x00, 0x00, 0x00, 0x00, 0xF0, 0xFF, 0xEF, 0x00, 0x00, 0x00, 0x00, 0x00, 0x00, 0xFF,
  0xFF, 0x0E, 0x00, 0x00, 0x00, 0x00, 0x00, 0xF0, 0xFF, 0xEF, 0x00, 0x00, 0x00, 0x00, 0x00, 0x00,
  0xFF, 0xFF, 0x0E, 0x00, 0x00, 0x00, 0x00, 0x00, 0xF0, 0xFF, 0xEF, 0x00, 0x00, 0x00, 0x00, 0x00,
  0x00, 0xFF, 0xFF, 0x0E, 0x00, 0x00, 0x00, 0x00, 0x00, 0xF0, 0xFF, 0xEF, 0x00, 0x00, 0x00, 0x00,
  0x00, 0x00, 0xFF, 0xFF, 0x0E, 0x00, 0x00, 0x00, 0x00, 0x00, 0xF0, 0xFF, 0xEF, 0x00, 0x00, 0x00,
  0x00, 0x00, 0x00, 0xFF, 0xFF, 0x0E, 0x00, 0x00, 0x00, 0x00, 0x00, 0xF0, 0xFF, 0xEF, 0x00, 0x00,
  0x00, 0x00, 0x00, 0x00, 0xFF, 0xFF, 0x0E, 0x00, 0x00, 0x00, 0x00, 0x00, 0xF0, 0xFF, 0xEF, 0x00,
  0x00, 0x00, 0x00, 0x00, 0x00, 0xFF, 0xFF, 0xFF, 0xFF, 0xFF, 0xFF, 0xEF, 0x00, 0xF0, 0xFF, 0xFF,
  0xFF, 0xFF, 0xFF, 0xFF, 0x0F, 0x00, 0xFF, 0xFF, 0xFF, 0xFF, 0xFF, 0xFF, 0xFF, 0x00, 0xF0, 0xFF,
  0xFF, 0xFF, 0xFF, 0xFF, 0xFF, 0x0F, 0x00, 0xFF, 0xFF, 0xFF, 0x0F, 0x00, 0x00, 0x00, 0x00, 0xF0,
  0xFF, 0xFF, 0xFF, 0x00, 0x00, 0xFF, 0xFF, 0xFF, 0xEF, 0x00, 0x00, 0x00, 0x00, 0xFE, 0xFF, 0xFF,
  0xFF, 0x00, 0x00, 0xFF, 0xFF, 0xFF, 0xFF, 0x00, 0x00, 0x00, 0x00, 0xFF, 0xFF, 0xFF, 0xFF, 0x00,
  0x00, 0xFF, 0xFF, 0xFF, 0xFF, 0x00, 0x00, 0x00, 0x00, 0xFF, 0xFF, 0xFF, 0xFF, 0x00, 0x00, 0xFF,
  0xFF, 0xFF, 0xFF, 0x0E, 0x00, 0x00, 0xE0, 0xFF, 0xFF, 0xFF, 0xFF, 0x00, 0x00, 0xFF, 0xFF, 0xFF,
  0xFF, 0x0F, 0x00, 0x00, 0xF0, 0xFF, 0xFF, 0xFF, 0xFF, 0x00, 0x00, 0xFF, 0xFF, 0xFE, 0xFF, 0x0F,
  0x00, 0x00, 0xF0, 0xFF, 0xEF, 0xFF, 0xFF, 0x00, 0x00, 0xFF, 0xFF, 0xFE, 0xFF, 0xEF, 0x00, 0x00,
  0xFE, 0xFF, 0xEF, 0xFF, 0xFF, 0x00, 0x00, 0xFF, 0xFF, 0xFE, 0xFF, 0xFF, 0x00, 0x00, 0xFF, 0xFF,
  0xEE, 0xFF, 0xFF, 0x00, 0x00, 0xFF, 0xFF, 0xDE, 0xFF, 0xFF, 0x00, 0x00, 0xFF, 0xFF, 0xED, 0xFF,
  0xFF, 0x00, 0x00, 0xFF, 0xFF, 0x0E, 0xFF, 0xFF, 0x0E, 0xE0, 0xFF, 0xFF, 0xF0, 0xFF, 0xFF, 0x00,
  0x00, 0xFF, 0xFF, 0x0E, 0xFF, 0xFF, 0x0F, 0xF0, 0xFF, 0xFF, 0xF0, 0xFF, 0xFF, 0x00, 0x00, 0xFF,
  0xFF, 0x0E, 0xFE, 0xFF, 0x0F, 0xF0, 0xFF, 0xDF, 0xF0, 0xFF, 0xFF, 0x00, 0x00, 0xFF, 0xFF, 0x0E,
  0xF0, 0xFF, 0xDF, 0xFD, 0xFF, 0x0F, 0xF0, 0xFF, 0xFF, 0x00, 0x00, 0xFF, 0xFF, 0x0E, 0xF0, 0xFF,
  0xEF, 0xFE, 0xFF, 0x0F, 0xF0, 0xFF, 0xFF, 0x00, 0x00, 0xFF, 0xFF, 0x0E, 0xD0, 0xFF, 0xFF, 0xFF,
  0xFF, 0x00, 0xF0, 0xFF, 0xFF, 0x00, 0x00, 0xFF, 0xFF, 0x0E, 0x00, 0xFF, 0xFF, 0xFF, 0xFF, 0x00,
  0xF0, 0xFF, 0xFF, 0x00, 0x00, 0xFF, 0xFF, 0x0E, 0x00, 0xFF, 0xFF, 0xFF, 0xEF, 0x00, 0xF0, 0xFF,
  0xFF, 0x00, 0x00, 0xFF, 0xFF, 0x0E, 0x00, 0xF0, 0xFF, 0xFF, 0x0F, 0x00, 0xF0, 0xFF, 0xFF, 0x00,
  0x00, 0xFF, 0xFF, 0x0E, 0x00, 0xF0, 0xFF, 0xFF, 0x0F, 0x00, 0xF0, 0xFF, 0xFF, 0x00, 0x00, 0xFF,
  0xFF, 0x0E, 0x00, 0xE0, 0xFF, 0xFF, 0x0E, 0x00, 0xF0, 0xFF, 0xFF, 0x00, 0x00, 0xFF, 0xFF, 0x0E,
  0x00, 0x00, 0xFF, 0xFF, 0x00, 0x00, 0xF0, 0xFF, 0xFF, 0x00, 0x00, 0xFF, 0xFF, 0xDF, 0x00, 0x00,
  0x00, 0x00, 0xFF, 0xFF, 0x0F, 0x00, 0xF0, 0xFF, 0xFF, 0x0F, 0x00, 0x00, 0x00, 0xF0, 0xFF, 0xFF,
  0x00, 0x00, 0xFF, 0xFF, 0xFF, 0x0E, 0x00, 0x00, 0x00, 0xFF, 0xFF, 0x0F, 0x00, 0xF0, 0xFF, 0xFF,
  0xFF, 0x00, 0x00, 0x00, 0xF0, 0xFF, 0xFF, 0x00, 0x00, 0xFF, 0xFF, 0xFF, 0xFF, 0x00, 0x00, 0x00,
  0xFF, 0xFF, 0x0F, 0x00, 0xF0, 0xFF, 0xFF, 0xFF, 0xEF, 0x00, 0x00, 0xF0, 0xFF, 0xFF, 0x00, 0x00,
  0xFF, 0xFF, 0xFF, 0xFF, 0x0F, 0x00, 0x00, 0xFF, 0xFF, 0x0F, 0x00, 0xF0, 0xFF, 0xEF, 0xFF, 0xFF,
  0x0F, 0x00, 0xF0, 0xFF, 0xFF, 0x00, 0x00, 0xFF, 0xFF, 0xEE, 0xFF, 0xFF, 0x0D, 0x00, 0xFF, 0xFF,
  0x0F, 0x00, 0xF0, 0xFF, 0xEF, 0xF0, 0xFF, 0xFF, 0x00, 0xF0, 0xFF, 0xFF, 0x00, 0x00, 0xFF, 0xFF,
  0x0F, 0xFD, 0xFF, 0xEF, 0x00, 0xFF, 0xFF, 0x0F, 0x00, 0xF0, 0xFF, 0xFF, 0x00, 0xFF, 0xFF, 0x0F,
  0xF0, 0xFF, 0xFF, 0x00, 0x00, 0xFF, 0xFF, 0x0F, 0x00, 0xFF, 0xFF, 0x0F, 0xFF, 0xFF, 0x0F, 0x00,
  0xF0, 0xFF, 0xFF, 0x00, 0xE0, 0xFF, 0xFF, 0xF0, 0xFF, 0xFF, 0x00, 0x00, 0xFF, 0xFF, 0x0F, 0x00,
  0xF0, 0xFF, 0xFF, 0xFF, 0xFF, 0x0F, 0x00, 0xF0, 0xFF, 0xFF, 0x00, 0x00, 0xFD, 0xFF, 0xFF, 0xFF,
  0xFF, 0x00, 0x00, 0xFF, 0xFF, 0x0F, 0x00, 0x00, 0xFF, 0xFF, 0xFF, 0xFF, 0x0F, 0x00, 0xF0, 0xFF,
  0xFF, 0x00, 0x00, 0x00, 0xFF, 0xFF, 0xFF, 0xFF, 0x00, 0x00, 0xFF, 0xFF, 0x0F, 0x00, 0x00, 0xE0,
  0xFF, 0xFF, 0xFF, 0x0F, 0x00, 0xF0, 0xFF, 0xFF, 0x00, 0x00, 0x00, 0xF0, 0xFF, 0xFF, 0xFF, 0x00,
  0x00, 0xFF, 0xFF, 0x0F, 0x00, 0x00, 0x00, 0xF0, 0xFF, 0xFF, 0x0F, 0x00, 0xF0, 0xFF, 0xFF, 0x00,
  0x00, 0x00, 0x00, 0xFE, 0xFF, 0xFF, 0x00, 0x00, 0x00, 0x00, 0xD0, 0xFF, 0xFF, 0xFF, 0xDF, 0x00,
  0x00, 0x00, 0x00, 0x00, 0x00, 0xF0, 0xFF, 0xFF, 0xFF, 0xFF, 0xFF, 0x0D, 0x00, 0x00, 0x00, 0x00,
  0xFD, 0xFF, 0xFF, 0xFF, 0xFF, 0xFF, 0xFF, 0x0E, 0x00, 0x00, 0x00, 0xFD, 0xFF, 0xFF, 0xFF, 0xFF,
  0xFF, 0xFF, 0xFF, 0x0E, 0x00, 0x00, 0xF0, 0xFF, 0xFF, 0x0F, 0x00, 0x00, 0xFE, 0xFF, 0xFF, 0x00,
  0x00, 0xE0, 0xFF, 0xFF, 0x0E, 0x00, 0x00, 0x00, 0xFE, 0xFF, 0xFF, 0x00, 0x00, 0xFF, 0xFF, 0x0F,
  0x00, 0x00, 0x00, 0x00, 0xFF, 0xFF, 0x0F, 0x00, 0xFD, 0xFF, 0xEF, 0x00, 0x00, 0x00, 0x00, 0xD0,
  0xFF, 0xFF, 0x0D, 0xE0, 0xFF, 0xFF, 0x00, 0x00, 0x00, 0x00, 0x00, 0xF0, 0xFF, 0xFF, 0x00, 0xFF,
  0xFF, 0x0F, 0x00, 0x00, 0x00, 0x00, 0x00, 0xFF, 0xFF, 0x0F, 0xF0, 0xFF, 0xFF, 0x00, 0x00, 0x00,
  0x00, 0x00, 0xF0, 0xFF, 0xFF, 0x00, 0xFF, 0xFF, 0x0F, 0x00, 0x00, 0x00, 0x00, 0x00, 0xFF, 0xFF,
  0x0F, 0xF0, 0xFF, 0xFF, 0x00, 0x00, 0x00, 0x00, 0x00, 0xF0, 0xFF, 0xFF, 0x00, 0xFE, 0xFF, 0x0F,
  0x00, 0x00, 0x00, 0x00, 0x00, 0xFF, 0xFF, 0x0F, 0xD0, 0xFF, 0xFF, 0x0E, 0x00, 0x00, 0x00, 0x00,
  0xFD, 0xFF, 0xEF, 0x00, 0xF0, 0xFF, 0xFF, 0x00, 0x00, 0x00, 0x00, 0xF0, 0xFF, 0xFF, 0x00, 0x00,
  0xFE, 0xFF, 0xEF, 0x00, 0x00, 0x00, 0xE0, 0xFF, 0xFF, 0x0F, 0x00, 0x00, 0xFF, 0xFF, 0xFF, 0x00,
  0x00, 0xE0, 0xFF, 0xFF, 0x0F, 0x00, 0x00, 0xD0, 0xFF, 0xFF, 0xFF, 0xFF, 0xFF, 0xFF, 0xFF, 0xEF,
  0x00, 0x00, 0x00, 0xD0, 0xFF, 0xFF, 0xFF, 0xFF, 0xFF, 0xFF, 0xEF, 0x00, 0x00, 0x00, 0x00, 0x00,
  0xFF, 0xFF, 0xFF, 0xFF, 0xFF, 0xDF, 0x00, 0x00, 0x00, 0x00, 0x00, 0x00, 0xFD, 0xFF, 0xFF, 0xFF,
  0x0D, 0x00, 0x00, 0x00, 0x00, 0xFF, 0xFF, 0xFF, 0xFF, 0xFF, 0xFF, 0x00, 0x00, 0x00, 0xF0, 0xFF,
  0xFF, 0xFF, 0xFF, 0xFF, 0xFF, 0x0E, 0x00, 0x00, 0xFF, 0xFF, 0xFF, 0xFF, 0xFF, 0xFF, 0xFF, 0x0F,
  0x00, 0xF0, 0xFF, 0xFF, 0xFF, 0xFF, 0xFF, 0xFF, 0xFF, 0x0E, 0x00, 0xFF, 0xFF, 0x0E, 0x00, 0x00,
  0xFE, 0xFF, 0xFF, 0x00, 0xF0, 0xFF, 0xEF, 0x00, 0x00, 0x00, 0xFF, 0xFF, 0x0F, 0x00, 0xFF, 0xFF,
  0x0E, 0x00, 0x00, 0xE0, 0xFF, 0xFF, 0x0D, 0xF0, 0xFF, 0xEF, 0x00, 0x00, 0x00, 0xFE, 0xFF, 0xDF,
  0x00, 0xFF, 0xFF, 0x0E, 0x00, 0x00, 0xF0, 0xFF, 0xFF, 0x00, 0xF0, 0xFF, 0xEF, 0x00, 0x00, 0x00,
  0xFF, 0xFF, 0x0F, 0x00, 0xFF, 0xFF, 0x0E, 0x00, 0xD0, 0xFF, 0xFF, 0xFF, 0x00, 0xF0, 0xFF, 0xFF,
  0xFF, 0xFF, 0xFF, 0xFF, 0xFF, 0x00, 0x00, 0xFF, 0xFF, 0xFF, 0xFF, 0xFF, 0xFF, 0xFF, 0x0D, 0x00,
  0xF0, 0xFF, 0xFF, 0xFF, 0xFF, 0xFF, 0xFF, 0x00, 0x00, 0x00, 0xFF, 0xFF, 0xFF, 0xFF, 0xEF, 0x0D,
  0x00, 0x00, 0x00, 0xF0, 0xFF, 0xEF, 0x00, 0x00, 0x00, 0x00, 0x00, 0x00, 0x00, 0xFF, 0xFF, 0x0E,
  0x00, 0x00, 0x00, 0x00, 0x00, 0x00, 0xF0, 0xFF, 0xEF, 0x00, 0x00, 0x00, 0x00, 0x00, 0x00, 0x00,
  0xFF, 0xFF, 0x0E, 0x00, 0x00, 0x00, 0x00, 0x00, 0x00, 0xF0, 0xFF, 0xEF, 0x00, 0x00, 0x00, 0x00,
  0x00, 0x00, 0x00, 0xFF, 0xFF, 0x0E, 0x00, 0x00, 0x00, 0x00, 0x00, 0x00, 0xF0, 0xFF, 0xEF, 0x00,
  0x00, 0x00, 0x00, 0x00, 0x00, 0x00, 0x00, 0x00, 0xD0, 0xFF, 0xFF, 0xFF, 0xDF, 0x00, 0x00, 0x00,
  0x00, 0x00, 0x00, 0xF0, 0xFF, 0xFF, 0xFF, 0xFF, 0xFF, 0x0D, 0x00, 0x00, 0x00, 0x00, 0xFD, 0xFF,
  0xFF, 0xFF, 0xFF, 0xFF, 0xFF, 0x0E, 0x00, 0x00, 0x00, 0xFD, 0xFF, 0xFF, 0xFF, 0xFF, 0xFF, 0xFF,
  0xFF, 0x0D, 0x00, 0x00, 0xF0, 0xFF, 0xFF, 0x0F, 0x00, 0x00, 0xFE, 0xFF, 0xFF, 0x00, 0x00, 0xE0,
  0xFF, 0xFF, 0x0E, 0x00, 0x00, 0x00, 0xFE, 0xFF, 0xFF, 0x00, 0x00, 0xFF, 0xFF, 0x0F, 0x00, 0x00,
  0x00, 0x00, 0xFF, 0xFF, 0x0F, 0x00, 0xFD, 0xFF, 0xEF, 0x00, 0x00, 0x00, 0x00, 0xD0, 0xFF, 0xFF,
  0x0D, 0xE0, 0xFF, 0xFF, 0x00, 0x00, 0x00, 0x00, 0x00, 0xF0, 0xFF, 0xEF, 0x00, 0xFF, 0xFF, 0x0F,
  0x00, 0x00, 0x00, 0x00, 0x00, 0xFF, 0xFF, 0x0F, 0xF0, 0xFF, 0xFF, 0x00, 0x00, 0x00, 0x00, 0x00,
  0xF0, 0xFF, 0xFF, 0x00, 0xFF, 0xFF, 0x0F, 0x00, 0x00, 0x00, 0x00, 0x00, 0xFF, 0xFF, 0x0F, 0xF0,
  0xFF, 0xFF, 0x00, 0x00, 0x00, 0x00, 0x00, 0xF0, 0xFF, 0xFF, 0x00, 0xFE, 0xFF, 0x0F, 0x00, 0x00,
  0x00, 0x00, 0x00, 0xFF, 0xFF, 0x0F, 0xD0, 0xFF, 0xFF, 0x0E, 0x00, 0xED, 0xEE, 0x00, 0xFE, 0xFF,
  0xEF, 0x00, 0xF0, 0xFF, 0xFF, 0x00, 0x00, 0xFF, 0xFF, 0xF0, 0xFF, 0xFF, 0x00, 0x00, 0xFE, 0xFF,
  0xEF, 0x00, 0xE0, 0xFF, 0xFF, 0xFF, 0xFF, 0x0F, 0x00, 0x00, 0xFF, 0xFF, 0xFF, 0x00, 0xF0, 0xFF,
  0xFF, 0xFF, 0x0F, 0x00, 0x00, 0xD0, 0xFF, 0xFF, 0xFF, 0xFF, 0xFF, 0xFF, 0xFF, 0xEF, 0x00, 0x00,
  0x00, 0xD0, 0xFF, 0xFF, 0xFF, 0xFF, 0xFF, 0xFF, 0xFF, 0x00, 0x00, 0x00, 0x00, 0x00, 0xFF, 0xFF,
  0xFF, 0xFF, 0xFF, 0xFF, 0x0F, 0x00, 0x00, 0x00, 0x00, 0x00, 0xFD, 0xFF, 0xFF, 0xFF, 0xFF, 0xFF,
  0x0F, 0x00, 0x00, 0x00, 0x00, 0x00, 0x00, 0x00, 0x00, 0x00, 0xFF, 0xFF, 0x0F, 0x00, 0x00, 0x00,
  0x00, 0x00, 0x00, 0x00, 0x00, 0x00, 0xEE, 0xEE, 0x00, 0x00, 0xFF, 0xFF, 0xFF, 0xFF, 0xFF, 0xFF,
  0x0D, 0x00, 0x00, 0x00, 0xFF, 0xFF, 0xFF, 0xFF, 0xFF, 0xFF, 0xFF, 0x00, 0x00, 0x00, 0xFF, 0xFF,
  0xFF, 0xFF, 0xFF, 0xFF, 0xFF, 0x0F, 0x00, 0x00, 0xFF, 0xFF, 0xFF, 0xFF, 0xFF, 0xFF, 0xFF, 0xEF,
  0x00, 0x00, 0xFF, 0xFF, 0x0E, 0x00, 0x00, 0xFE, 0xFF, 0xFF, 0x00, 0x00, 0xFF, 0xFF, 0x0E, 0x00,
  0x00, 0xF0, 0xFF, 0xFF, 0x00, 0x00, 0xFF, 0xFF, 0x0E, 0x00, 0x00, 0xE0, 0xFF, 0xFF, 0x0D, 0x00,
  0xFF, 0xFF, 0x0E, 0x00, 0x00, 0xE0, 0xFF, 0xFF, 0x0D, 0x00, 0xFF, 0xFF, 0x0E, 0x00, 0x00, 0xF0,
  0xFF, 0xFF, 0x00, 0x00, 0xFF, 0xFF, 0x0E, 0x00, 0x00, 0xFE, 0xFF, 0xFF, 0x00, 0x00, 0xFF, 0xFF,
  0xFF, 0xFF, 0xFF, 0xFF, 0xFF, 0xEF, 0x00, 0x00, 0xFF, 0xFF, 0xFF, 0xFF, 0xFF, 0xFF, 0xFF, 0x0F,
  0x00, 0x00, 0xFF, 0xFF, 0xFF, 0xFF, 0xFF, 0xFF, 0xFF, 0x00, 0x00, 0x00, 0xFF, 0xFF, 0xFF, 0xFF,
  0xFF, 0xFF, 0x0F, 0x00, 0x00, 0x00, 0xFF, 0xFF, 0x0E, 0x00, 0xFF, 0xFF, 0x0F, 0x00, 0x00, 0x00,
  0xFF, 0xFF, 0x0E, 0x00, 0xFD, 0xFF, 0xFF, 0x00, 0x00, 0x00, 0xFF, 0xFF, 0x0E, 0x00, 0xF0, 0xFF,
  0xFF, 0x00, 0x00, 0x00, 0xFF, 0xFF, 0x0E, 0x00, 0xD0, 0xFF, 0xFF, 0x0F, 0x00, 0x00, 0xFF, 0xFF,
  0x0E, 0x00, 0x00, 0xFF, 0xFF, 0xDF, 0x00, 0x00, 0xFF, 0xFF, 0x0E, 0x00, 0x00, 0xF0, 0xFF, 0xFF,
  0x00, 0x00, 0xFF, 0xFF, 0x0E, 0x00, 0x00, 0xF0, 0xFF, 0xFF, 0x0D, 0x00, 0xFF, 0xFF, 0x0E, 0x00,
  0x00, 0x00, 0xFF, 0xFF, 0x0F, 0x00, 0x00, 0x00, 0xFE, 0xFF, 0xFF, 0xEF, 0x00, 0x00, 0x00, 0x00,
  0x00, 0xFE, 0xFF, 0xFF, 0xFF, 0xFF, 0xEF, 0x00, 0x00, 0x00, 0xF0, 0xFF, 0xFF, 0xFF, 0xFF, 0xFF,
  0xFF, 0x0F, 0x00, 0x00, 0xFE, 0xFF, 0xFF, 0xFF, 0xFF, 0xFF, 0xFF, 0xDF, 0x00, 0x00, 0xFF, 0xFF,
  0xDF, 0x00, 0x00, 0xFD, 0xFF, 0xFF, 0x00, 0x00, 0xFF, 0xFF, 0x0F, 0x00, 0x00, 0xE0, 0xFF, 0xFF,
  0x00, 0x00, 0xFF, 0xFF, 0x0F, 0x00, 0x00, 0x00, 0xDD, 0xDD, 0x00, 0x00, 0xFF, 0xFF, 0xDF, 0x00,
  0x00, 0x00, 0x00, 0x00, 0x00, 0x00, 0xFF, 0xFF, 0xFF, 0xEF, 0x00, 0x00, 0x00, 0x00, 0x00, 0x00,
  0xFD, 0xFF, 0xFF, 0xFF, 0xFF, 0xDF, 0x00, 0x00, 0x00, 0x00, 0xE0, 0xFF, 0xFF, 0xFF, 0xFF, 0xFF,
  0xEF, 0x00, 0x00, 0x00, 0x00, 0xF0, 0xFF, 0xFF, 0xFF, 0xFF, 0xFF, 0x0F, 0x00, 0x00, 0x00, 0x00,
  0xD0, 0xFF, 0xFF, 0xFF, 0xFF, 0xEF, 0x00, 0x00, 0x00, 0x00, 0x00, 0x00, 0xE0, 0xFF, 0xFF, 0xFF,
  0x00, 0x00, 0x00, 0x00, 0x00, 0x00, 0x00, 0xF0, 0xFF, 0xFF, 0x0D, 0xF0, 0xFF, 0xFF, 0x00, 0x00,
  0x00, 0x00, 0xFF, 0xFF, 0x0E, 0xF0, 0xFF, 0xFF, 0x00, 0x00, 0x00, 0xD0, 0xFF, 0xFF, 0x0D, 0xD0,
  0xFF, 0xFF, 0x0F, 0x00, 0x00, 0xF0, 0xFF, 0xFF, 0x00, 0x00, 0xFF, 0xFF, 0xFF, 0xFF, 0xFF, 0xFF,
  0xFF, 0xFF, 0x00, 0x00, 0xF0, 0xFF, 0xFF, 0xFF, 0xFF, 0xFF, 0xFF, 0x0F, 0x00, 0x00, 0x00, 0xFF,
  0xFF, 0xFF, 0xFF, 0xFF, 0xFF, 0x00, 0x00, 0x00, 0x00, 0xD0, 0xFF, 0xFF, 0xFF, 0xFF, 0x00, 0x00,
  0x00, 0xF0, 0xFF, 0xFF, 0xFF, 0xFF, 0xFF, 0xFF, 0xFF, 0xFF, 0x0F, 0xF0, 0xFF, 0xFF, 0xFF, 0xFF,
  0xFF, 0xFF, 0xFF, 0xFF, 0x0F, 0xF0, 0xFF, 0xFF, 0xFF, 0xFF, 0xFF, 0xFF, 0xFF, 0xFF, 0x0F, 0xE0,
  0xFF, 0xFF, 0xFF, 0xFF, 0xFF, 0xFF, 0xFF, 0xFF, 0x0E, 0x00, 0x00, 0x00, 0xD0, 0xFF, 0xFF, 0x0D,
  0x00, 0x00, 0x00, 0x00, 0x00, 0x00, 0xD0, 0xFF, 0xFF, 0x0D, 0x00, 0x00, 0x00, 0x00, 0x00, 0x00,
  0xD0, 0xFF, 0xFF, 0x0D, 0x00, 0x00, 0x00, 0x00, 0x00, 0x00, 0xD0, 0xFF, 0xFF, 0x0D, 0x00, 0x00,
  0x00, 0x00, 0x00, 0x00, 0xD0, 0xFF, 0xFF, 0x0D, 0x00, 0x00, 0x00, 0x00, 0x00, 0x00, 0xD0, 0xFF,
  0xFF, 0x0D, 0x00, 0x00, 0x00, 0x00, 0x00, 0x00, 0xD0, 0xFF, 0xFF, 0x0D, 0x00, 0x00, 0x00, 0x00,
  0x00, 0x00, 0xD0, 0xFF, 0xFF, 0x0D, 0x00, 0x00, 0x00, 0x00, 0x00, 0x00, 0xD0, 0xFF, 0xFF, 0x0D,
  0x00, 0x00, 0x00, 0x00, 0x00, 0x00, 0xD0, 0xFF, 0xFF, 0x0D, 0x00, 0x00, 0x00, 0x00, 0x00, 0x00,
  0xD0, 0xFF, 0xFF, 0x0D, 0x00, 0x00, 0x00, 0x00, 0x00, 0x00, 0xD0, 0xFF, 0xFF, 0x0D, 0x00, 0x00,
  0x00, 0x00, 0x00, 0x00, 0xD0, 0xFF, 0xFF, 0x0D, 0x00, 0x00, 0x00, 0x00, 0x00, 0x00, 0xD0, 0xFF,
  0xFF, 0x0D, 0x00, 0x00, 0x00, 0x00, 0x00, 0x00, 0xD0, 0xFF, 0xFF, 0x0D, 0x00, 0x00, 0x00, 0x00,
  0x00, 0x00, 0xD0, 0xFF, 0xFF, 0x0D, 0x00, 0x00, 0x00, 0x00, 0x00, 0x00, 0xD0, 0xFF, 0xFF, 0x0D,
  0x00, 0x00, 0x00, 0x00, 0x00, 0x00, 0xD0, 0xFF, 0xFF, 0x0D, 0x00, 0x00, 0x00, 0x00, 0xFF, 0xFF,
  0x0E, 0x00, 0x00, 0x00, 0xE0, 0xFF, 0xFF, 0x00, 0x00, 0xFF, 0xFF, 0x0E, 0x00, 0x00, 0x00, 0xE0,
  0xFF, 0xFF, 0x00, 0x00, 0xFF, 0xFF, 0x0E, 0x00, 0x00, 0x00, 0xE0, 0xFF, 0xFF, 0x00, 0x00, 0xFF,
  0xFF, 0x0E, 0x00, 0x00, 0x00, 0xE0, 0xFF, 0xFF, 0x00, 0x00, 0xFF, 0xFF, 0x0E, 0x00, 0x00, 0x00,
  0xE0, 0xFF, 0xFF, 0x00, 0x00, 0xFF, 0xFF, 0x0E, 0x00, 0x00, 0x00, 0xE0, 0xFF, 0xFF, 0x00, 0x00,
  0xFF, 0xFF, 0x0E, 0x00, 0x00, 0x00, 0xE0, 0xFF, 0xFF, 0x00, 0x00, 0xFF, 0xFF, 0x0E, 0x00, 0x00,
  0x00, 0xE0, 0xFF, 0xFF, 0x00, 0x00, 0xFF, 0xFF, 0x0E, 0x00, 0x00, 0x00, 0xE0, 0xFF, 0xFF, 0x00,
  0x00, 0xFF, 0xFF, 0x0E, 0x00, 0x00, 0x00, 0xE0, 0xFF, 0xFF, 0x00, 0x00, 0xFF, 0xFF, 0x0E, 0x00,
  0x00, 0x00, 0xE0, 0xFF, 0xFF, 0x00, 0x00, 0xFF, 0xFF, 0x0E, 0x00, 0x00, 0x00, 0xE0, 0xFF, 0xFF,
  0x00, 0x00, 0xFF, 0xFF, 0x0E, 0x00, 0x00, 0x00, 0xE0, 0xFF, 0xFF, 0x00, 0x00, 0xFF, 0xFF, 0x0E,
  0x00, 0x00, 0x00, 0xE0, 0xFF, 0xFF, 0x00, 0x00, 0xFF, 0xFF, 0x0E, 0x00, 0x00, 0x00, 0xF0, 0xFF,
  0xFF, 0x00, 0x00, 0xFF, 0xFF, 0x0F, 0x00, 0x00, 0x00, 0xF0, 0xFF, 0xFF, 0x00, 0x00, 0xFF, 0xFF,
  0x0F, 0x00, 0x00, 0x00, 0xFD, 0xFF, 0xFF, 0x00, 0x00, 0xFD, 0xFF, 0xFF, 0x0D, 0x00, 0xD0, 0xFF,
  0xFF, 0xDF, 0x00, 0x00, 0xF0, 0xFF, 0xFF, 0xFF, 0xFF, 0xFF, 0xFF, 0xFF, 0x0F, 0x00, 0x00, 0x00,
  0xFF, 0xFF, 0xFF, 0xFF, 0xFF, 0xFF, 0xFF, 0x00, 0x00, 0x00, 0x00, 0xF0, 0xFF, 0xFF, 0xFF, 0xFF,
  0xFF, 0x0E, 0x00, 0x00, 0x00, 0x00, 0x00, 0xE0, 0xFF, 0xFF, 0xFF, 0x0E, 0x00, 0x00, 0x00, 0xF0,
  0xFF, 0xFF, 0x00, 0x00, 0x00, 0x00, 0x00, 0xFE, 0xFF, 0xFF, 0xF0, 0xFF, 0xFF, 0x00, 0x00, 0x00,
  0x00, 0x00, 0xFF, 0xFF, 0x0F, 0xE0, 0xFF, 0xFF, 0x0F, 0x00, 0x00, 0x00, 0x00, 0xFF, 0xFF, 0x0F,
  0x00, 0xFF, 0xFF, 0x0F, 0x00, 0x00, 0x00, 0xE0, 0xFF, 0xFF, 0x0E, 0x00, 0xFF, 0xFF, 0x0F, 0x00,
  0x00, 0x00, 0xF0, 0xFF, 0xFF, 0x00, 0x00, 0xFE, 0xFF, 0xEF, 0x00, 0x00, 0x00, 0xF0, 0xFF, 0xFF,
  0x00, 0x00, 0xF0, 0xFF, 0xFF, 0x00, 0x00, 0x00, 0xFE, 0xFF, 0xEF, 0x00, 0x00, 0xF0, 0xFF, 0xFF,
  0x00, 0x00, 0x00, 0xFF, 0xFF, 0x0F, 0x00, 0x00, 0xE0, 0xFF, 0xFF, 0x0E, 0x00, 0x00, 0xFF, 0xFF,
  0x0F, 0x00, 0x00, 0x00, 0xFF, 0xFF, 0x0F, 0x00, 0xD0, 0xFF, 0xFF, 0x0E, 0x00, 0x00, 0x00, 0xFF,
  0xFF, 0x0F, 0x00, 0xF0, 0xFF, 0xFF, 0x00, 0x00, 0x00, 0x00, 0xFD, 0xFF, 0xEF, 0x00, 0xF0, 0xFF,
  0xFF, 0x00, 0x00, 0x00, 0x00, 0xF0, 0xFF, 0xFF, 0x00, 0xF0, 0xFF, 0xEF, 0x00, 0x00, 0x00, 0x00,
  0xF0, 0xFF, 0xFF, 0x00, 0xFE, 0xFF, 0x0F, 0x00, 0x00, 0x00, 0x00, 0xD0, 0xFF, 0xFF, 0x0D, 0xFF,
  0xFF, 0x0F, 0x00, 0x00, 0x00, 0x00, 0x00, 0xFF, 0xFF, 0x0F, 0xFF, 0xFF, 0x0E, 0x00, 0x00, 0x00,
  0x00, 0x00, 0xFF, 0xFF, 0xDF, 0xFF, 0xFF, 0x00, 0x00, 0x00, 0x00, 0x00, 0x00, 0xFD, 0xFF, 0xFF,
  0xFF, 0xFF, 0x00, 0x00, 0x00, 0x00, 0x00, 0x00, 0xF0, 0xFF, 0xFF, 0xFF, 0xEF, 0x00, 0x00, 0x00,
  0x00, 0x00, 0x00, 0xF0, 0xFF, 0xFF, 0xFF, 0x0F, 0x00, 0x00, 0x00, 0x00, 0x00, 0x00, 0x00, 0xFF,
  0xFF, 0xFF, 0x0F, 0x00, 0x00, 0x00, 0x00, 0x00, 0x00, 0x00, 0xFF, 0xFF, 0xFF, 0x0E, 0x00, 0x00,
  0x00, 0xF0, 0xFF, 0xFF, 0x00, 0x00, 0x00, 0xF0, 0xFF, 0xFF, 0x00, 0x00, 0x00, 0xF0, 0xFF, 0xFF,
  0x0D, 0xFF, 0xFF, 0x0F, 0x00, 0x00, 0x00, 0xFF, 0xFF, 0xDF, 0x00, 0x00, 0x00, 0xFF, 0xFF, 0x0F,
  0xF0, 0xFF, 0xFF, 0x00, 0x00, 0x00, 0xFE, 0xFF, 0xFF, 0x0E, 0x00, 0x00, 0xF0, 0xFF, 0xFF, 0x00,
  0xFE, 0xFF, 0xEF, 0x00, 0x00, 0xF0, 0xFF, 0xFF, 0xFF, 0x00, 0x00, 0xD0, 0xFF, 0xFF, 0x0E, 0x00,
  0xFF, 0xFF, 0x0F, 0x00, 0x00, 0xFF, 0xFF, 0xFF, 0x0F, 0x00, 0x00, 0xFF, 0xFF, 0xDF, 0x00, 0xF0,
  0xFF, 0xFF, 0x00, 0x00, 0xF0, 0xFF, 0xFF, 0xFF, 0x0D, 0x00, 0xF0, 0xFF, 0xFF, 0x00, 0x00, 0xFF,
  0xFF, 0x0F, 0x00, 0xE0, 0xFF, 0xFF, 0xFF, 0xEF, 0x00, 0x00, 0xFF, 0xFF, 0x0F, 0x00, 0xD0, 0xFF,
  0xFF, 0x0E, 0x00, 0xFF, 0xFF, 0xFE, 0xFF, 0x0F, 0x00, 0xFD, 0xFF, 0xEF, 0x00, 0x00, 0xF0, 0xFF,
  0xFF, 0x00, 0xF0, 0xFF, 0x0F, 0xFF, 0xFF, 0x00, 0xE0, 0xFF, 0xFF, 0x00, 0x00, 0x00, 0xFF, 0xFF,
  0x0F, 0x00, 0xFF, 0xFF, 0xF0, 0xFF, 0xDF, 0x00, 0xFF, 0xFF, 0x0F, 0x00, 0x00, 0xE0, 0xFF, 0xFF,
  0x00, 0xFE, 0xFF, 0x0F, 0xFF, 0xFF, 0x0E, 0xF0, 0xFF, 0xFF, 0x00, 0x00, 0x00, 0xFD, 0xFF, 0xDF,
  0xF0, 0xFF, 0xEF, 0xE0, 0xFF, 0xFF, 0x00, 0xFF, 0xFF, 0x0E, 0x00, 0x00, 0x00, 0xFF, 0xFF, 0x0E,
  0xFF, 0xFF, 0x00, 0xF0, 0xFF, 0x0F, 0xFE, 0xFF, 0x0F, 0x00, 0x00, 0x00, 0xF0, 0xFF, 0xFF, 0xF0,
  0xFF, 0x0F, 0x00, 0xFF, 0xFF, 0xF0, 0xFF, 0xFF, 0x00, 0x00, 0x00, 0x00, 0xFE, 0xFF, 0x0F, 0xFF,
  0xFF, 0x00, 0xF0, 0xFF, 0xDF, 0xFF, 0xFF, 0x0F, 0x00, 0x00, 0x00, 0x00, 0xFF, 0xFF, 0xFE, 0xFF,
  0x0E, 0x00, 0xFD, 0xFF, 0xFE, 0xFF, 0xDF, 0x00, 0x00, 0x00, 0x00, 0xF0, 0xFF, 0xFF, 0xFF, 0x0F,
  0x00, 0x00, 0xFF, 0xFF, 0xFF, 0xFF, 0x00, 0x00, 0x00, 0x00, 0x00, 0xFF, 0xFF, 0xFF, 0xFF, 0x00,
  0x00, 0xF0, 0xFF, 0xFF, 0xFF, 0x0F, 0x00, 0x00, 0x00, 0x00, 0xE0, 0xFF, 0xFF, 0xFF, 0x0F, 0x00,
  0x00, 0xFE, 0xFF, 0xFF, 0xEF, 0x00, 0x00, 0x00, 0x00, 0x00, 0xF0, 0xFF, 0xFF, 0xEF, 0x00, 0x00,
  0xD0, 0xFF, 0xFF, 0xFF, 0x0D, 0x00, 0x00, 0x00, 0x00, 0x00, 0xFF, 0xFF, 0xFF, 0x00, 0x00, 0x00,
  0xF0, 0xFF, 0xFF, 0x0F, 0x00, 0x00, 0x00, 0x00, 0x00, 0xF0, 0xFF, 0xFF, 0x0F, 0x00, 0x00, 0x00,
  0xFF, 0xFF, 0xFF, 0x00, 0x00, 0x00, 0xD0, 0xFF, 0xFF, 0x0F, 0x00, 0x00, 0x00, 0xF0, 0xFF, 0xFF,
  0x0E, 0x00, 0xFF, 0xFF, 0xFF, 0x00, 0x00, 0x00, 0xFD, 0xFF, 0xFF, 0x00, 0x00, 0xF0, 0xFF, 0xFF,
  0x0D, 0x00, 0x00, 0xFF, 0xFF, 0x0F, 0x00, 0x00, 0xD0, 0xFF, 0xFF, 0x0F, 0x00, 0xF0, 0xFF, 0xFF,
  0x0E, 0x00, 0x00, 0x00, 0xFF, 0xFF, 0xEF, 0x00, 0xF0, 0xFF, 0xFF, 0x00, 0x00, 0x00, 0x00, 0xF0,
  0xFF, 0xFF, 0x00, 0xFF, 0xFF, 0x0F, 0x00, 0x00, 0x00, 0x00, 0xD0, 0xFF, 0xFF, 0xDE, 0xFF, 0xFF,
  0x0E, 0x00, 0x00, 0x00, 0x00, 0x00, 0xFF, 0xFF, 0xFF, 0xFF, 0xFF, 0x00, 0x00, 0x00, 0x00, 0x00,
  0x00, 0xF0, 0xFF, 0xFF, 0xFF, 0xDF, 0x00, 0x00, 0x00, 0x00, 0x00, 0x00, 0xE0, 0xFF, 0xFF, 0xFF,
  0x0F, 0x00, 0x00, 0x00, 0x00, 0x00, 0x00, 0x00, 0xFF, 0xFF, 0xFF, 0x00, 0x00, 0x00, 0x00, 0x00,
  0x00, 0x00, 0x00, 0xFF, 0xFF, 0xFF, 0x0D, 0x00, 0x00, 0x00, 0x00, 0x00, 0x00, 0xF0, 0xFF, 0xFF,
  0xFF, 0x0F, 0x00, 0x00, 0x00, 0x00, 0x00, 0x00, 0xFD, 0xFF, 0xFF, 0xFF, 0xFF, 0x00, 0x00, 0x00,
  0x00, 0x00, 0x00, 0xFF, 0xFF, 0xFF, 0xFF, 0xFF, 0x0D, 0x00, 0x00, 0x00, 0x00, 0xF0, 0xFF, 0xFF,
  0x0D, 0xFF, 0xFF, 0x0F, 0x00, 0x00, 0x00, 0x00, 0xFE, 0xFF, 0xFF, 0x00, 0xFF, 0xFF, 0xFF, 0x00,
  0x00, 0x00, 0x00, 0xFF, 0xFF, 0x0F, 0x00, 0xF0, 0xFF, 0xFF, 0x0D, 0x00, 0x00, 0xF0, 0xFF, 0xFF,
  0x0E, 0x00, 0xD0, 0xFF, 0xFF, 0x0F, 0x00, 0x00, 0xFE, 0xFF, 0xFF, 0x00, 0x00, 0x00, 0xFF, 0xFF,
  0xFF, 0x00, 0xD0, 0xFF, 0xFF, 0x0F, 0x00, 0x00, 0x00, 0xF0, 0xFF, 0xFF, 0x0E, 0xF0, 0xFF, 0xFF,
  0x0D, 0x00, 0x00, 0x00, 0xD0, 0xFF, 0xFF, 0x0F, 0xF0, 0xFF, 0xFF, 0x0D, 0x00, 0x00, 0x00, 0xD0,
  0xFF, 0xFF, 0x0F, 0xE0, 0xFF, 0xFF, 0x0F, 0x00, 0x00, 0x00, 0xF0, 0xFF, 0xFF, 0x0E, 0x00, 0xFF,
  0xFF, 0xDF, 0x00, 0x00, 0x00, 0xFD, 0xFF, 0xFF, 0x00, 0x00, 0xFD, 0xFF, 0xFF, 0x00, 0x00, 0x00,
  0xFF, 0xFF, 0xDF, 0x00, 0x00, 0xF0, 0xFF, 0xFF, 0x0E, 0x00, 0xD0, 0xFF, 0xFF, 0x0F, 0x00, 0x00,
  0x00, 0xFF, 0xFF, 0x0F, 0x00, 0xF0, 0xFF, 0xFF, 0x00, 0x00, 0x00, 0x00, 0xFE, 0xFF, 0xEF, 0x00,
  0xFE, 0xFF, 0xEF, 0x00, 0x00, 0x00, 0x00, 0xF0, 0xFF, 0xFF, 0x00, 0xFF, 0xFF, 0x0F, 0x00, 0x00,
  0x00, 0x00, 0xE0, 0xFF, 0xFF, 0xDE, 0xFF, 0xFF, 0x0E, 0x00, 0x00, 0x00, 0x00, 0x00, 0xFF, 0xFF,
  0xFF, 0xFF, 0xFF, 0x00, 0x00, 0x00, 0x00, 0x00, 0x00, 0xF0, 0xFF, 0xFF, 0xFF, 0xDF, 0x00, 0x00,
  0x00, 0x00, 0x00, 0x00, 0xF0, 0xFF, 0xFF, 0xFF, 0x0F, 0x00, 0x00, 0x00, 0x00, 0x00, 0x00, 0x00,
  0xFF, 0xFF, 0xFF, 0x00, 0x00, 0x00, 0x00, 0x00, 0x00, 0x00, 0x00, 0xFE, 0xFF, 0xEF, 0x00, 0x00,
  0x00, 0x00, 0x00, 0x00, 0x00, 0x00, 0xFD, 0xFF, 0xDF, 0x00, 0x00, 0x00, 0x00, 0x00, 0x00, 0x00,
  0x00, 0xFD, 0xFF, 0xDF, 0x00, 0x00, 0x00, 0x00, 0x00, 0x00, 0x00, 0x00, 0xFD, 0xFF, 0xDF, 0x00,
  0x00, 0x00, 0x00, 0x00, 0x00, 0x00, 0x00, 0xFD, 0xFF, 0xDF, 0x00, 0x00, 0x00, 0x00, 0x00, 0x00,
  0x00, 0x00, 0xFD, 0xFF, 0xDF, 0x00, 0x00, 0x00, 0x00, 0x00, 0x00, 0x00, 0x00, 0xFD, 0xFF, 0xDF,
  0x00, 0x00, 0x00, 0x00, 0x00, 0x00, 0x00, 0x00, 0xFD, 0xFF, 0xDF, 0x00, 0x00, 0x00, 0x00, 0x00,
  0x00, 0x00, 0x00, 0xFD, 0xFF, 0xDF, 0x00, 0x00, 0x00, 0x00, 0xE0, 0xFF, 0xFF, 0xFF, 0xFF, 0xFF,
  0xFF, 0xFF, 0xFF, 0x0D, 0xE0, 0xFF, 0xFF, 0xFF, 0xFF, 0xFF, 0xFF, 0xFF, 0xFF, 0x0D, 0xE0, 0xFF,
  0xFF, 0xFF, 0xFF, 0xFF, 0xFF, 0xFF, 0xFF, 0x00, 0xD0, 0xFF, 0xFF, 0xFF, 0xFF, 0xFF, 0xFF, 0xFF,
  0xFF, 0x00, 0x00, 0x00, 0x00, 0x00, 0x00, 0x00, 0xFF, 0xFF, 0x0F, 0x00, 0x00, 0x00, 0x00, 0x00,
  0x00, 0xF0, 0xFF, 0xFF, 0x0D, 0x00, 0x00, 0x00, 0x00, 0x00, 0x00, 0xFE, 0xFF, 0xFF, 0x00, 0x00,
  0x00, 0x00, 0x00, 0x00, 0x00, 0xFF, 0xFF, 0x0F, 0x00, 0x00, 0x00, 0x00, 0x00, 0x00, 0xF0, 0xFF,
  0xFF, 0x00, 0x00, 0x00, 0x00, 0x00, 0x00, 0x00, 0xFE, 0xFF, 0xEF, 0x00, 0x00, 0x00, 0x00, 0x00,
  0x00, 0x00, 0xFF, 0xFF, 0x0F, 0x00, 0x00, 0x00, 0x00, 0x00, 0x00, 0xF0, 0xFF, 0xFF, 0x00, 0x00,
  0x00, 0x00, 0x00, 0x00, 0x00, 0xFF, 0xFF, 0xEF, 0x00, 0x00, 0x00, 0x00, 0x00, 0x00, 0xD0, 0xFF,
  0xFF, 0x0F, 0x00, 0x00, 0x00, 0x00, 0x00, 0x00, 0xF0, 0xFF, 0xFF, 0x00, 0x00, 0x00, 0x00, 0x00,
  0x00, 0x00, 0xFF, 0xFF, 0xDF, 0x00, 0x00, 0x00, 0x00, 0x00, 0x00, 0xD0, 0xFF, 0xFF, 0x0F, 0x00,
  0x00, 0x00, 0x00, 0x00, 0x00, 0xF0, 0xFF, 0xFF, 0x00, 0x00, 0x00, 0x00, 0x00, 0x00, 0x00, 0xFF,
  0xFF, 0xFF, 0xFF, 0xFF, 0xFF, 0xFF, 0xFF, 0x00, 0xD0, 0xFF, 0xFF, 0xFF, 0xFF, 0xFF, 0xFF, 0xFF,
  0xFF, 0x0D, 0xE0, 0xFF, 0xFF, 0xFF, 0xFF, 0xFF, 0xFF, 0xFF, 0xFF, 0x0D, 0xE0, 0xFF, 0xFF, 0xFF,
  0xFF, 0xFF, 0xFF, 0xFF, 0xFF, 0x0D, 0x00, 0xFE, 0xFF, 0xFF, 0xFF, 0x00, 0xE0, 0xFF, 0xFF, 0xFF,
  0x0F, 0x00, 0xFE, 0xFF, 0xFF, 0xFF, 0x00, 0xE0, 0xFF, 0xFF, 0xFF, 0x0E, 0x00, 0xFE, 0xFF, 0x0F,
  0x00, 0x00, 0xE0, 0xFF, 0xFF, 0x00, 0x00, 0x00, 0xFE, 0xFF, 0x0F, 0x00, 0x00, 0xE0, 0xFF, 0xFF,
  0x00, 0x00, 0x00, 0xFE, 0xFF, 0x0F, 0x00, 0x00, 0xE0, 0xFF, 0xFF, 0x00, 0x00, 0x00, 0xFE, 0xFF,
  0x0F, 0x00, 0x00, 0xE0, 0xFF, 0xFF, 0x00, 0x00, 0x00, 0xFE, 0xFF, 0x0F, 0x00, 0x00, 0xE0, 0xFF,
  0xFF, 0x00, 0x00, 0x00, 0xFE, 0xFF, 0x0F, 0x00, 0x00, 0xE0, 0xFF, 0xFF, 0x00, 0x00, 0x00, 0xFE,
  0xFF, 0x0F, 0x00, 0x00, 0xE0, 0xFF, 0xFF, 0x00, 0x00, 0x00, 0xFE, 0xFF, 0x0F, 0x00, 0x00, 0xE0,
  0xFF, 0xFF, 0x00, 0x00, 0x00, 0xFE, 0xFF, 0x0F, 0x00, 0x00, 0xE0, 0xFF, 0xFF, 0x00, 0x00, 0x00,
  0xFE, 0xFF, 0x0F, 0x00, 0x00, 0xE0, 0xFF, 0xFF, 0x00, 0x00, 0x00, 0xFE, 0xFF, 0xFF, 0xEF, 0x00,
  0xE0, 0xFF, 0xFF, 0xFF, 0x0F, 0x00, 0xFE, 0xFF, 0xFF, 0xFF, 0x00, 0xE0, 0xFF, 0xFF, 0xFF, 0x0F,
  0xFE, 0xFF, 0x0E, 0x00, 0x00, 0x00, 0xFD, 0xFF, 0x0F, 0x00, 0x00, 0x00, 0xF0, 0xFF, 0x0F, 0x00,
  0x00, 0x00, 0xF0, 0xFF, 0x0F, 0x00, 0x00, 0x00, 0xE0, 0xFF, 0xEF, 0x00, 0x00, 0x00, 0x00, 0xFF,
  0xFF, 0x00, 0x00, 0x00, 0x00, 0xFF, 0xFF, 0x00, 0x00, 0x00, 0x00, 0xFF, 0xFF, 0x00, 0x00, 0x00,
  0x00, 0xFE, 0xFF, 0x0E, 0x00, 0x00, 0x00, 0xF0, 0xFF, 0x0F, 0x00, 0x00, 0x00, 0xF0, 0xFF, 0x0F,
  0x00, 0x00, 0x00, 0xF0, 0xFF, 0xDF, 0x00, 0x00, 0x00, 0xE0, 0xFF, 0xEF, 0x00, 0x00, 0x00, 0x00,
  0xFF, 0xFF, 0x00, 0x00, 0x00, 0x00, 0xFF, 0xFF, 0x00, 0x00, 0x00, 0x00, 0xFF, 0xFF, 0x0D, 0x00,
  0x00, 0x00, 0xFD, 0xFF, 0x0F, 0x00, 0x00, 0x00, 0xF0, 0xFF, 0x0F, 0x00, 0x00, 0x00, 0xF0, 0xFF,
  0x0F, 0x00, 0x00, 0x00, 0xF0, 0xFF, 0xDF, 0x00, 0x00, 0x00, 0xD0, 0xFF, 0xFF, 0x00, 0x00, 0x00,
  0x00, 0xFF, 0xFF, 0x00, 0x00, 0x00, 0x00, 0xFF, 0xFF, 0x00, 0x00, 0x00, 0x00, 0xFE, 0xFF, 0x0E,
  0x00, 0x00, 0x00, 0xFD, 0xFF, 0x0F, 0x00, 0x00, 0x00, 0xF0, 0xFF, 0x0F, 0x00, 0x00, 0x00, 0xF0,
  0xFF, 0x0F, 0xF0, 0xFF, 0xFF, 0xFF, 0x0F, 0x00, 0xFF, 0xFF, 0xFF, 0xFF, 0x00, 0xF0, 0xFF, 0xFF,
  0xFF, 0x0F, 0x00, 0xFD, 0xFF, 0xFF, 0xFF, 0x00, 0x00, 0x00, 0xFF, 0xFF, 0x0F, 0x00, 0x00, 0xF0,
  0xFF, 0xFF, 0x00, 0x00, 0x00, 0xFF, 0xFF, 0x0F, 0x00, 0x00, 0xF0, 0xFF, 0xFF, 0x00, 0x00, 0x00,
  0xFF, 0xFF, 0x0F, 0x00, 0x00, 0xF0, 0xFF, 0xFF, 0x00, 0x00, 0x00, 0xFF, 0xFF, 0x0F, 0x00, 0x00,
  0xF0, 0xFF, 0xFF, 0x00, 0x00, 0x00, 0xFF, 0xFF, 0x0F, 0x00, 0x00, 0xF0, 0xFF, 0xFF, 0x00, 0x00,
  0x00, 0xFF, 0xFF, 0x0F, 0x00, 0x00, 0xF0, 0xFF, 0xFF, 0x00, 0x00, 0x00, 0xFF, 0xFF, 0x0F, 0x00,
  0x00, 0xF0, 0xFF, 0xFF, 0x00, 0x00, 0x00, 0xFF, 0xFF, 0x0F, 0x00, 0x00, 0xF0, 0xFF, 0xFF, 0x00,
  0x00, 0x00, 0xFF, 0xFF, 0x0F, 0x00, 0x00, 0xF0, 0xFF, 0xFF, 0x00, 0x00, 0x00, 0xFF, 0xFF, 0x0F,
  0x00, 0x00, 0xF0, 0xFF, 0xFF, 0x00, 0xD0, 0xFF, 0xFF, 0xFF, 0x0F, 0x00, 0xFF, 0xFF, 0xFF, 0xFF,
  0x00, 0xF0, 0xFF, 0xFF, 0xFF, 0x0F, 0x00, 0xFF, 0xFF, 0xFF, 0xFF, 0x00, 0x00, 0x00, 0xD0, 0xFF,
  0x0F, 0x00, 0x00, 0x00, 0x00, 0x00, 0xFF, 0xFF, 0x0F, 0x00, 0x00, 0x00, 0x00, 0xFE, 0xFF, 0xFF,
  0x00, 0x00, 0x00, 0x00, 0xF0, 0xFF, 0xFF, 0xFF, 0x00, 0x00, 0x00, 0xE0, 0xFF, 0xDF, 0xFF, 0x0F,
  0x00, 0x00, 0x00, 0xFF, 0xEF, 0xF0, 0xFF, 0x0E, 0x00, 0x00, 0xFE, 0xFF, 0x00, 0xFE, 0xFF, 0x00,
  0x00, 0xF0, 0xFF, 0x0E, 0x00, 0xFF, 0xEF, 0x00, 0xD0, 0xFF, 0x0F, 0x00, 0xE0, 0xFF, 0x0F, 0x00,
  0xFF, 0xFF, 0x00, 0x00, 0xF0, 0xFF, 0x0E, 0x00, 0x00, 0x00, 0x00, 0x00, 0x00, 0x00, 0x00, 0x00,
  0x00, 0x00, 0x00, 0x00, 0x00, 0x00, 0x00, 0x00, 0x00, 0x00, 0x00, 0x00, 0x00, 0x00, 0x00, 0x00,
  0x00, 0x00, 0x00, 0x00, 0x00, 0x00, 0x00, 0x00, 0x00, 0x00, 0x00, 0x00, 0x00, 0x00, 0x00, 0x00,
  0x00, 0x00, 0x00, 0x00, 0x00, 0x00, 0x00, 0x00, 0x00, 0x00, 0x00, 0x00, 0x00, 0x00, 0x00, 0x00,
  0x00, 0x00, 0x00, 0x00, 0x00, 0x00, 0x00, 0x00, 0x00, 0x00, 0x00, 0x00, 0x00, 0x00, 0x00, 0x00,
  0x00, 0x00, 0x00, 0x00, 0x00, 0x00, 0x00, 0x00, 0x00, 0x00, 0x00, 0x00, 0x00, 0x00, 0x00, 0x00,
  0x00, 0xFF, 0xFF, 0xFF, 0xFF, 0xFF, 0xFF, 0xFF, 0xF0, 0xFF, 0xFF, 0xFF, 0xFF, 0xFF, 0xFF, 0xDF,
  0xFF, 0xFF, 0xFF, 0xFF, 0xFF, 0xFF, 0xFF, 0xFD, 0xFF, 0xFF, 0xFF, 0xFF, 0xFF, 0xFF, 0xDF, 0x00,
  0xFE, 0xFF, 0x0F, 0x00, 0x00, 0x00, 0xFF, 0xFF, 0x00, 0x00, 0x00, 0x00, 0xFF, 0xEF, 0x00, 0x00,
  0x00, 0xF0, 0xFF, 0x0F, 0x00, 0x00, 0x00, 0xF0, 0xFF, 0x0D, 0x00, 0x00, 0x00, 0x00, 0x00, 0x00,
  0x00, 0x00, 0x00, 0x00, 0x00, 0x00, 0x00, 0x00, 0x00, 0x00, 0x00, 0x00, 0x00, 0x00, 0x00, 0x00,
  0x00, 0x00, 0x00, 0x00, 0x00, 0x00, 0x00, 0x00, 0x00, 0x00, 0x00, 0x00, 0x00, 0x00, 0x00, 0x00,
  0x00, 0x00, 0x00, 0x00, 0x00, 0x00, 0x00, 0x00, 0x00, 0x00, 0x00, 0x00, 0x00, 0x00, 0x00, 0x00,
  0x00, 0x00, 0x00, 0x00, 0x00, 0x00, 0x00, 0x00, 0x00, 0x00, 0x00, 0x00, 0x00, 0x00, 0x00, 0x00,
  0x00, 0x00, 0x00, 0x00, 0x00, 0x00, 0x00, 0x00, 0x00, 0x00, 0x00, 0x00, 0x00, 0x00, 0x00, 0x00,
  0x00, 0x00, 0x00, 0x00, 0x00, 0x00, 0x00, 0x00, 0x00, 0x00, 0x00, 0x00, 0x00, 0x00, 0x00, 0x00,
  0x00, 0x00, 0x00, 0x00, 0x00, 0xE0, 0xFF, 0xFF, 0xFF, 0x00, 0x00, 0x00, 0x00, 0xFE, 0xFF, 0xFF,
  0xFF, 0xFF, 0x0F, 0x00, 0x00, 0xFE, 0xFF, 0xFF, 0xFF, 0xFF, 0xFF, 0x0F, 0x00, 0xF0, 0xFF, 0xFF,
  0xFF, 0xFF, 0xFF, 0xFF, 0x00, 0xE0, 0xFF, 0xFF, 0x00, 0x00, 0xFD, 0xFF, 0xEF, 0x00, 0x00, 0xD0,
  0x0D, 0x00, 0x00, 0xFF, 0xFF, 0x0F, 0x00, 0x00, 0x00, 0x00, 0x00, 0xFE, 0xFF, 0xFF, 0x00, 0x00,
  0xD0, 0xFF, 0xFF, 0xFF, 0xFF, 0xFF, 0x0F, 0x00, 0xFD, 0xFF, 0xFF, 0xFF, 0xFF, 0xFF, 0xFF, 0x00,
  0xFD, 0xFF, 0xFF, 0xFF, 0xDE, 0xFF, 0xFF, 0x0F, 0xF0, 0xFF, 0xFF, 0x00, 0x00, 0xF0, 0xFF, 0xFF,
  0x00, 0xFF, 0xFF, 0x0D, 0x00, 0x00, 0xFF, 0xFF, 0x0F, 0xF0, 0xFF, 0xFF, 0x00, 0x00, 0xFF, 0xFF,
  0xFF, 0x00, 0xFF, 0xFF, 0xFF, 0xFF, 0xFF, 0xFF, 0xFF, 0x0F, 0xE0, 0xFF, 0xFF, 0xFF, 0xFF, 0xFF,
  0xFF, 0xFF, 0x00, 0xF0, 0xFF, 0xFF, 0xFF, 0xDF, 0xFF, 0xFF, 0x0F, 0x00, 0xE0, 0xFF, 0xFF, 0x0F,
  0xF0, 0xFF, 0xFF, 0x00, 0x00, 0xFF, 0xFF, 0x0D, 0x00, 0x00, 0x00, 0x00, 0x00, 0x00, 0xF0, 0xFF,
  0xDF, 0x00, 0x00, 0x00, 0x00, 0x00, 0x00, 0x00, 0xFF, 0xFF, 0x0D, 0x00, 0x00, 0x00, 0x00, 0x00,
  0x00, 0xF0, 0xFF, 0xDF, 0x00, 0x00, 0x00, 0x00, 0x00, 0x00, 0x00, 0xFF, 0xFF, 0x0D, 0x00, 0x00,
  0x00, 0x00, 0x00, 0x00, 0xF0, 0xFF, 0xDF, 0xE0, 0xFF, 0xFF, 0x0E, 0x00, 0x00, 0x00, 0xFF, 0xFF,
  0xFD, 0xFF, 0xFF, 0xFF, 0x0F, 0x00, 0x00, 0xF0, 0xFF, 0xFF, 0xFF, 0xFF, 0xFF, 0xFF, 0x0F, 0x00,
  0x00, 0xFF, 0xFF, 0xFF, 0xFF, 0xFF, 0xFF, 0xFF, 0x0F, 0x00, 0xF0, 0xFF, 0xFF, 0x0E, 0x00, 0xF0,
  0xFF, 0xFF, 0x00, 0x00, 0xFF, 0xFF, 0x0F, 0x00, 0x00, 0xFE, 0xFF, 0xEF, 0x00, 0xF0, 0xFF, 0xEF,
  0x00, 0x00, 0x00, 0xFF, 0xFF, 0x0F, 0x00, 0xFF, 0xFF, 0x0D, 0x00, 0x00, 0xF0, 0xFF, 0xFF, 0x00,
  0xF0, 0xFF, 0xDF, 0x00, 0x00, 0x00, 0xFF, 0xFF, 0x0F, 0x00, 0xFF, 0xFF, 0x0D, 0x00, 0x00, 0xF0,
  0xFF, 0xFF, 0x00, 0xF0, 0xFF, 0xEF, 0x00, 0x00, 0x00, 0xFF, 0xFF, 0x0F, 0x00, 0xFF, 0xFF, 0x0F,
  0x00, 0x00, 0xFE, 0xFF, 0xEF, 0x00, 0xF0, 0xFF, 0xFF, 0x0E, 0x00, 0xF0, 0xFF, 0xFF, 0x00, 0x00,
  0xFF, 0xFF, 0xFF, 0xFF, 0xFF, 0xFF, 0xFF, 0x0F, 0x00, 0xF0, 0xFF, 0xFF, 0xFF, 0xFF, 0xFF, 0xFF,
  0x0F, 0x00, 0x00, 0xFF, 0xFF, 0xFD, 0xFF, 0xFF, 0xFF, 0x0F, 0x00, 0x00, 0xF0, 0xFF, 0xDF, 0xE0,
  0xFF, 0xFF, 0x0E, 0x00, 0x00, 0x00, 0x00, 0xD0, 0xFF, 0xFF, 0xFF, 0x0E, 0x00, 0x00, 0x00, 0x00,
  0xFF, 0xFF, 0xFF, 0xFF, 0xFF, 0x00, 0x00, 0x00, 0xF0, 0xFF, 0xFF, 0xFF, 0xFF, 0xFF, 0x0F, 0x00,
  0x00, 0xFE, 0xFF, 0xFF, 0xFF, 0xFF, 0xFF, 0xFF, 0x00, 0x00, 0xFF, 0xFF, 0x0F, 0x00, 0xF0, 0xFF,
  0xFF, 0x0D, 0xE0, 0xFF, 0xFF, 0x0E, 0x00, 0x00, 0xFF, 0xFF, 0x0D, 0xF0, 0xFF, 0xFF, 0x00, 0x00,
  0x00, 0x00, 0x00, 0x00, 0xF0, 0xFF, 0xFF, 0x00, 0x00, 0x00, 0x00, 0x00, 0x00, 0xF0, 0xFF, 0xFF,
  0x00, 0x00, 0x00, 0x00, 0x00, 0x00, 0xF0, 0xFF, 0xFF, 0x00, 0x00, 0x00, 0x00, 0x00, 0x00, 0xF0,
  0xFF, 0xFF, 0x00, 0x00, 0x00, 0x0D, 0x00, 0x00, 0xE0, 0xFF, 0xFF, 0x0E, 0x00, 0x00, 0xFF, 0xFF,
  0x0D, 0x00, 0xFF, 0xFF, 0x0F, 0x00, 0xF0, 0xFF, 0xFF, 0x0D, 0x00, 0xFE, 0xFF, 0xFF, 0xFF, 0xFF,
  0xFF, 0xFF, 0x00, 0x00, 0xF0, 0xFF, 0xFF, 0xFF, 0xFF, 0xFF, 0x0F, 0x00, 0x00, 0x00, 0xFF, 0xFF,
  0xFF, 0xFF, 0xFF, 0x00, 0x00, 0x00, 0x00, 0xD0, 0xFF, 0xFF, 0xFF, 0x0E, 0x00, 0x00, 0x00, 0x00,
  0x00, 0x00, 0x00, 0x00, 0xFE, 0xFF, 0x0F, 0x00, 0x00, 0x00, 0x00, 0x00, 0x00, 0xE0, 0xFF, 0xFF,
  0x00, 0x00, 0x00, 0x00, 0x00, 0x00, 0x00, 0xFE, 0xFF, 0x0F, 0x00, 0x00, 0x00, 0x00, 0x00, 0x00,
  0xE0, 0xFF, 0xFF, 0x00, 0x00, 0x00, 0x00, 0x00, 0x00, 0x00, 0xFE, 0xFF, 0x0F, 0x00, 0x00, 0x00,
  0xFE, 0xFF, 0xDF, 0xE0, 0xFF, 0xFF, 0x00, 0x00, 0xD0, 0xFF, 0xFF, 0xFF, 0xEF, 0xFE, 0xFF, 0x0F,
  0x00, 0x00, 0xFF, 0xFF, 0xFF, 0xFF, 0xFF, 0xFF, 0xFF, 0x00, 0x00, 0xFF, 0xFF, 0xFF, 0xFF, 0xFF,
  0xFF, 0xFF, 0x0F, 0x00, 0xF0, 0xFF, 0xFF, 0x00, 0x00, 0xFF, 0xFF, 0xFF, 0x00, 0xE0, 0xFF, 0xFF,
  0x0E, 0x00, 0x00, 0xFF, 0xFF, 0x0F, 0x00, 0xFF, 0xFF, 0x0F, 0x00, 0x00, 0xF0, 0xFF, 0xFF, 0x00,
  0xF0, 0xFF, 0xFF, 0x00, 0x00, 0x00, 0xFE, 0xFF, 0x0F, 0x00, 0xFF, 0xFF, 0x0F, 0x00, 0x00, 0xD0,
  0xFF, 0xFF, 0x00, 0xF0, 0xFF, 0xFF, 0x00, 0x00, 0x00, 0xFE, 0xFF, 0x0F, 0x00, 0xFF, 0xFF, 0x0F,
  0x00, 0x00, 0xF0, 0xFF, 0xFF, 0x00, 0xE0, 0xFF, 0xFF, 0x0E, 0x00, 0x00, 0xFF, 0xFF, 0x0F, 0x00,
  0xF0, 0xFF, 0xFF, 0x00, 0x00, 0xFF, 0xFF, 0xFF, 0x00, 0x00, 0xFF, 0xFF, 0xFF, 0xFF, 0xFF, 0xFF,
  0xFF, 0x0F, 0x00, 0x00, 0xFF, 0xFF, 0xFF, 0xFF, 0xFF, 0xFF, 0xFF, 0x00, 0x00, 0xD0, 0xFF, 0xFF,
  0xFF, 0xFF, 0xFD, 0xFF, 0x0F, 0x00, 0x00, 0x00, 0xFE, 0xFF, 0xEF, 0xD0, 0xFF, 0xFF, 0x00, 0x00,
  0x00, 0xD0, 0xFF, 0xFF, 0xFF, 0x0D, 0x00, 0x00, 0x00, 0x00, 0xFF, 0xFF, 0xFF, 0xFF, 0xFF, 0x00,
  0x00, 0x00, 0xF0, 0xFF, 0xFF, 0xFF, 0xFF, 0xFF, 0x0F, 0x00, 0x00, 0xFE, 0xFF, 0xFF, 0xFF, 0xFF,
  0xFF, 0xEF, 0x00, 0x00, 0xFF, 0xFF, 0x0F, 0x00, 0xF0, 0xFF, 0xFF, 0x00, 0xE0, 0xFF, 0xFF, 0x00,
  0x00, 0x00, 0xFF, 0xFF, 0x0E, 0xF0, 0xFF, 0xFF, 0x00, 0x00, 0x00, 0xFF, 0xFF, 0x0F, 0xF0, 0xFF,
  0xFF, 0xFF, 0xFF, 0xFF, 0xFF, 0xFF, 0x0F, 0xF0, 0xFF, 0xFF, 0xFF, 0xFF, 0xFF, 0xFF, 0xFF, 0x0F,
  0xF0, 0xFF, 0xFF, 0xFF, 0xFF, 0xFF, 0xFF, 0xFF, 0x0F, 0xF0, 0xFF, 0xFF, 0x00, 0x00, 0x00, 0x00,
  0x00, 0x00, 0xE0, 0xFF, 0xFF, 0x00, 0x00, 0x00, 0x00, 0x00, 0x00, 0x00, 0xFF, 0xFF, 0x0F, 0x00,
  0x00, 0xFF, 0xFF, 0x0D, 0x00, 0xFF, 0xFF, 0xFF, 0xFF, 0xFF, 0xFF, 0xFF, 0x00, 0x00, 0xF0, 0xFF,
  0xFF, 0xFF, 0xFF, 0xFF, 0xEF, 0x00, 0x00, 0x00, 0xFF, 0xFF, 0xFF, 0xFF, 0xFF, 0x0E, 0x00, 0x00,
  0x00, 0xD0, 0xFF, 0xFF, 0xFF, 0x0E, 0x00, 0x00, 0x00, 0x00, 0x00, 0xED, 0xEE, 0x0D, 0x00, 0x00,
  0xFD, 0xFF, 0xFF, 0xFF, 0x00, 0x00, 0xFF, 0xFF, 0xFF, 0xDF, 0x00, 0xF0, 0xFF, 0xFF, 0xFF, 0x0F,
  0x00, 0xF0, 0xFF, 0xFF, 0x00, 0x00, 0x00, 0xF0, 0xFF, 0xFF, 0x00, 0x00, 0xFF, 0xFF, 0xFF, 0xFF,
  0xFF, 0x0F, 0xFF, 0xFF, 0xFF, 0xFF, 0xFF, 0x0F, 0xFF, 0xFF, 0xFF, 0xFF, 0xFF, 0x0F, 0xFE, 0xFF,
  0xFF, 0xFF, 0xFF, 0x0F, 0x00, 0xF0, 0xFF, 0xFF, 0x00, 0x00, 0x00, 0xF0, 0xFF, 0xFF, 0x00, 0x00,
  0x00, 0xF0, 0xFF, 0xFF, 0x00, 0x00, 0x00, 0xF0, 0xFF, 0xFF, 0x00, 0x00, 0x00, 0xF0, 0xFF, 0xFF,
  0x00, 0x00, 0x00, 0xF0, 0xFF, 0xFF, 0x00, 0x00, 0x00, 0xF0, 0xFF, 0xFF, 0x00, 0x00, 0x00, 0xF0,
  0xFF, 0xFF, 0x00, 0x00, 0x00, 0xF0, 0xFF, 0xFF, 0x00, 0x00, 0x00, 0xF0, 0xFF, 0xFF, 0x00, 0x00,
  0x00, 0xF0, 0xFF, 0xFF, 0x00, 0x00, 0x00, 0xF0, 0xFF, 0xFF, 0x00, 0x00, 0x00, 0xF0, 0xFF, 0xFF,
  0x00, 0x00, 0x00, 0x00, 0xE0, 0xFF, 0xFF, 0x0E, 0xFD, 0xFF, 0x0F, 0x00, 0x00, 0xF0, 0xFF, 0xFF,
  0xFF, 0xDF, 0xFF, 0xFF, 0x00, 0x00, 0xF0, 0xFF, 0xFF, 0xFF, 0xFF, 0xFF, 0xFF, 0x0F, 0x00, 0xF0,
  0xFF, 0xFF, 0xFF, 0xFF, 0xFF, 0xFF, 0xFF, 0x00, 0x00, 0xFF, 0xFF, 0x0F, 0x00, 0xF0, 0xFF, 0xFF,
  0x0F, 0x00, 0xFE, 0xFF, 0xEF, 0x00, 0x00, 0xF0, 0xFF, 0xFF, 0x00, 0xF0, 0xFF, 0xFF, 0x00, 0x00,
  0x00, 0xFF, 0xFF, 0x0F, 0x00, 0xFF, 0xFF, 0x0F, 0x00, 0x00, 0xE0, 0xFF, 0xFF, 0x00, 0xF0, 0xFF,
  0xFF, 0x00, 0x00, 0x00, 0xFD, 0xFF, 0x0F, 0x00, 0xFF, 0xFF, 0x0F, 0x00, 0x00, 0xE0, 0xFF, 0xFF,
  0x00, 0xF0, 0xFF, 0xFF, 0x00, 0x00, 0x00, 0xFE, 0xFF, 0x0F, 0x00, 0xFF, 0xFF, 0xEF, 0x00, 0x00,
  0xF0, 0xFF, 0xFF, 0x00, 0xD0, 0xFF, 0xFF, 0x0F, 0x00, 0xE0, 0xFF, 0xFF, 0x0F, 0x00, 0xF0, 0xFF,
  0xFF, 0xFF, 0xFF, 0xFF, 0xFF, 0xFF, 0x00, 0x00, 0xFD, 0xFF, 0xFF, 0xFF, 0xFF, 0xFF, 0xFF, 0x0F,
  0x00, 0x00, 0xFD, 0xFF, 0xFF, 0xFF, 0xDE, 0xFF, 0xFF, 0x00, 0x00, 0x00, 0xF0, 0xFF, 0xFF, 0x0E,
  0xFD, 0xFF, 0x0F, 0x00, 0x00, 0x00, 0x00, 0x00, 0x00, 0xE0, 0xFF, 0xFF, 0x00, 0x00, 0xED, 0xFF,
  0x00, 0x00, 0x00, 0xFF, 0xFF, 0x0F, 0x00, 0xF0, 0xFF, 0xFF, 0xFF, 0xFF, 0xFF, 0xFF, 0xEF, 0x00,
  0x00, 0xFE, 0xFF, 0xFF, 0xFF, 0xFF, 0xFF, 0xFF, 0x00, 0x00, 0x00, 0xFE, 0xFF, 0xFF, 0xFF, 0xFF,
  0xFF, 0x00, 0x00, 0x00, 0x00, 0xE0, 0xFF, 0xFF, 0xFF, 0x0E, 0x00, 0x00, 0x00, 0x00, 0xFF, 0xFF,
  0x0D, 0x00, 0x00, 0x00, 0x00, 0x00, 0x00, 0xF0, 0xFF, 0xDF, 0x00, 0x00, 0x00, 0x00, 0x00, 0x00,
  0x00, 0xFF, 0xFF, 0x0D, 0x00, 0x00, 0x00, 0x00, 0x00, 0x00, 0xF0, 0xFF, 0xDF, 0x00, 0x00, 0x00,
  0x00, 0x00, 0x00, 0x00, 0xFF, 0xFF, 0x0D, 0x00, 0x00, 0x00, 0x00, 0x00, 0x00, 0xF0, 0xFF, 0xDF,
  0xE0, 0xFF, 0xFF, 0x0F, 0x00, 0x00, 0x00, 0xFF, 0xFF, 0xFD, 0xFF, 0xFF, 0xFF, 0x0F, 0x00, 0x00,
  0xF0, 0xFF, 0xFF, 0xFF, 0xFF, 0xFF, 0xFF, 0x0F, 0x00, 0x00, 0xFF, 0xFF, 0xFF, 0xFF, 0xFF, 0xFF,
  0xFF, 0x0E, 0x00, 0xF0, 0xFF, 0xFF, 0x0D, 0x00, 0xFE, 0xFF, 0xFF, 0x00, 0x00, 0xFF, 0xFF, 0x0F,
  0x00, 0x00, 0xFF, 0xFF, 0x0F, 0x00, 0xF0, 0xFF, 0xEF, 0x00, 0x00, 0xF0, 0xFF, 0xFF, 0x00, 0x00,
  0xFF, 0xFF, 0x0D, 0x00, 0x00, 0xFF, 0xFF, 0x0F, 0x00, 0xF0, 0xFF, 0xDF, 0x00, 0x00, 0xF0, 0xFF,
  0xFF, 0x00, 0x00, 0xFF, 0xFF, 0x0D, 0x00, 0x00, 0xFF, 0xFF, 0x0F, 0x00, 0xF0, 0xFF, 0xDF, 0x00,
  0x00, 0xF0, 0xFF, 0xFF, 0x00, 0x00, 0xFF, 0xFF, 0x0D, 0x00, 0x00, 0xFF, 0xFF, 0x0F, 0x00, 0xF0,
  0xFF, 0xDF, 0x00, 0x00, 0xF0, 0xFF, 0xFF, 0x00, 0x00, 0xFF, 0xFF, 0x0D, 0x00, 0x00, 0xFF, 0xFF,
  0x0F, 0x00, 0xF0, 0xFF, 0xDF, 0x00, 0x00, 0xF0, 0xFF, 0xFF, 0x00, 0x00, 0xFF, 0xFF, 0x0D, 0x00,
  0x00, 0xFF, 0xFF, 0x0F, 0x00, 0xF0, 0xFF, 0xDF, 0x00, 0x00, 0xF0, 0xFF, 0xFF, 0x00, 0x00, 0xFE,
  0xEF, 0x00, 0x00, 0xFF, 0xFF, 0x0D, 0xD0, 0xFF, 0xFF, 0x0E, 0x00, 0xFF, 0xFF, 0x0D, 0x00, 0xFE,
  0xEF, 0x00, 0x00, 0x00, 0x00, 0x00, 0x00, 0x00, 0x00, 0x00, 0x00, 0xFF, 0xFF, 0x0D, 0x00, 0xFF,
  0xFF, 0x0D, 0x00, 0xFF, 0xFF, 0x0D, 0x00, 0xFF, 0xFF, 0x0D, 0x00, 0xFF, 0xFF, 0x0D, 0x00, 0xFF,
  0xFF, 0x0D, 0x00, 0xFF, 0xFF, 0x0D, 0x00, 0xFF, 0xFF, 0x0D, 0x00, 0xFF, 0xFF, 0x0D, 0x00, 0xFF,
  0xFF, 0x0D, 0x00, 0xFF, 0xFF, 0x0D, 0x00, 0xFF, 0xFF, 0x0D, 0x00, 0xFF, 0xFF, 0x0D, 0x00, 0xFF,
  0xFF, 0x0D, 0x00, 0xFF, 0xFF, 0x0D, 0x00, 0xFF, 0xFF, 0x0D, 0x00, 0xFF, 0xFF, 0x0D, 0x00, 0xE0,
  0xFF, 0x0E, 0x00, 0x00, 0xFF, 0xFF, 0x0D, 0x00, 0xFD, 0xFF, 0xEF, 0x00, 0x00, 0xFF, 0xFF, 0x0D,
  0x00, 0xE0, 0xFF, 0x0E, 0x00, 0x00, 0x00, 0x00, 0x00, 0x00, 0x00, 0x00, 0x00, 0x00, 0x00, 0xFF,
  0xFF, 0x0D, 0x00, 0xF0, 0xFF, 0xDF, 0x00, 0x00, 0xFF, 0xFF, 0x0D, 0x00, 0xF0, 0xFF, 0xDF, 0x00,
  0x00, 0xFF, 0xFF, 0x0D, 0x00, 0xF0, 0xFF, 0xDF, 0x00, 0x00, 0xFF, 0xFF, 0x0D, 0x00, 0xF0, 0xFF,
  0xDF, 0x00, 0x00, 0xFF, 0xFF, 0x0D, 0x00, 0xF0, 0xFF, 0xDF, 0x00, 0x00, 0xFF, 0xFF, 0x0D, 0x00,
  0xF0, 0xFF, 0xDF, 0x00, 0x00, 0xFF, 0xFF, 0x0D, 0x00, 0xF0, 0xFF, 0xDF, 0x00, 0x00, 0xFF, 0xFF,
  0x0D, 0x00, 0xF0, 0xFF, 0xDF, 0x00, 0x00, 0xFF, 0xFF, 0x0D, 0x00, 0xF0, 0xFF, 0xDF, 0x00, 0xE0,
  0xFF, 0xFF, 0x0D, 0xFE, 0xFF, 0xFF, 0x0F, 0xF0, 0xFF, 0xFF, 0xFF, 0x00, 0xFF, 0xFF, 0xFF, 0x00,
  0xF0, 0xFF, 0xEF, 0x00, 0x00, 0x00, 0xFF, 0xFF, 0x0D, 0x00, 0x00, 0x00, 0x00, 0x00, 0x00, 0xFF,
  0xFF, 0x0D, 0x00, 0x00, 0x00, 0x00, 0x00, 0x00, 0xFF, 0xFF, 0x0D, 0x00, 0x00, 0x00, 0x00, 0x00,
  0x00, 0xFF, 0xFF, 0x0D, 0x00, 0x00, 0x00, 0x00, 0x00, 0x00, 0xFF, 0xFF, 0x0D, 0x00, 0x00, 0x00,
  0x00, 0x00, 0x00, 0xFF, 0xFF, 0x0D, 0x00, 0xF0, 0xFF, 0xFF, 0x0F, 0x00, 0xFF, 0xFF, 0x0D, 0x00,
  0xFE, 0xFF, 0xFF, 0x00, 0x00, 0xFF, 0xFF, 0x0D, 0x00, 0xFF, 0xFF, 0x0F, 0x00, 0x00, 0xFF, 0xFF,
  0x0D, 0xF0, 0xFF, 0xFF, 0x00, 0x00, 0x00, 0xFF, 0xFF, 0x0D, 0xFF, 0xFF, 0xDF, 0x00, 0x00, 0x00,
  0xFF, 0xFF, 0xFD, 0xFF, 0xFF, 0x0E, 0x00, 0x00, 0x00, 0xFF, 0xFF, 0xFF, 0xFF, 0xFF, 0x00, 0x00,
  0x00, 0x00, 0xFF, 0xFF, 0xFF, 0xFF, 0x0F, 0x00, 0x00, 0x00, 0x00, 0xFF, 0xFF, 0xFF, 0xFF, 0xFF,
  0x00, 0x00, 0x00, 0x00, 0xFF, 0xFF, 0xFF, 0xFF, 0xFF, 0x0D, 0x00, 0x00, 0x00, 0xFF, 0xFF, 0xEF,
  0xFF, 0xFF, 0x0F, 0x00, 0x00, 0x00, 0xFF, 0xFF, 0x0E, 0xFF, 0xFF, 0xFF, 0x00, 0x00, 0x00, 0xFF,
  0xFF, 0x0D, 0xF0, 0xFF, 0xFF, 0x0D, 0x00, 0x00, 0xFF, 0xFF, 0x0D, 0xD0, 0xFF, 0xFF, 0x0F, 0x00,
  0x00, 0xFF, 0xFF, 0x0D, 0x00, 0xFF, 0xFF, 0xFF, 0x00, 0x00, 0xFF, 0xFF, 0x0D, 0x00, 0xF0, 0xFF,
  0xFF, 0x0D, 0x00, 0xFF, 0xFF, 0x0D, 0x00, 0xD0, 0xFF, 0xFF, 0x0F, 0x00, 0xFF, 0xFF, 0x0D, 0x00,
  0xFF, 0xFF, 0x0D, 0x00, 0xFF, 0xFF, 0x0D, 0x00, 0xFF, 0xFF, 0x0D, 0x00, 0xFF, 0xFF, 0x0D, 0x00,
  0xFF, 0xFF, 0x0D, 0x00, 0xFF, 0xFF, 0x0D, 0x00, 0xFF, 0xFF, 0x0D, 0x00, 0xFF, 0xFF, 0x0D, 0x00,
  0xFF, 0xFF, 0x0D, 0x00, 0xFF, 0xFF, 0x0D, 0x00, 0xFF, 0xFF, 0x0D, 0x00, 0xFF, 0xFF, 0x0D, 0x00,
  0xFF, 0xFF, 0x0D, 0x00, 0xFF, 0xFF, 0x0D, 0x00, 0xFF, 0xFF, 0x0D, 0x00, 0xFF, 0xFF, 0x0D, 0x00,
  0xFF, 0xFF, 0x0D, 0x00, 0xFF, 0xFF, 0x0D, 0x00, 0xFF, 0xFF, 0x0D, 0x00, 0xFF, 0xFF, 0x0D, 0x00,
  0xFF, 0xFF, 0x0D, 0x00, 0xFF, 0xFF, 0x00, 0xFE, 0xFF, 0x0F, 0x00, 0xD0, 0xFF, 0xFF, 0x0F, 0x00,
  0x00, 0xF0, 0xFF, 0x0F, 0xFF, 0xFF, 0xFF, 0x0F, 0xF0, 0xFF, 0xFF, 0xFF, 0x0F, 0x00, 0x00, 0xFF,
  0xFF, 0xFF, 0xFF, 0xFF, 0xFF, 0xEF, 0xFF, 0xFF, 0xFF, 0xFF, 0x0F, 0x00, 0xF0, 0xFF, 0xFF, 0xFF,
  0xFF, 0xFF, 0xFF, 0xFF, 0xFF, 0xFF, 0xFF, 0xFF, 0x00, 0x00, 0xFF, 0xFF, 0x0F, 0x00, 0xF0, 0xFF,
  0xFF, 0x0F, 0x00, 0xFF, 0xFF, 0xEF, 0x00, 0xF0, 0xFF, 0xEF, 0x00, 0x00, 0xFF, 0xFF, 0x0F, 0x00,
  0x00, 0xFF, 0xFF, 0x0E, 0x00, 0xFF, 0xFF, 0x0D, 0x00, 0xE0, 0xFF, 0xFF, 0x00, 0x00, 0xF0, 0xFF,
  0xFF, 0x00, 0xF0, 0xFF, 0xDF, 0x00, 0x00, 0xFE, 0xFF, 0x0F, 0x00, 0x00, 0xFF, 0xFF, 0x0F, 0x00,
  0xFF, 0xFF, 0x0D, 0x00, 0xE0, 0xFF, 0xFF, 0x00, 0x00, 0xF0, 0xFF, 0xFF, 0x00, 0xF0, 0xFF, 0xDF,
  0x00, 0x00, 0xFE, 0xFF, 0x0F, 0x00, 0x00, 0xFF, 0xFF, 0x0F, 0x00, 0xFF, 0xFF, 0x0D, 0x00, 0xE0,
  0xFF, 0xFF, 0x00, 0x00, 0xF0, 0xFF, 0xFF, 0x00, 0xF0, 0xFF, 0xDF, 0x00, 0x00, 0xFE, 0xFF, 0x0F,
  0x00, 0x00, 0xFF, 0xFF, 0x0F, 0x00, 0xFF, 0xFF, 0x0D, 0x00, 0xE0, 0xFF, 0xFF, 0x00, 0x00, 0xF0,
  0xFF, 0xFF, 0x00, 0xF0, 0xFF, 0xDF, 0x00, 0x00, 0xFE, 0xFF, 0x0F, 0x00, 0x00, 0xFF, 0xFF, 0x0F,
  0x00, 0xFF, 0xFF, 0x0D, 0x00, 0xE0, 0xFF, 0xFF, 0x00, 0x00, 0xF0, 0xFF, 0xFF, 0x00, 0xF0, 0xFF,
  0xDF, 0x00, 0x00, 0xFE, 0xFF, 0x0F, 0x00, 0x00, 0xFF, 0xFF, 0x0F, 0x00, 0xFF, 0xFF, 0x0D, 0x00,
  0xE0, 0xFF, 0xFF, 0x00, 0x00, 0xF0, 0xFF, 0xFF, 0x00, 0x00, 0xFF, 0xFF, 0x00, 0xFE, 0xFF, 0xFF,
  0x00, 0x00, 0x00, 0xF0, 0xFF, 0x0F, 0xFF, 0xFF, 0xFF, 0xFF, 0x00, 0x00, 0x00, 0xFF, 0xFF, 0xFE,
  0xFF, 0xFF, 0xFF, 0xFF, 0x00, 0x00, 0xF0, 0xFF, 0xFF, 0xFF, 0xFF, 0xFF, 0xFF, 0xEF, 0x00, 0x00,
  0xFF, 0xFF, 0xDF, 0x00, 0xE0, 0xFF, 0xFF, 0x0F, 0x00, 0xF0, 0xFF, 0xFF, 0x00, 0x00, 0xF0, 0xFF,
  0xFF, 0x00, 0x00, 0xFF, 0xFF, 0x0E, 0x00, 0x00, 0xFF, 0xFF, 0x0F, 0x00, 0xF0, 0xFF, 0xDF, 0x00,
  0x00, 0xF0, 0xFF, 0xFF, 0x00, 0x00, 0xFF, 0xFF, 0x0D, 0x00, 0x00, 0xFF, 0xFF, 0x0F, 0x00, 0xF0,
  0xFF, 0xDF, 0x00, 0x00, 0xF0, 0xFF, 0xFF, 0x00, 0x00, 0xFF, 0xFF, 0x0D, 0x00, 0x00, 0xFF, 0xFF,
  0x0F, 0x00, 0xF0, 0xFF, 0xDF, 0x00, 0x00, 0xF0, 0xFF, 0xFF, 0x00, 0x00, 0xFF, 0xFF, 0x0D, 0x00,
  0x00, 0xFF, 0xFF, 0x0F, 0x00, 0xF0, 0xFF, 0xDF, 0x00, 0x00, 0xF0, 0xFF, 0xFF, 0x00, 0x00, 0xFF,
  0xFF, 0x0D, 0x00, 0x00, 0xFF, 0xFF, 0x0F, 0x00, 0xF0, 0xFF, 0xDF, 0x00, 0x00, 0xF0, 0xFF, 0xFF,
  0x00, 0x00, 0xFF, 0xFF, 0x0D, 0x00, 0x00, 0xFF, 0xFF, 0x0F, 0x00, 0x00, 0x00, 0xD0, 0xFF, 0xFF,
  0xFF, 0x0E, 0x00, 0x00, 0x00, 0x00, 0xFF, 0xFF, 0xFF, 0xFF, 0xFF, 0x00, 0x00, 0x00, 0xF0, 0xFF,
  0xFF, 0xFF, 0xFF, 0xFF, 0x0F, 0x00, 0x00, 0xFE, 0xFF, 0xFF, 0xFF, 0xFF, 0xFF, 0xFF, 0x00, 0x00,
  0xFF, 0xFF, 0x0F, 0x00, 0xF0, 0xFF, 0xFF, 0x0E, 0xE0, 0xFF, 0xFF, 0x0E, 0x00, 0x00, 0xFF, 0xFF,
  0x0F, 0xF0, 0xFF, 0xFF, 0x00, 0x00, 0x00, 0xFF, 0xFF, 0x0F, 0xF0, 0xFF, 0xFF, 0x00, 0x00, 0x00,
  0xFE, 0xFF, 0x0F, 0xF0, 0xFF, 0xFF, 0x00, 0x00, 0x00, 0xFD, 0xFF, 0xDF, 0xF0, 0xFF, 0xFF, 0x00,
  0x00, 0x00, 0xFE, 0xFF, 0x0F, 0xF0, 0xFF, 0xFF, 0x00, 0x00, 0x00, 0xFF, 0xFF, 0x0F, 0xE0, 0xFF,
  0xFF, 0x0E, 0x00, 0x00, 0xFF, 0xFF, 0x0F, 0x00, 0xFF, 0xFF, 0x0F, 0x00, 0xF0, 0xFF, 0xFF, 0x0E,
  0x00, 0xFE, 0xFF, 0xFF, 0xFF, 0xFF, 0xFF, 0xFF, 0x00, 0x00, 0xF0, 0xFF, 0xFF, 0xFF, 0xFF, 0xFF,
  0x0F, 0x00, 0x00, 0x00, 0xFF, 0xFF, 0xFF, 0xFF, 0xFF, 0x00, 0x00, 0x00, 0x00, 0xD0, 0xFF, 0xFF,
  0xFF, 0x0E, 0x00, 0x00, 0x00, 0xFF, 0xFF, 0x0D, 0xFE, 0xFF, 0xEF, 0x00, 0x00, 0x00, 0xF0, 0xFF,
  0xDF, 0xFF, 0xFF, 0xFF, 0xFF, 0x00, 0x00, 0x00, 0xFF, 0xFF, 0xFF, 0xFF, 0xFF, 0xFF, 0xFF, 0x00,
  0x00, 0xF0, 0xFF, 0xFF, 0xFF, 0xFF, 0xFF, 0xFF, 0xFF, 0x00, 0x00, 0xFF, 0xFF, 0xEF, 0x00, 0x00,
  0xFF, 0xFF, 0x0F, 0x00, 0xF0, 0xFF, 0xFF, 0x00, 0x00, 0xE0, 0xFF, 0xFF, 0x0E, 0x00, 0xFF, 0xFF,
  0x0E, 0x00, 0x00, 0xF0, 0xFF, 0xFF, 0x00, 0xF0, 0xFF, 0xDF, 0x00, 0x00, 0x00, 0xFF, 0xFF, 0x0F,
  0x00, 0xFF, 0xFF, 0x0D, 0x00, 0x00, 0xF0, 0xFF, 0xFF, 0x00, 0xF0, 0xFF, 0xDF, 0x00, 0x00, 0x00,
  0xFF, 0xFF, 0x0F, 0x00, 0xFF, 0xFF, 0x0E, 0x00, 0x00, 0xF0, 0xFF, 0xFF, 0x00, 0xF0, 0xFF, 0xFF,
  0x00, 0x00, 0xE0, 0xFF, 0xFF, 0x0E, 0x00, 0xFF, 0xFF, 0xEF, 0x00, 0x00, 0xFF, 0xFF, 0x0F, 0x00,
  0xF0, 0xFF, 0xFF, 0xFF, 0xFF, 0xFF, 0xFF, 0xFF, 0x00, 0x00, 0xFF, 0xFF, 0xFF, 0xFF, 0xFF, 0xFF,
  0xFF, 0x00, 0x00, 0xF0, 0xFF, 0xDF, 0xFF, 0xFF, 0xFF, 0xFF, 0x00, 0x00, 0x00, 0xFF, 0xFF, 0x0D,
  0xFE, 0xFF, 0xEF, 0x00, 0x00, 0x00, 0xF0, 0xFF, 0xDF, 0x00, 0x00, 0x00, 0x00, 0x00, 0x00, 0x00,
  0xFF, 0xFF, 0x0D, 0x00, 0x00, 0x00, 0x00, 0x00, 0x00, 0xF0, 0xFF, 0xDF, 0x00, 0x00, 0x00, 0x00,
  0x00, 0x00, 0x00, 0xFF, 0xFF, 0x0D, 0x00, 0x00, 0x00, 0x00, 0x00, 0x00, 0xF0, 0xFF, 0xDF, 0x00,
  0x00, 0x00, 0x00, 0x00, 0x00, 0x00, 0xFF, 0xFF, 0x0D, 0x00, 0x00, 0x00, 0x00, 0x00, 0x00, 0x00,
  0x00, 0xE0, 0xFF, 0xFF, 0x0D, 0xFD, 0xFF, 0x0F, 0x00, 0x00, 0xFD, 0xFF, 0xFF, 0xFF, 0xDE, 0xFF,
  0xFF, 0x00, 0x00, 0xF0, 0xFF, 0xFF, 0xFF, 0xFF, 0xFF, 0xFF, 0x0F, 0x00, 0xF0, 0xFF, 0xFF, 0xFF,
  0xFF, 0xFF, 0xFF, 0xFF, 0x00, 0x00, 0xFF, 0xFF, 0x0F, 0x00, 0xF0, 0xFF, 0xFF, 0x0F, 0x00, 0xFE,
  0xFF, 0xEF, 0x00, 0x00, 0xF0, 0xFF, 0xFF, 0x00, 0xF0, 0xFF, 0xFF, 0x00, 0x00, 0x00, 0xFF, 0xFF,
  0x0F, 0x00, 0xFF, 0xFF, 0x0F, 0x00, 0x00, 0xE0, 0xFF, 0xFF, 0x00, 0xF0, 0xFF, 0xFF, 0x00, 0x00,
  0x00, 0xFD, 0xFF, 0x0F, 0x00, 0xFF, 0xFF, 0x0F, 0x00, 0x00, 0xE0, 0xFF, 0xFF, 0x00, 0xF0, 0xFF,
  0xFF, 0x00, 0x00, 0x00, 0xFF, 0xFF, 0x0F, 0x00, 0xFE, 0xFF, 0xEF, 0x00, 0x00, 0xF0, 0xFF, 0xFF,
  0x00, 0x00, 0xFF, 0xFF, 0x0F, 0x00, 0xF0, 0xFF, 0xFF, 0x0F, 0x00, 0xF0, 0xFF, 0xFF, 0xFF, 0xFF,
  0xFF, 0xFF, 0xFF, 0x00, 0x00, 0xF0, 0xFF, 0xFF, 0xFF, 0xFF, 0xFF, 0xFF, 0x0F, 0x00, 0x00, 0xFD,
  0xFF, 0xFF, 0xFF, 0xEF, 0xFF, 0xFF, 0x00, 0x00, 0x00, 0xE0, 0xFF, 0xFF, 0x0E, 0xFE, 0xFF, 0x0F,
  0x00, 0x00, 0x00, 0x00, 0x00, 0x00, 0xE0, 0xFF, 0xFF, 0x00, 0x00, 0x00, 0x00, 0x00, 0x00, 0x00,
  0xFE, 0xFF, 0x0F, 0x00, 0x00, 0x00, 0x00, 0x00, 0x00, 0xE0, 0xFF, 0xFF, 0x00, 0x00, 0x00, 0x00,
  0x00, 0x00, 0x00, 0xFE, 0xFF, 0x0F, 0x00, 0x00, 0x00, 0x00, 0x00, 0x00, 0xE0, 0xFF, 0xFF, 0x00,
  0x00, 0x00, 0x00, 0x00, 0x00, 0x00, 0xFE, 0xFF, 0x0F, 0x00, 0x00, 0x00, 0x00, 0x00, 0x00, 0x00,
  0x00, 0xFF, 0xFF, 0x00, 0xFF, 0xFF, 0x00, 0xFF, 0xFF, 0xFD, 0xFF, 0xFF, 0x00, 0xFF, 0xFF, 0xFF,
  0xFF, 0xFF, 0x00, 0xFF, 0xFF, 0xFF, 0xFF, 0xFF, 0x00, 0xFF, 0xFF, 0xEF, 0x00, 0x00, 0x00, 0xFF,
  0xFF, 0x0F, 0x00, 0x00, 0x00, 0xFF, 0xFF, 0x0E, 0x00, 0x00, 0x00, 0xFF, 0xFF, 0x0D, 0x00, 0x00,
  0x00, 0xFF, 0xFF, 0x0D, 0x00, 0x00, 0x00, 0xFF, 0xFF, 0x0D, 0x00, 0x00, 0x00, 0xFF, 0xFF, 0x0D,
  0x00, 0x00, 0x00, 0xFF, 0xFF, 0x0D, 0x00, 0x00, 0x00, 0xFF, 0xFF, 0x0D, 0x00, 0x00, 0x00, 0xFF,
  0xFF, 0x0D, 0x00, 0x00, 0x00, 0xFF, 0xFF, 0x0D, 0x00, 0x00, 0x00, 0xFF, 0xFF, 0x0D, 0x00, 0x00,
  0x00, 0xFF, 0xFF, 0x0D, 0x00, 0x00, 0x00, 0x00, 0xFD, 0xFF, 0xFF, 0xFF, 0x00, 0x00, 0x00, 0x00,
  0xFF, 0xFF, 0xFF, 0xFF, 0xFF, 0x0E, 0x00, 0x00, 0xFF, 0xFF, 0xFF, 0xFF, 0xFF, 0xFF, 0x0D, 0x00,
  0xF0, 0xFF, 0xFF, 0xFF, 0xFF, 0xFF, 0xFF, 0x00, 0xE0, 0xFF, 0xFF, 0x0D, 0x00, 0xFD, 0xFF, 0x0F,
  0x00, 0xFE, 0xFF, 0x0F, 0x00, 0x00, 0xDD, 0x00, 0x00, 0x00, 0xFF, 0xFF, 0xEF, 0x00, 0x00, 0x00,
  0x00, 0x00, 0xF0, 0xFF, 0xFF, 0xFF, 0xFF, 0x0E, 0x00, 0x00, 0x00, 0xF0, 0xFF, 0xFF, 0xFF, 0xFF,
  0xFF, 0x00, 0x00, 0x00, 0x00, 0xFE, 0xFF, 0xFF, 0xFF, 0xFF, 0x00, 0x00, 0x00, 0x00, 0x00, 0xD0,
  0xFF, 0xFF, 0xEF, 0x00, 0xD0, 0xFE, 0x0D, 0x00, 0x00, 0xFF, 0xFF, 0x0F, 0xF0, 0xFF, 0xFF, 0x00,
  0x00, 0xF0, 0xFF, 0xFF, 0x00, 0xFE, 0xFF, 0xFF, 0xFF, 0xFF, 0xFF, 0xFF, 0x0D, 0x00, 0xFF, 0xFF,
  0xFF, 0xFF, 0xFF, 0xFF, 0x0F, 0x00, 0x00, 0xFF, 0xFF, 0xFF, 0xFF, 0xFF, 0x0F, 0x00, 0x00, 0x00,
  0xFD, 0xFF, 0xFF, 0xFF, 0x00, 0x00, 0x00, 0x00, 0xFE, 0xFF, 0x0F, 0x00, 0x00, 0xE0, 0xFF, 0xFF,
  0x00, 0x00, 0x00, 0xFE, 0xFF, 0x0F, 0x00, 0x00, 0xE0, 0xFF, 0xFF, 0x00, 0x00, 0xFF, 0xFF, 0xFF,
  0xFF, 0xFF, 0xF0, 0xFF, 0xFF, 0xFF, 0xFF, 0x0F, 0xFF, 0xFF, 0xFF, 0xFF, 0xFF, 0xE0, 0xFF, 0xFF,
  0xFF, 0xFF, 0x0F, 0x00, 0xFE, 0xFF, 0x0F, 0x00, 0x00, 0xE0, 0xFF, 0xFF, 0x00, 0x00, 0x00, 0xFE,
  0xFF, 0x0F, 0x00, 0x00, 0xE0, 0xFF, 0xFF, 0x00, 0x00, 0x00, 0xFE, 0xFF, 0x0F, 0x00, 0x00, 0xE0,
  0xFF, 0xFF, 0x00, 0x00, 0x00, 0xFE, 0xFF, 0x0F, 0x00, 0x00, 0xE0, 0xFF, 0xFF, 0x00, 0x00, 0x00,
  0xFE, 0xFF, 0x0F, 0x00, 0x00, 0xE0, 0xFF, 0xFF, 0xFF, 0x0F, 0x00, 0xF0, 0xFF, 0xFF, 0xFF, 0x00,
  0x00, 0xFE, 0xFF, 0xFF, 0xDF, 0x00, 0x00, 0xFD, 0xFF, 0xFF, 0x0D, 0x00, 0xFF, 0xFF, 0x0D, 0x00,
  0x00, 0xFF, 0xFF, 0x0F, 0x00, 0xF0, 0xFF, 0xDF, 0x00, 0x00, 0xF0, 0xFF, 0xFF, 0x00, 0x00, 0xFF,
  0xFF, 0x0D, 0x00, 0x00, 0xFF, 0xFF, 0x0F, 0x00, 0xF0, 0xFF, 0xDF, 0x00, 0x00, 0xF0, 0xFF, 0xFF,
  0x00, 0x00, 0xFF, 0xFF, 0x0D, 0x00, 0x00, 0xFF, 0xFF, 0x0F, 0x00, 0xF0, 0xFF, 0xDF, 0x00, 0x00,
  0xF0, 0xFF, 0xFF, 0x00, 0x00, 0xFF, 0xFF, 0x0D, 0x00, 0x00, 0xFF, 0xFF, 0x0F, 0x00, 0xF0, 0xFF,
  0xDF, 0x00, 0x00, 0xF0, 0xFF, 0xFF, 0x00, 0x00, 0xFF, 0xFF, 0x0D, 0x00, 0x00, 0xFF, 0xFF, 0x0F,
  0x00, 0xF0, 0xFF, 0xDF, 0x00, 0x00, 0xF0, 0xFF, 0xFF, 0x00, 0x00, 0xFF, 0xFF, 0x0E, 0x00, 0x00,
  0xFF, 0xFF, 0x0F, 0x00, 0xF0, 0xFF, 0xFF, 0x00, 0x00, 0xF0, 0xFF, 0xFF, 0x00, 0x00, 0xFF, 0xFF,
  0x0F, 0x00, 0xF0, 0xFF, 0xFF, 0x0F, 0x00, 0xF0, 0xFF, 0xFF, 0xFF, 0xFF, 0xFF, 0xFF, 0xFF, 0x00,
  0x00, 0xF0, 0xFF, 0xFF, 0xFF, 0xFF, 0xFE, 0xFF, 0x0F, 0x00, 0x00, 0xFE, 0xFF, 0xFF, 0xFF, 0xED,
  0xFF, 0xFF, 0x00, 0x00, 0x00, 0xFD, 0xFF, 0xFF, 0x00, 0xFE, 0xFF, 0x0F, 0x00, 0xFE, 0xFF, 0xDF,
  0x00, 0x00, 0x00, 0xFD, 0xFF, 0xEF, 0xF0, 0xFF, 0xFF, 0x00, 0x00, 0x00, 0xFF, 0xFF, 0x0F, 0xF0,
  0xFF, 0xFF, 0x00, 0x00, 0x00, 0xFF, 0xFF, 0x0F, 0xD0, 0xFF, 0xFF, 0x0D, 0x00, 0x00, 0xFF, 0xFF,
  0x0D, 0x00, 0xFF, 0xFF, 0x0F, 0x00, 0xE0, 0xFF, 0xFF, 0x00, 0x00, 0xFF, 0xFF, 0x0F, 0x00, 0xF0,
  0xFF, 0xFF, 0x00, 0x00, 0xFD, 0xFF, 0x0F, 0x00, 0xF0, 0xFF, 0xDF, 0x00, 0x00, 0xF0, 0xFF, 0xEF,
  0x00, 0xFE, 0xFF, 0x0F, 0x00, 0x00, 0xF0, 0xFF, 0xFF, 0x00, 0xFF, 0xFF, 0x0F, 0x00, 0x00, 0x00,
  0xFF, 0xFF, 0x00, 0xFF, 0xFF, 0x00, 0x00, 0x00, 0x00, 0xFF, 0xFF, 0xDE, 0xFF, 0xFF, 0x00, 0x00,
  0x00, 0x00, 0xFE, 0xFF, 0xFF, 0xFF, 0xEF, 0x00, 0x00, 0x00, 0x00, 0xF0, 0xFF, 0xFF, 0xFF, 0x0F,
  0x00, 0x00, 0x00, 0x00, 0xF0, 0xFF, 0xFF, 0xFF, 0x0F, 0x00, 0x00, 0x00, 0x00, 0xE0, 0xFF, 0xFF,
  0xFF, 0x0E, 0x00, 0x00, 0x00, 0x00, 0x00, 0xFF, 0xFF, 0xFF, 0x00, 0x00, 0x00, 0x00, 0x00, 0x00,
  0xFF, 0xFF, 0xFF, 0x00, 0x00, 0x00, 0xFE, 0xFF, 0x0F, 0x00, 0x00, 0xFE, 0xFF, 0x0F, 0x00, 0x00,
  0xFF, 0xFF, 0x0F, 0xF0, 0xFF, 0xEF, 0x00, 0x00, 0xFF, 0xFF, 0x0F, 0x00, 0x00, 0xFF, 0xFF, 0x0F,
  0xF0, 0xFF, 0xFF, 0x00, 0x00, 0xFF, 0xFF, 0xEF, 0x00, 0xD0, 0xFF, 0xFF, 0x0E, 0xF0, 0xFF, 0xFF,
  0x00, 0x00, 0xFF, 0xFF, 0xFF, 0x00, 0xE0, 0xFF, 0xFF, 0x00, 0xD0, 0xFF, 0xFF, 0x00, 0xE0, 0xFF,
  0xFF, 0xFF, 0x00, 0xF0, 0xFF, 0xFF, 0x00, 0x00, 0xFF, 0xFF, 0x0D, 0xF0, 0xFF, 0xFF, 0xFF, 0x00,
  0xF0, 0xFF, 0xEF, 0x00, 0x00, 0xFF, 0xFF, 0x0F, 0xF0, 0xFF, 0xFF, 0xFF, 0x0D, 0xF0, 0xFF, 0x0F,
  0x00, 0x00, 0xFE, 0xFF, 0x0F, 0xF0, 0xFF, 0xFD, 0xFF, 0x0F, 0xFD, 0xFF, 0x0F, 0x00, 0x00, 0xF0,
  0xFF, 0x0F, 0xFD, 0xFF, 0xF0, 0xFF, 0x0F, 0xFF, 0xFF, 0x0F, 0x00, 0x00, 0xF0, 0xFF, 0x0F, 0xFE,
  0xFF, 0xE0, 0xFF, 0x0F, 0xFF, 0xFF, 0x0E, 0x00, 0x00, 0xF0, 0xFF, 0xEF, 0xFF, 0xFF, 0x00, 0xFF,
  0x0F, 0xFF, 0xFF, 0x00, 0x00, 0x00, 0xD0, 0xFF, 0xFF, 0xFF, 0xDF, 0x00, 0xFF, 0xEF, 0xFF, 0xFF,
  0x00, 0x00, 0x00, 0x00, 0xFF, 0xFF, 0xFF, 0x0F, 0x00, 0xFF, 0xFF, 0xFF, 0xEF, 0x00, 0x00, 0x00,
  0x00, 0xFF, 0xFF, 0xFF, 0x0F, 0x00, 0xFD, 0xFF, 0xFF, 0x0F, 0x00, 0x00, 0x00, 0x00, 0xFE, 0xFF,
  0xFF, 0x0E, 0x00, 0xF0, 0xFF, 0xFF, 0x0F, 0x00, 0x00, 0x00, 0x00, 0xF0, 0xFF, 0xFF, 0x00, 0x00,
  0xF0, 0xFF, 0xFF, 0x0F, 0x00, 0x00, 0x00, 0x00, 0xF0, 0xFF, 0xFF, 0x00, 0x00, 0xE0, 0xFF, 0xFF,
  0x0E, 0x00, 0x00, 0xF0, 0xFF, 0xFF, 0x00, 0x00, 0xE0, 0xFF, 0xFF, 0x0D, 0xFD, 0xFF, 0xEF, 0x00,
  0x00, 0xFF, 0xFF, 0x0F, 0x00, 0xFF, 0xFF, 0x0F, 0x00, 0xFF, 0xFF, 0x0F, 0x00, 0x00, 0xFF, 0xFF,
  0x0F, 0xF0, 0xFF, 0xEF, 0x00, 0x00, 0xE0, 0xFF, 0xFF, 0xF0, 0xFF, 0xFF, 0x00, 0x00, 0x00, 0xF0,
  0xFF, 0xFF, 0xFF, 0xFF, 0x0D, 0x00, 0x00, 0x00, 0xFD, 0xFF, 0xFF, 0xFF, 0x0F, 0x00, 0x00, 0x00,
  0x00, 0xFF, 0xFF, 0xFF, 0x0F, 0x00, 0x00, 0x00, 0x00, 0xD0, 0xFF, 0xFF, 0xFF, 0x00, 0x00, 0x00,
  0x00, 0x00, 0xFF, 0xFF, 0xFF, 0x0F, 0x00, 0x00, 0x00, 0x00, 0xFE, 0xFF, 0xFF, 0xFF, 0x0F, 0x00,
  0x00, 0x00, 0xF0, 0xFF, 0xDF, 0xFF, 0xFF, 0x0E, 0x00, 0x00, 0xF0, 0xFF, 0xFF, 0xE0, 0xFF, 0xFF,
  0x00, 0x00, 0xD0, 0xFF, 0xFF, 0x0D, 0xF0, 0xFF, 0xFF, 0x00, 0x00, 0xFF, 0xFF, 0x0F, 0x00, 0xFE,
  0xFF, 0xDF, 0x00, 0xFE, 0xFF, 0x0F, 0x00, 0x00, 0xFF, 0xFF, 0x0F, 0xF0, 0xFF, 0xFF, 0x00, 0x00,
  0xD0, 0xFF, 0xFF, 0x0E, 0xFE, 0xFF, 0xDF, 0x00, 0x00, 0x00, 0xF0, 0xFF, 0xEF, 0xF0, 0xFF, 0xFF,
  0x00, 0x00, 0x00, 0xFF, 0xFF, 0x0F, 0xF0, 0xFF, 0xFF, 0x00, 0x00, 0x00, 0xFF, 0xFF, 0x0F, 0xD0,
  0xFF, 0xFF, 0x0D, 0x00, 0x00, 0xFF, 0xFF, 0x0D, 0x00, 0xFF, 0xFF, 0x0F, 0x00, 0xF0, 0xFF, 0xFF,
  0x00, 0x00, 0xFF, 0xFF, 0x0F, 0x00, 0xF0, 0xFF, 0xFF, 0x00, 0x00, 0xF0, 0xFF, 0x0F, 0x00, 0xF0,
  0xFF, 0x0F, 0x00, 0x00, 0xF0, 0xFF, 0xEF, 0x00, 0xFE, 0xFF, 0x0F, 0x00, 0x00, 0xE0, 0xFF, 0xFF,
  0x00, 0xFF, 0xFF, 0x0E, 0x00, 0x00, 0x00, 0xFF, 0xFF, 0x00, 0xFF, 0xFF, 0x00, 0x00, 0x00, 0x00,
  0xFF, 0xFF, 0xEE, 0xFF, 0xFF, 0x00, 0x00, 0x00, 0x00, 0xFE, 0xFF, 0xFF, 0xFF, 0xDF, 0x00, 0x00,
  0x00, 0x00, 0xF0, 0xFF, 0xFF, 0xFF, 0x0F, 0x00, 0x00, 0x00, 0x00, 0xF0, 0xFF, 0xFF, 0xFF, 0x0F,
  0x00, 0x00, 0x00, 0x00, 0xD0, 0xFF, 0xFF, 0xFF, 0x00, 0x00, 0x00, 0x00, 0x00, 0x00, 0xFF, 0xFF,
  0xFF, 0x00, 0x00, 0x00, 0x00, 0x00, 0x00, 0xFF, 0xFF, 0xEF, 0x00, 0x00, 0x00, 0x00, 0x00, 0x00,
  0xFF, 0xFF, 0x0F, 0x00, 0x00, 0x00, 0x00, 0x00, 0x00, 0xFF, 0xFF, 0x0F, 0x00, 0x00, 0x00, 0x00,
  0xFD, 0xFF, 0xFF, 0xFF, 0x0D, 0x00, 0x00, 0x00, 0x00, 0xFF, 0xFF, 0xFF, 0xFF, 0x00, 0x00, 0x00,
  0x00, 0x00, 0xFF, 0xFF, 0xFF, 0x0F, 0x00, 0x00, 0x00, 0x00, 0x00, 0xFF, 0xFF, 0xEF, 0x00, 0x00,
  0x00, 0x00, 0x00, 0x00, 0xFF, 0xFF, 0xFF, 0xFF, 0xFF, 0xFF, 0x0F, 0x00, 0xF0, 0xFF, 0xFF, 0xFF,
  0xFF, 0xFF, 0xFF, 0x00, 0x00, 0xFF, 0xFF, 0xFF, 0xFF, 0xFF, 0xFF, 0x0F, 0x00, 0xF0, 0xFF, 0xFF,
  0xFF, 0xFF, 0xFF, 0xFF, 0x00, 0x00, 0x00, 0x00, 0x00, 0xF0, 0xFF, 0xFF, 0x00, 0x00, 0x00, 0x00,
  0x00, 0xF0, 0xFF, 0xFF, 0x0D, 0x00, 0x00, 0x00, 0x00, 0xE0, 0xFF, 0xFF, 0x0F, 0x00, 0x00, 0x00,
  0x00, 0x00, 0xFF, 0xFF, 0x0F, 0x00, 0x00, 0x00, 0x00, 0x00, 0xFF, 0xFF, 0x0F, 0x00, 0x00, 0x00,
  0x00, 0x00, 0xFF, 0xFF, 0xEF, 0x00, 0x00, 0x00, 0x00, 0x00, 0xFE, 0xFF, 0xFF, 0x00, 0x00, 0x00,
  0x00, 0x00, 0xF0, 0xFF, 0xFF, 0x00, 0x00, 0x00, 0x00, 0x00, 0xF0, 0xFF, 0xFF, 0x0D, 0x00, 0x00,
  0x00, 0x00, 0xF0, 0xFF, 0xFF, 0xFF, 0xFF, 0xFF, 0xFF, 0x0D, 0x00, 0xFF, 0xFF, 0xFF, 0xFF, 0xFF,
  0xFF, 0xEF, 0x00, 0xFD, 0xFF, 0xFF, 0xFF, 0xFF, 0xFF, 0xFF, 0x0E, 0xD0, 0xFF, 0xFF, 0xFF, 0xFF,
  0xFF, 0xFF, 0xEF, 0x00, 0x00, 0x00, 0x00, 0x00, 0xFE, 0xFF, 0x0F, 0x00, 0x00, 0x00, 0xF0, 0xFF,
  0xFF, 0x0F, 0x00, 0x00, 0x00, 0xFF, 0xFF, 0xFF, 0x0F, 0x00, 0x00, 0xD0, 0xFF, 0xFF, 0xFF, 0x0E,
  0x00, 0x00, 0xF0, 0xFF, 0xFF, 0x00, 0x00, 0x00, 0x00, 0xF0, 0xFF, 0xFF, 0x00, 0x00, 0x00, 0x00,
  0xF0, 0xFF, 0xEF, 0x00, 0x00, 0x00, 0x00, 0xF0, 0xFF, 0xEF, 0x00, 0x00, 0x00, 0x00, 0xF0, 0xFF,
  0xEF, 0x00, 0x00, 0x00, 0x00, 0xF0, 0xFF, 0xEF, 0x00, 0x00, 0x00, 0x00, 0xF0, 0xFF, 0xEF, 0x00,
  0x00, 0x00, 0x00, 0xFD, 0xFF, 0x0F, 0x00, 0x00, 0x00, 0xFF, 0xFF, 0xFF, 0x0F, 0x00, 0x00, 0x00,
  0xFF, 0xFF, 0xEF, 0x00, 0x00, 0x00, 0x00, 0xFF, 0xFF, 0x0E, 0x00, 0x00, 0x00, 0x00, 0xFF, 0xFF,
  0xFF, 0x0D, 0x00, 0x00, 0x00, 0x00, 0xFF, 0xFF, 0x0F, 0x00, 0x00, 0x00, 0x00, 0xF0, 0xFF, 0xDF,
  0x00, 0x00, 0x00, 0x00, 0xF0, 0xFF, 0xEF, 0x00, 0x00, 0x00, 0x00, 0xF0, 0xFF, 0xEF, 0x00, 0x00,
  0x00, 0x00, 0xF0, 0xFF, 0xEF, 0x00, 0x00, 0x00, 0x00, 0xF0, 0xFF, 0xEF, 0x00, 0x00, 0x00, 0x00,
  0xF0, 0xFF, 0xFF, 0x00, 0x00, 0x00, 0x00, 0xF0, 0xFF, 0xFF, 0x00, 0x00, 0x00, 0x00, 0xE0, 0xFF,
  0xFF, 0xFF, 0x0E, 0x00, 0x00, 0x00, 0xFF, 0xFF, 0xFF, 0x0F, 0x00, 0x00, 0x00, 0xFD, 0xFF, 0xFF,
  0x0F, 0x00, 0x00, 0x00, 0x00, 0xFE, 0xFF, 0x0F, 0x00, 0xF0, 0xFF, 0xFF, 0x00, 0x00, 0x00, 0xFF,
  0xFF, 0x0F, 0x00, 0x00, 0xF0, 0xFF, 0xFF, 0x00, 0x00, 0x00, 0xFF, 0xFF, 0x0F, 0x00, 0x00, 0xF0,
  0xFF, 0xFF, 0x00, 0x00, 0x00, 0xFF, 0xFF, 0x0F, 0x00, 0x00, 0xF0, 0xFF, 0xFF, 0x00, 0x00, 0x00,
  0xFF, 0xFF, 0x0F, 0x00, 0x00, 0xF0, 0xFF, 0xFF, 0x00, 0x00, 0x00, 0xFF, 0xFF, 0x0F, 0x00, 0x00,
  0xF0, 0xFF, 0xFF, 0x00, 0x00, 0x00, 0xFF, 0xFF, 0x0F, 0x00, 0x00, 0xF0, 0xFF, 0xFF, 0x00, 0x00,
  0x00, 0xFF, 0xFF, 0x0F, 0x00, 0x00, 0xF0, 0xFF, 0xFF, 0x00, 0x00, 0x00, 0xFF, 0xFF, 0x0F, 0x00,
  0x00, 0xF0, 0xFF, 0xFF, 0x00, 0x00, 0x00, 0xFF, 0xFF, 0x0F, 0x00, 0x00, 0xF0, 0xFF, 0xFF, 0x00,
  0x00, 0x00, 0xFF, 0xFF, 0x0F, 0x00, 0x00, 0xF0, 0xFF, 0xFF, 0x00, 0x00, 0x00, 0xFF, 0xFF, 0x0F,
  0x00, 0x00, 0xF0, 0xFF, 0xFF, 0x00, 0x00, 0x00, 0xFF, 0xFF, 0x0F, 0x00, 0x00, 0xF0, 0xFF, 0xFF,
  0x00, 0x00, 0x00, 0xFF, 0xFF, 0x0F, 0x00, 0x00, 0xF0, 0xFF, 0xFF, 0x00, 0x00, 0x00, 0xFF, 0xFF,
  0x0F, 0x00, 0x00, 0xF0, 0xFF, 0xFF, 0x00, 0x00, 0x00, 0xFF, 0xFF, 0x0F, 0x00, 0x00, 0xF0, 0xFF,
  0xFF, 0x00, 0x00, 0x00, 0xFF, 0xFF, 0x0F, 0x00, 0x00, 0xF0, 0xFF, 0xFF, 0x00, 0x00, 0x00, 0xFF,
  0xFF, 0x0F, 0x00, 0x00, 0xF0, 0xFF, 0xFF, 0x00, 0x00, 0x00, 0xFF, 0xFF, 0x0F, 0x00, 0x00, 0xF0,
  0xFF, 0xFF, 0x00, 0x00, 0xE0, 0xFF, 0xEF, 0x00, 0x00, 0x00, 0x00, 0xF0, 0xFF, 0xFF, 0xDF, 0x00,
  0x00, 0x00, 0xF0, 0xFF, 0xFF, 0xFF, 0x00, 0x00, 0x00, 0xD0, 0xFF, 0xFF, 0xFF, 0x0E, 0x00, 0x00,
  0x00, 0x00, 0xFF, 0xFF, 0x0F, 0x00, 0x00, 0x00, 0x00, 0xFE, 0xFF, 0x0F, 0x00, 0x00, 0x00, 0x00,
  0xFE, 0xFF, 0x0F, 0x00, 0x00, 0x00, 0x00, 0xFE, 0xFF, 0x0F, 0x00, 0x00, 0x00, 0x00, 0xFE, 0xFF,
  0x0F, 0x00, 0x00, 0x00, 0x00, 0xFE, 0xFF, 0x0F, 0x00, 0x00, 0x00, 0x00, 0xFD, 0xFF, 0x0F, 0x00,
  0x00, 0x00, 0x00, 0xF0, 0xFF, 0xEF, 0x00, 0x00, 0x00, 0x00, 0xF0, 0xFF, 0xFF, 0xFF, 0x00, 0x00,
  0x00, 0x00, 0xFE, 0xFF, 0xFF, 0x00, 0x00, 0x00, 0x00, 0xE0, 0xFF, 0xFF, 0x00, 0x00, 0x00, 0xD0,
  0xFF, 0xFF, 0xFF, 0x00, 0x00, 0x00, 0xF0, 0xFF, 0xFF, 0x0D, 0x00, 0x00, 0x00, 0xFD, 0xFF, 0x0F,
  0x00, 0x00, 0x00, 0x00, 0xFD, 0xFF, 0x0F, 0x00, 0x00, 0x00, 0x00, 0xFE, 0xFF, 0x0F, 0x00, 0x00,
  0x00, 0x00, 0xFE, 0xFF, 0x0F, 0x00, 0x00, 0x00, 0x00, 0xFE, 0xFF, 0x0F, 0x00, 0x00, 0x00, 0x00,
  0xFE, 0xFF, 0x0F, 0x00, 0x00, 0x00, 0x00, 0xFF, 0xFF, 0x0F, 0x00, 0x00, 0xD0, 0xFF, 0xFF, 0xFF,
  0x0E, 0x00, 0x00, 0xF0, 0xFF, 0xFF, 0xFF, 0x00, 0x00, 0x00, 0xF0, 0xFF, 0xFF, 0xDF, 0x00, 0x00,
  0x00, 0xE0, 0xFF, 0xEF, 0x00, 0x00, 0x00, 0x00, 0x00, 0x00, 0xD0, 0xEE, 0x0D, 0x00, 0x00, 0x00,
  0x00, 0x00, 0x00, 0x00, 0xFF, 0xFF, 0xFF, 0x00, 0x00, 0xFE, 0xFF, 0x00, 0x00, 0xF0, 0xFF, 0xFF,
  0xFF, 0xDF, 0x00, 0xFF, 0xFF, 0x00, 0x00, 0xFD, 0xFF, 0xFF, 0xFF, 0xFF, 0xFF, 0xFF, 0xFF, 0x00,
  0x00, 0xFF, 0xFF, 0x0E, 0xFE, 0xFF, 0xFF, 0xFF, 0xEF, 0x00, 0x00, 0xFF, 0xFF, 0x00, 0xD0, 0xFF,
  0xFF, 0xFF, 0x0F, 0x00, 0x00, 0xEE, 0xEE, 0x00, 0x00, 0xF0, 0xFF, 0xFF, 0x00, 0x00, 0x00, 0x00,
  0x00, 0x00, 0x00, 0x00, 0x00, 0x00, 0x00, 0x00, 0x00, 0x00, 0x00, 0x00, 0x00, 0x00, 0x00, 0x00,
  0x00, 0x00, 0x00, 0x00, 0x00, 0x00, 0x00, 0x00, 0x00, 0x00, 0x00, 0x00, 0x00, 0x00, 0x00, 0x00,
  0x00, 0x00, 0x00, 0x00, 0x00, 0x00, 0x00, 0x00, 0x00, 0x00, 0x00, 0x00, 0x00, 0x00, 0x00, 0x00,
  0x00, 0x00, 0x00, 0x00, 0x00, 0x00, 0x00, 0x00, 0x00, 0x00,
};
static constexpr Font kMetric{kMetricGlyphs, kMetricBitmap, 30, 8, 38};
static constexpr Glyph kNavigationGlyphs[] = {
  {0, 4, 0, 0, 0, 4},
  {0, 5, 11, 0, -11, 5},
  {28, 8, 11, 0, -11, 8},
  {72, 10, 11, 0, -11, 10},
  {127, 10, 13, 0, -12, 10},
  {192, 15, 11, 0, -11, 15},
  {275, 10, 11, 0, -11, 10},
  {330, 5, 11, 0, -11, 5},
  {358, 6, 13, 0, -11, 6},
  {397, 6, 13, 0, -11, 6},
  {436, 8, 11, 0, -11, 8},
  {480, 10, 8, 0, -8, 10},
  {520, 5, 4, 0, -1, 5},
  {530, 7, 6, 0, -6, 7},
  {551, 5, 3, 0, -3, 5},
  {559, 6, 13, 0, -11, 6},
  {598, 10, 11, 0, -11, 10},
  {653, 6, 11, 0, -11, 6},
  {686, 9, 11, 0, -11, 9},
  {736, 10, 11, 0, -11, 10},
  {791, 10, 11, 0, -11, 10},
  {846, 9, 11, 0, -11, 9},
  {896, 10, 11, 0, -11, 10},
  {951, 9, 11, 0, -11, 9},
  {1001, 10, 11, 0, -11, 10},
  {1056, 10, 11, 0, -11, 10},
  {1111, 5, 9, 0, -9, 5},
  {1134, 5, 12, 0, -9, 5},
  {1164, 10, 9, 0, -9, 10},
  {1209, 10, 7, 0, -7, 10},
  {1244, 10, 9, 0, -9, 10},
  {1289, 8, 11, 0, -11, 8},
  {1333, 15, 14, 0, -11, 15},
  {1438, 11, 11, 0, -11, 11},
  {1499, 10, 11, 0, -11, 10},
  {1554, 11, 11, 0, -11, 11},
  {1615, 11, 11, 0, -11, 11},
  {1676, 9, 11, 0, -11, 9},
  {1726, 9, 11, 0, -11, 9},
  {1776, 11, 11, 0, -11, 11},
  {1837, 11, 11, 0, -11, 11},
  {1898, 4, 11, 0, -11, 4},
  {1920, 9, 11, 0, -11, 9},
  {1970, 11, 11, 0, -11, 11},
  {2031, 8, 11, 0, -11, 8},
  {2075, 14, 11, 0, -11, 14},
  {2152, 11, 11, 0, -11, 11},
  {2213, 12, 11, 0, -11, 12},
  {2279, 10, 11, 0, -11, 10},
  {2334, 12, 12, 0, -11, 12},
  {2406, 10, 11, 0, -11, 10},
  {2461, 10, 11, 0, -11, 10},
  {2516, 10, 11, 0, -11, 10},
  {2571, 11, 11, 0, -11, 11},
  {2632, 11, 11, 0, -11, 11},
  {2693, 15, 11, 0, -11, 15},
  {2776, 11, 11, 0, -11, 11},
  {2837, 11, 11, 0, -11, 11},
  {2898, 10, 11, 0, -11, 10},
  {2953, 6, 13, 0, -11, 6},
  {2992, 6, 13, 0, -11, 6},
  {3031, 6, 13, 0, -11, 6},
  {3070, 7, 11, 0, -11, 7},
  {3109, 8, 2, 0, -1, 7},
  {3117, 5, 12, 0, -12, 5},
  {3147, 9, 8, 0, -8, 9},
  {3183, 9, 11, 0, -11, 9},
  {3233, 9, 8, 0, -8, 9},
  {3269, 9, 11, 0, -11, 9},
  {3319, 9, 8, 0, -8, 9},
  {3355, 6, 11, 0, -11, 6},
  {3388, 9, 11, 0, -8, 9},
  {3438, 9, 11, 0, -11, 9},
  {3488, 4, 11, 0, -11, 4},
  {3510, 5, 14, -1, -11, 4},
  {3545, 9, 11, 0, -11, 9},
  {3595, 4, 11, 0, -11, 4},
  {3617, 14, 8, 0, -8, 14},
  {3673, 9, 8, 0, -8, 9},
  {3709, 9, 8, 0, -8, 9},
  {3745, 9, 11, 0, -8, 9},
  {3795, 9, 11, 0, -8, 9},
  {3845, 6, 9, 0, -9, 6},
  {3872, 8, 8, 0, -8, 8},
  {3904, 6, 10, 0, -10, 5},
  {3934, 9, 8, 0, -8, 9},
  {3970, 9, 8, 0, -8, 9},
  {4006, 13, 8, 0, -8, 13},
  {4058, 9, 8, 0, -8, 9},
  {4094, 9, 11, 0, -8, 9},
  {4144, 8, 8, 0, -8, 8},
  {4176, 7, 14, 0, -11, 7},
  {4225, 5, 18, 0, -15, 5},
  {4270, 7, 14, 0, -11, 7},
  {4319, 10, 6, 0, -6, 10},
};
static constexpr uint8_t kNavigationBitmap[] = {
  0xF0, 0xEF, 0x00, 0xFF, 0x0E, 0xF0, 0xEF, 0x00, 0xFF, 0x0E, 0xF0, 0xEF, 0x00, 0xFF, 0x0E, 0xF0,
  0xDF, 0x00, 0x00, 0x00, 0x00, 0x00, 0x00, 0xFF, 0x0E, 0xF0, 0xEF, 0x00, 0xE0, 0xEF, 0xFF, 0x0E,
  0xE0, 0xDF, 0xFE, 0x0D, 0xE0, 0xDF, 0xFE, 0x0D, 0xE0, 0xDF, 0xFE, 0x00, 0x00, 0x00, 0x00, 0x00,
  0x00, 0x00, 0x00, 0x00, 0x00, 0x00, 0x00, 0x00, 0x00, 0x00, 0x00, 0x00, 0x00, 0x00, 0x00, 0x00,
  0x00, 0x00, 0x00, 0x00, 0x00, 0x00, 0x00, 0x00, 0x00, 0xF0, 0x0E, 0xF0, 0x0D, 0x00, 0xF0, 0x0D,
  0xFE, 0x00, 0x00, 0xFE, 0x00, 0xFE, 0x00, 0xF0, 0xFF, 0xFF, 0xFF, 0xEF, 0xF0, 0xFF, 0xFF, 0xFF,
  0x0F, 0x00, 0xFF, 0x00, 0xFF, 0x00, 0x00, 0xFF, 0x00, 0xEF, 0x00, 0xFF, 0xFF, 0xFF, 0xFF, 0x0F,
  0xFE, 0xFF, 0xFF, 0xFF, 0x0D, 0xE0, 0x0F, 0xF0, 0x0F, 0x00, 0xF0, 0x0F, 0xF0, 0x0F, 0x00, 0x00,
  0x00, 0xEF, 0x00, 0x00, 0x00, 0xFE, 0xFF, 0xEF, 0x00, 0xE0, 0xFF, 0xFF, 0xFF, 0x0E, 0xF0, 0x0F,
  0xEF, 0xFD, 0x0F, 0xF0, 0x0F, 0xEF, 0x00, 0x00, 0xF0, 0xFF, 0xFF, 0x00, 0x00, 0x00, 0xFE, 0xFF,
  0xFF, 0x00, 0x00, 0x00, 0xFF, 0xFF, 0x0F, 0xD0, 0x00, 0xEF, 0xF0, 0x0F, 0xF0, 0x0F, 0xEF, 0xF0,
  0x0F, 0xF0, 0xFF, 0xFF, 0xFF, 0x0F, 0x00, 0xFF, 0xFF, 0xEF, 0x00, 0x00, 0x00, 0xEF, 0x00, 0x00,
  0x00, 0xFF, 0xDF, 0x00, 0x00, 0xFF, 0x00, 0x00, 0xFE, 0xFF, 0x0F, 0x00, 0xFE, 0x00, 0x00, 0xF0,
  0x0F, 0xFE, 0x00, 0xFD, 0x0D, 0x00, 0x00, 0xFE, 0xF0, 0x0F, 0xF0, 0x0F, 0x00, 0x00, 0x00, 0xFF,
  0xFF, 0xF0, 0x0F, 0x00, 0x00, 0x00, 0x00, 0xEE, 0xD0, 0xDF, 0x00, 0x00, 0x00, 0x00, 0x00, 0x00,
  0xFF, 0xD0, 0xFF, 0x0F, 0x00, 0x00, 0x00, 0xFF, 0x00, 0xFF, 0xFF, 0x0E, 0x00, 0x00, 0xFD, 0x00,
  0xF0, 0x0E, 0xFF, 0x00, 0x00, 0xF0, 0x0E, 0x00, 0xFF, 0xFF, 0x0E, 0x00, 0xF0, 0x0F, 0x00, 0xD0,
  0xFF, 0x0F, 0x00, 0x00, 0xFD, 0xFF, 0x0D, 0x00, 0x00, 0xFF, 0xFF, 0x0F, 0x00, 0xE0, 0xEF, 0xE0,
  0x0F, 0x00, 0xD0, 0xFF, 0xF0, 0x0F, 0x00, 0x00, 0xFF, 0xFF, 0x0E, 0x00, 0x00, 0xFF, 0xEF, 0x00,
  0x00, 0xF0, 0xFF, 0xFF, 0xF0, 0x0F, 0xFD, 0x0F, 0xFE, 0xFF, 0x0F, 0xFD, 0x0F, 0xE0, 0xFF, 0x0F,
  0xF0, 0xFF, 0xFF, 0xFF, 0x0F, 0x00, 0xFF, 0xFF, 0xFE, 0xEF, 0xE0, 0xEF, 0x00, 0xFE, 0x0D, 0xE0,
  0xDF, 0x00, 0xFE, 0x0D, 0x00, 0x00, 0x00, 0x00, 0x00, 0x00, 0x00, 0x00, 0x00, 0x00, 0x00, 0x00,
  0x00, 0x00, 0x00, 0x00, 0x00, 0x00, 0x00, 0xF0, 0x0F, 0x00, 0xFF, 0x0E, 0x00, 0xFF, 0x00, 0x00,
  0xFF, 0x00, 0xE0, 0xFF, 0x00, 0xF0, 0xEF, 0x00, 0xF0, 0xEF, 0x00, 0xF0, 0xEF, 0x00, 0xE0, 0xEF,
  0x00, 0xD0, 0xFF, 0x00, 0x00, 0xFF, 0x00, 0x00, 0xFF, 0x0E, 0x00, 0xF0, 0x0F, 0xFD, 0x0F, 0x00,
  0xF0, 0x0F, 0x00, 0xE0, 0xEF, 0x00, 0xD0, 0xFF, 0x00, 0x00, 0xFF, 0x00, 0x00, 0xFF, 0x00, 0x00,
  0xFF, 0x0D, 0x00, 0xFF, 0x00, 0x00, 0xFF, 0x00, 0x00, 0xFF, 0x00, 0xE0, 0xFF, 0x00, 0xF0, 0x0F,
  0x00, 0xFD, 0x0F, 0x00, 0x00, 0xF0, 0x0F, 0x00, 0xF0, 0xFF, 0xEF, 0x0F, 0xD0, 0xFF, 0xFF, 0x0E,
  0xD0, 0xFF, 0xFF, 0x0D, 0xF0, 0xFF, 0xEF, 0x0F, 0x00, 0xF0, 0x0F, 0x00, 0x00, 0x00, 0x00, 0x00,
  0x00, 0x00, 0x00, 0x00, 0x00, 0x00, 0x00, 0x00, 0x00, 0x00, 0x00, 0x00, 0x00, 0x00, 0x00, 0x00,
  0x00, 0x00, 0xFF, 0x00, 0x00, 0x00, 0x00, 0xFF, 0x00, 0x00, 0xE0, 0xFF, 0xFF, 0xFF, 0x0E, 0xF0,
  0xFF, 0xFF, 0xFF, 0x0F, 0x00, 0x00, 0xFF, 0x00, 0x00, 0x00, 0x00, 0xFF, 0x00, 0x00, 0x00, 0x00,
  0xFF, 0x00, 0x00, 0x00, 0x00, 0x00, 0x00, 0x00, 0xF0, 0xEF, 0x00, 0xFF, 0x00, 0xF0, 0x0F, 0x00,
  0xEF, 0x00, 0xE0, 0xFF, 0xEF, 0x00, 0xFF, 0xFF, 0x0F, 0x00, 0x00, 0x00, 0x00, 0x00, 0x00, 0x00,
  0x00, 0x00, 0x00, 0x00, 0x00, 0x00, 0x00, 0x00, 0x00, 0x00, 0xFF, 0x0E, 0xF0, 0xDF, 0x00, 0x00,
  0x00, 0x0F, 0x00, 0xF0, 0x0F, 0x00, 0xF0, 0x0F, 0x00, 0xF0, 0x0F, 0x00, 0xFE, 0x0D, 0x00, 0xFF,
  0x00, 0x00, 0xFF, 0x00, 0xD0, 0xEF, 0x00, 0xE0, 0x0F, 0x00, 0xF0, 0x0F, 0x00, 0xF0, 0x0F, 0x00,
  0xFE, 0x0E, 0x00, 0xFF, 0x00, 0x00, 0x00, 0xFD, 0xFF, 0x0F, 0x00, 0x00, 0xFF, 0xFF, 0xFF, 0x00,
  0xF0, 0xEF, 0x00, 0xFE, 0x0F, 0xF0, 0x0F, 0x00, 0xF0, 0x0F, 0xFD, 0x0F, 0x00, 0xF0, 0x0F, 0xFD,
  0x0F, 0x00, 0xF0, 0x0F, 0xFD, 0x0F, 0x00, 0xF0, 0x0F, 0xF0, 0x0F, 0x00, 0xF0, 0x0F, 0xF0, 0xEF,
  0x00, 0xFE, 0x0F, 0xD0, 0xFF, 0xFF, 0xFF, 0x00, 0x00, 0xFD, 0xFF, 0x0F, 0x00, 0x00, 0xFF, 0xDF,
  0xF0, 0xFF, 0xDF, 0xFE, 0xFE, 0xDF, 0x00, 0xF0, 0xDF, 0x00, 0xF0, 0xDF, 0x00, 0xF0, 0xDF, 0x00,
  0xF0, 0xDF, 0x00, 0xF0, 0xDF, 0x00, 0xF0, 0xDF, 0x00, 0xF0, 0xDF, 0x00, 0xF0, 0xDF, 0x00, 0xFE,
  0xFF, 0x0F, 0x00, 0xFE, 0xFF, 0xFF, 0x0F, 0xF0, 0x0F, 0x00, 0xFF, 0x00, 0xEE, 0x00, 0xF0, 0xDF,
  0x00, 0x00, 0x00, 0xFF, 0x00, 0x00, 0x00, 0xFF, 0x0E, 0x00, 0x00, 0xFF, 0x0F, 0x00, 0x00, 0xFF,
  0x0F, 0x00, 0x00, 0xFF, 0x0F, 0x00, 0x00, 0xFF, 0xFF, 0xFF, 0xDF, 0xF0, 0xFF, 0xFF, 0xFF, 0x0E,
  0x00, 0xFE, 0xFF, 0x0F, 0x00, 0xE0, 0xFF, 0xFF, 0xFF, 0x00, 0xF0, 0x0F, 0x00, 0xFF, 0x0D, 0x00,
  0x00, 0x00, 0xFF, 0x0E, 0x00, 0x00, 0xD0, 0xFF, 0x00, 0x00, 0xE0, 0xFF, 0x0F, 0x00, 0x00, 0xD0,
  0xFF, 0xFF, 0x00, 0x00, 0x00, 0x00, 0xFE, 0x0F, 0xF0, 0x0F, 0x00, 0xFE, 0x0F, 0xF0, 0xFF, 0xFF,
  0xFF, 0x0D, 0x00, 0xFF, 0xFF, 0xDF, 0x00, 0x00, 0x00, 0xF0, 0xFF, 0x00, 0x00, 0x00, 0xFF, 0xFF,
  0x00, 0x00, 0x00, 0xFF, 0xFF, 0x00, 0x00, 0xF0, 0xDF, 0xFF, 0x00, 0x00, 0xFE, 0x0F, 0xFF, 0x00,
  0x00, 0xFF, 0x00, 0xFF, 0x00, 0xF0, 0xEF, 0x00, 0xFF, 0x00, 0xF0, 0xFF, 0xFF, 0xFF, 0x0F, 0xFD,
  0xFF, 0xFF, 0xFF, 0xDF, 0x00, 0x00, 0x00, 0xFF, 0x00, 0x00, 0x00, 0x00, 0xFF, 0x00, 0xF0, 0xFF,
  0xFF, 0xFF, 0x00, 0xFF, 0xFF, 0xFF, 0x0E, 0xF0, 0x0F, 0x00, 0x00, 0x00, 0xFF, 0x00, 0x00, 0x00,
  0xF0, 0xFF, 0xFF, 0x0F, 0x00, 0xFF, 0xFF, 0xFF, 0x0F, 0x00, 0x00, 0x00, 0xFF, 0x0D, 0x00, 0x00,
  0xF0, 0xEF, 0xF0, 0x0F, 0x00, 0xFF, 0x0D, 0xFF, 0xFF, 0xFF, 0x0F, 0x00, 0xFF, 0xFF, 0x0F, 0x00,
  0x00, 0xF0, 0xFF, 0x0F, 0x00, 0x00, 0xFF, 0xFF, 0xFF, 0x00, 0xF0, 0xEF, 0x00, 0xFE, 0x0F, 0xF0,
  0x0F, 0x00, 0x00, 0x00, 0xF0, 0xEF, 0xFF, 0xEF, 0x00, 0xFD, 0xFF, 0xFF, 0xFF, 0x0D, 0xFD, 0xDF,
  0x00, 0xFE, 0x0F, 0xF0, 0x0F, 0x00, 0xF0, 0x0F, 0xF0, 0xDF, 0x00, 0xFE, 0x0F, 0xD0, 0xFF, 0xFF,
  0xFF, 0x00, 0x00, 0xFD, 0xFF, 0x0F, 0x00, 0xFE, 0xFF, 0xFF, 0xFF, 0xD0, 0xFF, 0xFF, 0xFF, 0x0F,
  0x00, 0x00, 0xE0, 0xFF, 0x00, 0x00, 0x00, 0xFF, 0x00, 0x00, 0x00, 0xFE, 0x0F, 0x00, 0x00, 0xF0,
  0x0F, 0x00, 0x00, 0xE0, 0xFF, 0x00, 0x00, 0x00, 0xFF, 0x00, 0x00, 0x00, 0xFE, 0x0F, 0x00, 0x00,
  0xF0, 0x0F, 0x00, 0x00, 0xE0, 0xFF, 0x00, 0x00, 0x00, 0x00, 0xFE, 0xFF, 0x0F, 0x00, 0xE0, 0xFF,
  0xFF, 0xFF, 0x00, 0xF0, 0xDF, 0x00, 0xFF, 0x0E, 0xF0, 0xDF, 0x00, 0xFF, 0x0D, 0x00, 0xFF, 0xFF,
  0xFF, 0x00, 0x00, 0xFF, 0xFF, 0xEF, 0x00, 0xF0, 0xEF, 0x00, 0xFF, 0x0E, 0xFD, 0x0F, 0x00, 0xFD,
  0x0F, 0xF0, 0x0F, 0x00, 0xFE, 0x0F, 0xF0, 0xFF, 0xFF, 0xFF, 0x0D, 0x00, 0xFE, 0xFF, 0xDF, 0x00,
  0x00, 0xFE, 0xFF, 0x0F, 0x00, 0xE0, 0xFF, 0xFF, 0xFF, 0x00, 0xF0, 0x0F, 0x00, 0xFF, 0x0E, 0xFD,
  0x0F, 0x00, 0xFD, 0x0F, 0xF0, 0x0F, 0x00, 0xFE, 0x0F, 0xF0, 0xEF, 0xD0, 0xFF, 0x0F, 0xD0, 0xFF,
  0xFF, 0xFF, 0x0F, 0x00, 0xE0, 0xDE, 0xFD, 0x0F, 0xF0, 0x0F, 0x00, 0xFF, 0x0D, 0xF0, 0xFF, 0xFF,
  0xFF, 0x00, 0x00, 0xFE, 0xFF, 0x0E, 0x00, 0x00, 0x00, 0x00, 0xFF, 0x0E, 0xF0, 0xDF, 0x00, 0x00,
  0x00, 0x00, 0x00, 0x00, 0x00, 0x00, 0x00, 0x00, 0x00, 0xFF, 0x0E, 0xF0, 0xDF, 0x00, 0x00, 0x00,
  0x00, 0xFE, 0x0F, 0xE0, 0xEF, 0x00, 0x00, 0x00, 0x00, 0x00, 0x00, 0x00, 0x00, 0x00, 0x00, 0x00,
  0x00, 0x00, 0xF0, 0xEF, 0x00, 0xFF, 0x00, 0xF0, 0x0F, 0x00, 0xEF, 0x00, 0x00, 0x00, 0x00, 0x00,
  0x00, 0x00, 0x00, 0x00, 0xFF, 0x0F, 0x00, 0x00, 0xFF, 0xFF, 0x0D, 0xD0, 0xFF, 0xFF, 0x0D, 0x00,
  0xF0, 0xFF, 0x00, 0x00, 0x00, 0xE0, 0xFF, 0xEF, 0x00, 0x00, 0x00, 0xE0, 0xFF, 0xFF, 0x00, 0x00,
  0x00, 0xE0, 0xFF, 0x0F, 0x00, 0x00, 0x00, 0xE0, 0x0E, 0xE0, 0xFF, 0xFF, 0xFF, 0x0F, 0xD0, 0xFF,
  0xFF, 0xFF, 0x0D, 0x00, 0x00, 0x00, 0x00, 0x00, 0xD0, 0xFF, 0xFF, 0xFF, 0x0D, 0xE0, 0xFF, 0xFF,
  0xFF, 0x0F, 0x00, 0x00, 0x00, 0x00, 0x00, 0x00, 0x00, 0x00, 0x00, 0x00, 0x00, 0x00, 0x00, 0x00,
  0x00, 0xE0, 0xFF, 0x00, 0x00, 0x00, 0xD0, 0xFF, 0xFF, 0x00, 0x00, 0x00, 0xD0, 0xFF, 0xFF, 0x0D,
  0x00, 0x00, 0x00, 0xFF, 0x0F, 0x00, 0x00, 0xFE, 0xFF, 0x0F, 0x00, 0xFE, 0xFF, 0x0F, 0x00, 0xE0,
  0xFF, 0x0E, 0x00, 0x00, 0xD0, 0x0E, 0x00, 0x00, 0x00, 0x00, 0xFF, 0xFF, 0x00, 0xF0, 0xFF, 0xFF,
  0x0F, 0xFE, 0x0F, 0xF0, 0xEF, 0x00, 0x00, 0xF0, 0xEF, 0x00, 0x00, 0xFF, 0x0F, 0x00, 0xF0, 0xFF,
  0x00, 0x00, 0xF0, 0x0F, 0x00, 0x00, 0xF0, 0x0E, 0x00, 0x00, 0x00, 0x00, 0x00, 0x00, 0xFE, 0x0F,
  0x00, 0x00, 0xFD, 0x0F, 0x00, 0x00, 0x00, 0xFE, 0xFF, 0xFF, 0x0E, 0x00, 0x00, 0x00, 0xFF, 0xFF,
  0xFF, 0xFF, 0x0F, 0x00, 0x00, 0xFF, 0x0E, 0x00, 0x00, 0xFD, 0x0F, 0x00, 0xFE, 0x0E, 0x00, 0x00,
  0x00, 0xFD, 0x0F, 0xF0, 0x0F, 0xE0, 0xFF, 0xFF, 0x0F, 0xFF, 0x00, 0xFF, 0xE0, 0xFF, 0xFF, 0xFF,
  0xE0, 0x0F, 0xFD, 0x0E, 0xFF, 0x00, 0xF0, 0x0F, 0xFE, 0xDD, 0xEF, 0xF0, 0x0F, 0x00, 0xFF, 0xE0,
  0x0F, 0xF0, 0x0F, 0xFF, 0x00, 0xF0, 0x0F, 0xFF, 0x00, 0xFF, 0xE0, 0xFF, 0xFF, 0xFF, 0xFF, 0x0F,
  0xF0, 0xEF, 0xE0, 0xFF, 0x0F, 0xFF, 0x0F, 0x00, 0xF0, 0xEF, 0x00, 0x00, 0x00, 0x00, 0x00, 0x00,
  0xF0, 0xFF, 0xFF, 0xFF, 0x0F, 0x00, 0x00, 0x00, 0xE0, 0xFF, 0xFF, 0xFF, 0x00, 0x00, 0x00, 0x00,
  0xFF, 0x0F, 0x00, 0x00, 0x00, 0xFE, 0xFF, 0x00, 0x00, 0x00, 0xF0, 0xFF, 0xFF, 0x00, 0x00, 0x00,
  0xFF, 0xF0, 0x0F, 0x00, 0x00, 0xFE, 0x0F, 0xFF, 0x0D, 0x00, 0xF0, 0xEF, 0xF0, 0xFF, 0x00, 0x00,
  0xFF, 0x00, 0xFD, 0x0F, 0x00, 0xFE, 0xFF, 0xFF, 0xFF, 0x0D, 0xF0, 0xFF, 0xFF, 0xFF, 0xFF, 0x00,
  0xFF, 0x00, 0x00, 0xF0, 0x0F, 0xFE, 0x0F, 0x00, 0x00, 0xFF, 0x0E, 0xF0, 0xFF, 0xFF, 0xEF, 0x00,
  0xF0, 0xFF, 0xFF, 0xFF, 0x0E, 0xF0, 0x0F, 0x00, 0xFE, 0x0F, 0xF0, 0x0F, 0x00, 0xFD, 0x0F, 0xF0,
  0x0F, 0x00, 0xFF, 0x0E, 0xF0, 0xFF, 0xFF, 0xEF, 0x00, 0xF0, 0xFF, 0xFF, 0xFF, 0x0F, 0xF0, 0x0F,
  0x00, 0xF0, 0x0F, 0xF0, 0x0F, 0x00, 0xF0, 0x0F, 0xF0, 0xFF, 0xFF, 0xFF, 0x0F, 0xF0, 0xFF, 0xFF,
  0xFF, 0x00, 0x00, 0xE0, 0xFF, 0xFF, 0x0D, 0x00, 0xF0, 0xFF, 0xFF, 0xFF, 0x0E, 0xF0, 0xFF, 0x00,
  0xD0, 0xFF, 0x00, 0xFF, 0x00, 0x00, 0xE0, 0x0F, 0xF0, 0x0F, 0x00, 0x00, 0x00, 0xD0, 0xFF, 0x00,
  0x00, 0x00, 0x00, 0xF0, 0x0F, 0x00, 0x00, 0x00, 0x00, 0xFF, 0x00, 0x00, 0xE0, 0x0F, 0xF0, 0xFF,
  0x00, 0x00, 0xFF, 0x00, 0xF0, 0xFF, 0xFF, 0xFF, 0x0E, 0x00, 0xE0, 0xFF, 0xFF, 0x0D, 0x00, 0xF0,
  0xFF, 0xFF, 0xEF, 0x00, 0x00, 0xFF, 0xFF, 0xFF, 0xFF, 0x00, 0xF0, 0x0F, 0x00, 0xF0, 0xEF, 0x00,
  0xFF, 0x00, 0x00, 0xFD, 0x0F, 0xF0, 0x0F, 0x00, 0x00, 0xFF, 0x00, 0xFF, 0x00, 0x00, 0xF0, 0x0F,
  0xF0, 0x0F, 0x00, 0x00, 0xFF, 0x00, 0xFF, 0x00, 0x00, 0xFD, 0x0F, 0xF0, 0x0F, 0x00, 0xF0, 0xEF,
  0x00, 0xFF, 0xFF, 0xFF, 0xFF, 0x00, 0xF0, 0xFF, 0xFF, 0xEF, 0x00, 0x00, 0xF0, 0xFF, 0xFF, 0xFF,
  0x0D, 0xFF, 0xFF, 0xFF, 0x0F, 0xF0, 0x0F, 0x00, 0x00, 0x00, 0xFF, 0x00, 0x00, 0x00, 0xF0, 0x0F,
  0x00, 0x00, 0x00, 0xFF, 0xFF, 0xFF, 0x0F, 0xF0, 0xFF, 0xFF, 0xEF, 0x00, 0xFF, 0x00, 0x00, 0x00,
  0xF0, 0x0F, 0x00, 0x00, 0x00, 0xFF, 0xFF, 0xFF, 0x0F, 0xF0, 0xFF, 0xFF, 0xFF, 0x0D, 0xF0, 0xFF,
  0xFF, 0xFF, 0x00, 0xFF, 0xFF, 0xFF, 0x0F, 0xF0, 0x0F, 0x00, 0x00, 0x00, 0xFF, 0x00, 0x00, 0x00,
  0xF0, 0x0F, 0x00, 0x00, 0x00, 0xFF, 0xFF, 0xFF, 0x0F, 0xF0, 0xFF, 0xFF, 0xDF, 0x00, 0xFF, 0x00,
  0x00, 0x00, 0xF0, 0x0F, 0x00, 0x00, 0x00, 0xFF, 0x00, 0x00, 0x00, 0xF0, 0x0F, 0x00, 0x00, 0x00,
  0x00, 0xE0, 0xFF, 0xFF, 0x0D, 0x00, 0xF0, 0xFF, 0xFF, 0xFF, 0x0E, 0xF0, 0xFF, 0x00, 0xD0, 0xFF,
  0x00, 0xFF, 0x00, 0x00, 0xE0, 0x0F, 0xF0, 0x0F, 0x00, 0x00, 0x00, 0xD0, 0xFF, 0x00, 0xE0, 0xFF,
  0xDF, 0xF0, 0x0F, 0x00, 0xFF, 0xFF, 0x0E, 0xFF, 0x00, 0x00, 0xF0, 0xEF, 0xF0, 0xFF, 0x00, 0x00,
  0xFF, 0x00, 0xF0, 0xFF, 0xFF, 0xFF, 0x0E, 0x00, 0xE0, 0xFF, 0xFF, 0x0D, 0x00, 0xF0, 0x0F, 0x00,
  0x00, 0xFF, 0x00, 0xFF, 0x00, 0x00, 0xF0, 0x0F, 0xF0, 0x0F, 0x00, 0x00, 0xFF, 0x00, 0xFF, 0x00,
  0x00, 0xF0, 0x0F, 0xF0, 0x0F, 0x00, 0x00, 0xFF, 0x00, 0xFF, 0xFF, 0xFF, 0xFF, 0x0F, 0xF0, 0xFF,
  0xFF, 0xFF, 0xFF, 0x00, 0xFF, 0x00, 0x00, 0xF0, 0x0F, 0xF0, 0x0F, 0x00, 0x00, 0xFF, 0x00, 0xFF,
  0x00, 0x00, 0xF0, 0x0F, 0xF0, 0x0F, 0x00, 0x00, 0xFF, 0x00, 0xF0, 0x0F, 0xF0, 0x0F, 0xF0, 0x0F,
  0xF0, 0x0F, 0xF0, 0x0F, 0xF0, 0x0F, 0xF0, 0x0F, 0xF0, 0x0F, 0xF0, 0x0F, 0xF0, 0x0F, 0xF0, 0x0F,
  0x00, 0x00, 0xE0, 0xFF, 0x00, 0x00, 0x00, 0xFE, 0x0F, 0x00, 0x00, 0xE0, 0xFF, 0x00, 0x00, 0x00,
  0xFE, 0x0F, 0x00, 0x00, 0xE0, 0xFF, 0x00, 0x00, 0x00, 0xFE, 0x0F, 0x00, 0x00, 0xE0, 0xFF, 0xE0,
  0xEF, 0x00, 0xFE, 0x0F, 0xFD, 0x0F, 0xF0, 0xEF, 0x00, 0xFF, 0xFF, 0xFF, 0x00, 0x00, 0xFF, 0xFF,
  0x0D, 0x00, 0xF0, 0x0F, 0x00, 0xF0, 0xFF, 0x00, 0xFF, 0x00, 0xF0, 0xFF, 0x00, 0xF0, 0x0F, 0xE0,
  0xFF, 0x00, 0x00, 0xFF, 0xE0, 0xFF, 0x00, 0x00, 0xF0, 0xDF, 0xFF, 0x0D, 0x00, 0x00, 0xFF, 0xFF,
  0xEF, 0x00, 0x00, 0xF0, 0xFF, 0xFE, 0x0F, 0x00, 0x00, 0xFF, 0x0D, 0xFF, 0x0F, 0x00, 0xF0, 0x0F,
  0x00, 0xFF, 0x0E, 0x00, 0xFF, 0x00, 0xD0, 0xFF, 0x00, 0xF0, 0x0F, 0x00, 0xE0, 0xFF, 0x00, 0xF0,
  0x0F, 0x00, 0x00, 0xF0, 0x0F, 0x00, 0x00, 0xF0, 0x0F, 0x00, 0x00, 0xF0, 0x0F, 0x00, 0x00, 0xF0,
  0x0F, 0x00, 0x00, 0xF0, 0x0F, 0x00, 0x00, 0xF0, 0x0F, 0x00, 0x00, 0xF0, 0x0F, 0x00, 0x00, 0xF0,
  0x0F, 0x00, 0x00, 0xF0, 0xFF, 0xFF, 0xFF, 0xF0, 0xFF, 0xFF, 0xFF, 0xF0, 0xFF, 0x0D, 0x00, 0xE0,
  0xFF, 0x0F, 0xF0, 0xFF, 0x0F, 0x00, 0xF0, 0xFF, 0x0F, 0xF0, 0xFF, 0x0F, 0x00, 0xF0, 0xFF, 0x0F,
  0xF0, 0xFF, 0xDF, 0x00, 0xFE, 0xFF, 0x0F, 0xF0, 0xDF, 0xFF, 0x00, 0xFF, 0xFD, 0x0F, 0xF0, 0x0F,
  0xFF, 0xD0, 0xFF, 0xFD, 0x0F, 0xF0, 0x0F, 0xFF, 0xEE, 0xEF, 0xFD, 0x0F, 0xF0, 0x0F, 0xFD, 0xFF,
  0x0F, 0xFD, 0x0F, 0xF0, 0x0F, 0xF0, 0xFF, 0x0F, 0xFD, 0x0F, 0xF0, 0x0F, 0xE0, 0xFF, 0x0D, 0xFD,
  0x0F, 0xF0, 0x0F, 0x00, 0xFF, 0x00, 0xFD, 0x0F, 0xF0, 0xFF, 0x00, 0x00, 0xFF, 0x0D, 0xFF, 0xDF,
  0x00, 0xF0, 0xDF, 0xF0, 0xFF, 0x0F, 0x00, 0xFF, 0x0D, 0xFF, 0xFF, 0x0E, 0xF0, 0xDF, 0xF0, 0x0F,
  0xFF, 0x00, 0xFF, 0x0D, 0xFF, 0xE0, 0xFF, 0xF0, 0xDF, 0xF0, 0x0F, 0xF0, 0xEF, 0xFF, 0x0D, 0xFF,
  0x00, 0xF0, 0xFF, 0xDF, 0xF0, 0x0F, 0x00, 0xFF, 0xFF, 0x0D, 0xFF, 0x00, 0x00, 0xFF, 0xDF, 0xF0,
  0x0F, 0x00, 0xD0, 0xFF, 0x0D, 0x00, 0xE0, 0xFF, 0xFF, 0x0D, 0x00, 0x00, 0xFF, 0xFF, 0xFF, 0xEF,
  0x00, 0xF0, 0xFF, 0x00, 0x00, 0xFF, 0x00, 0xF0, 0x0F, 0x00, 0x00, 0xFF, 0x0E, 0xF0, 0x0F, 0x00,
  0x00, 0xFE, 0x0F, 0xFD, 0x0F, 0x00, 0x00, 0xFD, 0x0F, 0xF0, 0x0F, 0x00, 0x00, 0xFE, 0x0F, 0xF0,
  0x0F, 0x00, 0x00, 0xFF, 0x0E, 0xF0, 0xFF, 0x00, 0x00, 0xFF, 0x00, 0x00, 0xFF, 0xFF, 0xFF, 0xEF,
  0x00, 0x00, 0xE0, 0xFF, 0xFF, 0x0D, 0x00, 0xF0, 0xFF, 0xFF, 0xEF, 0x00, 0xF0, 0xFF, 0xFF, 0xFF,
  0x0E, 0xF0, 0x0F, 0x00, 0xFD, 0x0F, 0xF0, 0x0F, 0x00, 0xF0, 0x0F, 0xF0, 0x0F, 0x00, 0xF0, 0x0F,
  0xF0, 0x0F, 0x00, 0xFF, 0x0F, 0xF0, 0xFF, 0xFF, 0xFF, 0x00, 0xF0, 0xFF, 0xEF, 0x0D, 0x00, 0xF0,
  0x0F, 0x00, 0x00, 0x00, 0xF0, 0x0F, 0x00, 0x00, 0x00, 0xF0, 0x0F, 0x00, 0x00, 0x00, 0x00, 0xE0,
  0xFF, 0xFF, 0x0D, 0x00, 0x00, 0xFF, 0xFF, 0xFF, 0xEF, 0x00, 0xF0, 0xFF, 0x00, 0xE0, 0xFF, 0x00,
  0xF0, 0x0F, 0x00, 0x00, 0xFF, 0x0E, 0xF0, 0x0F, 0x00, 0x00, 0xFE, 0x0F, 0xFD, 0x0F, 0x00, 0x00,
  0xFD, 0x0F, 0xF0, 0x0F, 0x00, 0x00, 0xFE, 0x0F, 0xF0, 0x0F, 0xE0, 0x0F, 0xFF, 0x0E, 0xF0, 0xFF,
  0x00, 0xFF, 0xFF, 0x00, 0x00, 0xFF, 0xFF, 0xFF, 0xEF, 0x00, 0x00, 0xE0, 0xFF, 0xFF, 0xEF, 0x00,
  0x00, 0x00, 0x00, 0x00, 0xFF, 0x00, 0xF0, 0xFF, 0xFF, 0xEF, 0x00, 0xF0, 0xFF, 0xFF, 0xFF, 0x0E,
  0xF0, 0x0F, 0x00, 0xFD, 0x0F, 0xF0, 0x0F, 0x00, 0xF0, 0x0F, 0xF0, 0x0F, 0x00, 0xFD, 0x0F, 0xF0,
  0xFF, 0xFF, 0xFF, 0x0E, 0xF0, 0xFF, 0xFF, 0xEF, 0x00, 0xF0, 0x0F, 0xF0, 0xFF, 0x00, 0xF0, 0x0F,
  0x00, 0xFF, 0x00, 0xF0, 0x0F, 0x00, 0xFF, 0x0F, 0xF0, 0x0F, 0x00, 0xF0, 0x0F, 0x00, 0xFE, 0xFF,
  0xEF, 0x00, 0xE0, 0xFF, 0xFF, 0xFF, 0x0E, 0xF0, 0x0F, 0x00, 0xF0, 0x0F, 0xF0, 0xDF, 0x00, 0x00,
  0x00, 0xF0, 0xFF, 0xEF, 0x00, 0x00, 0x00, 0xFF, 0xFF, 0xFF, 0x00, 0x00, 0x00, 0xFD, 0xFF, 0x0F,
  0xD0, 0x00, 0x00, 0xF0, 0x0F, 0xF0, 0x0F, 0x00, 0xF0, 0x0F, 0xF0, 0xFF, 0xFF, 0xFF, 0x0E, 0x00,
  0xFE, 0xFF, 0xEF, 0x00, 0xFE, 0xFF, 0xFF, 0xFF, 0xDF, 0xFD, 0xFF, 0xFF, 0xFF, 0x0F, 0x00, 0x00,
  0xFF, 0x00, 0x00, 0x00, 0x00, 0xFF, 0x00, 0x00, 0x00, 0x00, 0xFF, 0x00, 0x00, 0x00, 0x00, 0xFF,
  0x00, 0x00, 0x00, 0x00, 0xFF, 0x00, 0x00, 0x00, 0x00, 0xFF, 0x00, 0x00, 0x00, 0x00, 0xFF, 0x00,
  0x00, 0x00, 0x00, 0xFF, 0x00, 0x00, 0x00, 0x00, 0xFF, 0x00, 0x00, 0xF0, 0x0F, 0x00, 0x00, 0xFF,
  0x00, 0xFF, 0x00, 0x00, 0xF0, 0x0F, 0xF0, 0x0F, 0x00, 0x00, 0xFF, 0x00, 0xFF, 0x00, 0x00, 0xF0,
  0x0F, 0xF0, 0x0F, 0x00, 0x00, 0xFF, 0x00, 0xFF, 0x00, 0x00, 0xF0, 0x0F, 0xF0, 0x0F, 0x00, 0x00,
  0xFF, 0x00, 0xFF, 0x00, 0x00, 0xF0, 0x0F, 0xF0, 0xFF, 0x00, 0xE0, 0xFF, 0x00, 0xF0, 0xFF, 0xFF,
  0xFF, 0x00, 0x00, 0xF0, 0xFF, 0xFF, 0x00, 0x00, 0xFE, 0x0F, 0x00, 0x00, 0xFF, 0x0E, 0xFF, 0x00,
  0x00, 0xF0, 0x0F, 0xF0, 0xEF, 0x00, 0xE0, 0xFF, 0x00, 0xFE, 0x0F, 0x00, 0xFF, 0x0E, 0x00, 0xFF,
  0x00, 0xF0, 0x0F, 0x00, 0xF0, 0xEF, 0xE0, 0xFF, 0x00, 0x00, 0xFE, 0x0F, 0xFF, 0x0D, 0x00, 0x00,
  0xFF, 0xF0, 0x0F, 0x00, 0x00, 0xF0, 0xEF, 0xFF, 0x00, 0x00, 0x00, 0xFD, 0xFF, 0x0D, 0x00, 0x00,
  0x00, 0xFF, 0x0F, 0x00, 0x00, 0xFF, 0x0F, 0x00, 0xFF, 0x0F, 0x00, 0xFD, 0xDF, 0xFF, 0x00, 0xF0,
  0xFF, 0x00, 0xF0, 0xFF, 0xF0, 0x0F, 0x00, 0xFF, 0xEF, 0x00, 0xFF, 0x0D, 0xFF, 0x0E, 0xFD, 0xFF,
  0x0F, 0xF0, 0x0F, 0xE0, 0xFF, 0xF0, 0xDF, 0xFF, 0xD0, 0xFF, 0x00, 0xF0, 0x0F, 0xFF, 0xF0, 0x0F,
  0xFF, 0x0E, 0x00, 0xFF, 0xF0, 0x0F, 0xFE, 0xFD, 0xDF, 0x00, 0xF0, 0xEF, 0xEF, 0xD0, 0xFF, 0xFF,
  0x00, 0x00, 0xFE, 0xFF, 0x0D, 0xF0, 0xFF, 0x0F, 0x00, 0x00, 0xFF, 0x0F, 0x00, 0xFF, 0xEF, 0x00,
  0x00, 0xF0, 0xFF, 0x00, 0xE0, 0xFF, 0x00, 0x00, 0xF0, 0xDF, 0x00, 0xE0, 0xFF, 0x00, 0xFD, 0x0F,
  0x00, 0xFF, 0x00, 0x00, 0xFF, 0x0F, 0xFF, 0x0E, 0x00, 0x00, 0xFF, 0xFE, 0x0F, 0x00, 0x00, 0xD0,
  0xFF, 0x0F, 0x00, 0x00, 0x00, 0xF0, 0xFF, 0x00, 0x00, 0x00, 0xE0, 0xFF, 0xEF, 0x00, 0x00, 0x00,
  0xFF, 0xFD, 0x0F, 0x00, 0x00, 0xFF, 0x0E, 0xFF, 0x0F, 0x00, 0xFF, 0x0F, 0x00, 0xFF, 0x0E, 0xFD,
  0x0F, 0x00, 0xD0, 0xFF, 0x00, 0xFE, 0x0F, 0x00, 0xD0, 0xFF, 0x00, 0xFF, 0x0E, 0x00, 0xFF, 0x0E,
  0x00, 0xFF, 0x00, 0xFD, 0x0F, 0x00, 0xF0, 0xFF, 0xF0, 0xDF, 0x00, 0x00, 0xF0, 0xEF, 0xFF, 0x00,
  0x00, 0x00, 0xFE, 0xFF, 0x00, 0x00, 0x00, 0x00, 0xFF, 0x0F, 0x00, 0x00, 0x00, 0xF0, 0xEF, 0x00,
  0x00, 0x00, 0x00, 0xFF, 0x0E, 0x00, 0x00, 0x00, 0xF0, 0xEF, 0x00, 0x00, 0x00, 0x00, 0xFF, 0x0E,
  0x00, 0x00, 0xF0, 0xFF, 0xFF, 0xFF, 0x0F, 0xF0, 0xFF, 0xFF, 0xFF, 0x0F, 0x00, 0x00, 0x00, 0xFF,
  0x00, 0x00, 0x00, 0xF0, 0xEF, 0x00, 0x00, 0x00, 0xFF, 0x0F, 0x00, 0x00, 0xD0, 0xFF, 0x00, 0x00,
  0x00, 0xF0, 0xDF, 0x00, 0x00, 0x00, 0xFF, 0x0F, 0x00, 0x00, 0xD0, 0xFF, 0x00, 0x00, 0x00, 0xF0,
  0xFF, 0xFF, 0xFF, 0x0E, 0xF0, 0xFF, 0xFF, 0xFF, 0x0F, 0xF0, 0xFF, 0x0F, 0xF0, 0xFF, 0x0E, 0xF0,
  0xDF, 0x00, 0xF0, 0xDF, 0x00, 0xF0, 0xDF, 0x00, 0xF0, 0xDF, 0x00, 0xF0, 0xDF, 0x00, 0xF0, 0xDF,
  0x00, 0xF0, 0xDF, 0x00, 0xF0, 0xDF, 0x00, 0xF0, 0xDF, 0x00, 0xF0, 0xFF, 0x0E, 0xF0, 0xFF, 0x0F,
  0xEE, 0x00, 0x00, 0xFE, 0x0D, 0x00, 0xFD, 0x0E, 0x00, 0xF0, 0x0F, 0x00, 0xF0, 0x0F, 0x00, 0xE0,
  0xEF, 0x00, 0x00, 0xFF, 0x00, 0x00, 0xFF, 0x00, 0x00, 0xFF, 0x00, 0x00, 0xFD, 0x0E, 0x00, 0xF0,
  0x0F, 0x00, 0xF0, 0x0F, 0x00, 0xE0, 0xDF, 0xFD, 0xFF, 0x00, 0xF0, 0xFF, 0x00, 0x00, 0xFF, 0x00,
  0x00, 0xFF, 0x00, 0x00, 0xFF, 0x00, 0x00, 0xFF, 0x00, 0x00, 0xFF, 0x00, 0x00, 0xFF, 0x00, 0x00,
  0xFF, 0x00, 0x00, 0xFF, 0x00, 0x00, 0xFF, 0x00, 0xF0, 0xFF, 0x00, 0xFD, 0xFF, 0x00, 0x00, 0xF0,
  0x0D, 0x00, 0xF0, 0xFF, 0x00, 0xD0, 0xEF, 0xEF, 0x00, 0xFF, 0xF0, 0x0F, 0xFD, 0x0E, 0xF0, 0x0E,
  0x00, 0x00, 0x00, 0x00, 0x00, 0x00, 0x00, 0x00, 0x00, 0x00, 0x00, 0x00, 0x00, 0x00, 0x00, 0x00,
  0x00, 0x00, 0x00, 0x00, 0x00, 0xFF, 0xFF, 0xFF, 0x0F, 0xFF, 0xFF, 0xFF, 0x0F, 0x00, 0x00, 0x00,
  0xFE, 0x0D, 0x00, 0xFF, 0x00, 0x00, 0x00, 0x00, 0x00, 0x00, 0x00, 0x00, 0x00, 0x00, 0x00, 0x00,
  0x00, 0x00, 0x00, 0x00, 0x00, 0x00, 0x00, 0x00, 0x00, 0x00, 0x00, 0x00, 0xFF, 0xFF, 0x0E, 0x00,
  0xFF, 0xFF, 0xFF, 0x0D, 0xD0, 0x0D, 0xE0, 0xFF, 0x00, 0xE0, 0xFF, 0xFF, 0x0F, 0xF0, 0xFF, 0xEE,
  0xFF, 0xE0, 0xEF, 0x00, 0xFE, 0x0F, 0xFD, 0xFF, 0xFF, 0xFF, 0x00, 0xFE, 0xFF, 0xFE, 0x0F, 0xF0,
  0x0F, 0x00, 0x00, 0x00, 0xFF, 0x00, 0x00, 0x00, 0xF0, 0x0F, 0x00, 0x00, 0x00, 0xFF, 0xFD, 0xFF,
  0x0D, 0xF0, 0xFF, 0xFF, 0xFF, 0x00, 0xFF, 0x0D, 0xF0, 0xEF, 0xF0, 0x0F, 0x00, 0xFD, 0x0F, 0xFF,
  0x00, 0xD0, 0xFF, 0xF0, 0xDF, 0x00, 0xFF, 0x0E, 0xFF, 0xFF, 0xFF, 0x0F, 0xF0, 0xDF, 0xFF, 0xDF,
  0x00, 0x00, 0xFE, 0xFF, 0x0F, 0x00, 0xFF, 0xFF, 0xFF, 0x0F, 0xF0, 0x0F, 0x00, 0xFF, 0xD0, 0xFF,
  0x00, 0x00, 0x00, 0xFD, 0x0F, 0x00, 0x00, 0x00, 0xFF, 0x00, 0xF0, 0x0F, 0xF0, 0xFF, 0xFF, 0xFF,
  0x00, 0xE0, 0xFF, 0xFF, 0x00, 0x00, 0x00, 0x00, 0xFF, 0x0E, 0x00, 0x00, 0xF0, 0xEF, 0x00, 0x00,
  0x00, 0xFF, 0x0E, 0xF0, 0xFF, 0xFF, 0xEF, 0xF0, 0xFF, 0xFF, 0xFF, 0x0E, 0xFF, 0x00, 0xF0, 0xEF,
  0xFD, 0x0F, 0x00, 0xFF, 0xDE, 0xFF, 0x00, 0xF0, 0xEF, 0xF0, 0x0F, 0x00, 0xFF, 0x0E, 0xFF, 0xFF,
  0xFF, 0xEF, 0x00, 0xFF, 0xFF, 0xFF, 0x0E, 0x00, 0xFE, 0xFF, 0x0E, 0x00, 0xFF, 0xFF, 0xFF, 0x0F,
  0xF0, 0x0F, 0x00, 0xFF, 0xD0, 0xFF, 0xFF, 0xFF, 0xDF, 0xFD, 0xFF, 0xFF, 0xFF, 0x00, 0xFF, 0x00,
  0xD0, 0x0D, 0xF0, 0xFF, 0xFF, 0xFF, 0x00, 0xE0, 0xFF, 0xFF, 0x00, 0x00, 0xFE, 0xEF, 0xD0, 0xFF,
  0xDF, 0xE0, 0xFF, 0x00, 0xFF, 0xFF, 0xEF, 0xFE, 0xFF, 0x0F, 0xE0, 0xFF, 0x00, 0xE0, 0xFF, 0x00,
  0xE0, 0xFF, 0x00, 0xE0, 0xFF, 0x00, 0xE0, 0xFF, 0x00, 0xE0, 0xFF, 0x00, 0x00, 0xFF, 0xFF, 0xFF,
  0x0E, 0xFF, 0xFF, 0xFF, 0xEF, 0xF0, 0x0F, 0x00, 0xFF, 0xDE, 0xFF, 0x00, 0xF0, 0xEF, 0xFD, 0x0F,
  0x00, 0xFF, 0x0E, 0xFF, 0x00, 0xF0, 0xEF, 0xF0, 0xFF, 0xFF, 0xFF, 0x0E, 0xF0, 0xFF, 0xFF, 0xEF,
  0x00, 0x00, 0x00, 0xFF, 0x0D, 0xFF, 0xFF, 0xFF, 0x0F, 0x00, 0xFF, 0xFF, 0x0F, 0x00, 0xF0, 0x0F,
  0x00, 0x00, 0x00, 0xFF, 0x00, 0x00, 0x00, 0xF0, 0x0F, 0x00, 0x00, 0x00, 0xFF, 0xFD, 0xFF, 0x00,
  0xF0, 0xFF, 0xFF, 0xFF, 0x00, 0xFF, 0x00, 0xF0, 0x0F, 0xF0, 0x0F, 0x00, 0xFF, 0x00, 0xFF, 0x00,
  0xF0, 0x0F, 0xF0, 0x0F, 0x00, 0xFF, 0x00, 0xFF, 0x00, 0xF0, 0x0F, 0xF0, 0x0F, 0x00, 0xFF, 0x00,
  0xE0, 0x0E, 0xF0, 0x0F, 0x00, 0x00, 0xF0, 0x0F, 0xF0, 0x0F, 0xF0, 0x0F, 0xF0, 0x0F, 0xF0, 0x0F,
  0xF0, 0x0F, 0xF0, 0x0F, 0xF0, 0x0F, 0x00, 0xEE, 0x00, 0xF0, 0x0F, 0x00, 0x00, 0x00, 0xF0, 0x0F,
  0x00, 0xFF, 0x00, 0xF0, 0x0F, 0x00, 0xFF, 0x00, 0xF0, 0x0F, 0x00, 0xFF, 0x00, 0xF0, 0x0F, 0x00,
  0xFF, 0x00, 0xF0, 0x0F, 0xF0, 0xFF, 0xE0, 0xFF, 0x00, 0xF0, 0x0F, 0x00, 0x00, 0x00, 0xFF, 0x00,
  0x00, 0x00, 0xF0, 0x0F, 0x00, 0x00, 0x00, 0xFF, 0x00, 0xFE, 0x0F, 0xF0, 0x0F, 0xFE, 0x0F, 0x00,
  0xFF, 0xFD, 0x0F, 0x00, 0xF0, 0xFF, 0xDF, 0x00, 0x00, 0xFF, 0xFF, 0x0F, 0x00, 0xF0, 0x0F, 0xFF,
  0x0F, 0x00, 0xFF, 0x00, 0xFF, 0x0D, 0xF0, 0x0F, 0xD0, 0xFF, 0x00, 0xF0, 0x0F, 0xF0, 0x0F, 0xF0,
  0x0F, 0xF0, 0x0F, 0xF0, 0x0F, 0xF0, 0x0F, 0xF0, 0x0F, 0xF0, 0x0F, 0xF0, 0x0F, 0xF0, 0x0F, 0xF0,
  0x0F, 0xF0, 0xEF, 0xFF, 0x0E, 0xFF, 0xEF, 0x00, 0xF0, 0xFF, 0xFF, 0xFF, 0xFF, 0xFF, 0x0D, 0xF0,
  0x0F, 0xD0, 0xFF, 0x00, 0xFE, 0x0E, 0xF0, 0x0F, 0x00, 0xFF, 0x00, 0xFE, 0x0F, 0xF0, 0x0F, 0x00,
  0xFF, 0x00, 0xFE, 0x0F, 0xF0, 0x0F, 0x00, 0xFF, 0x00, 0xFE, 0x0F, 0xF0, 0x0F, 0x00, 0xFF, 0x00,
  0xFE, 0x0F, 0xF0, 0x0F, 0x00, 0xFF, 0x00, 0xFE, 0x0F, 0xF0, 0xDF, 0xFF, 0x0F, 0x00, 0xFF, 0xFF,
  0xFF, 0x0F, 0xF0, 0x0F, 0x00, 0xFF, 0x00, 0xFF, 0x00, 0xF0, 0x0F, 0xF0, 0x0F, 0x00, 0xFF, 0x00,
  0xFF, 0x00, 0xF0, 0x0F, 0xF0, 0x0F, 0x00, 0xFF, 0x00, 0xFF, 0x00, 0xF0, 0x0F, 0x00, 0xFE, 0xFF,
  0x0F, 0x00, 0xFF, 0xFF, 0xFF, 0x0F, 0xF0, 0x0F, 0x00, 0xFF, 0xDD, 0xFF, 0x00, 0xF0, 0xEF, 0xFD,
  0x0F, 0x00, 0xFF, 0x0E, 0xFF, 0x00, 0xF0, 0xDF, 0xF0, 0xFF, 0xFF, 0xFF, 0x00, 0xE0, 0xFF, 0xFF,
  0x00, 0xF0, 0xDF, 0xFF, 0xDF, 0x00, 0xFF, 0xFF, 0xFF, 0x0F, 0xF0, 0xDF, 0x00, 0xFF, 0x0E, 0xFF,
  0x00, 0xD0, 0xFF, 0xF0, 0x0F, 0x00, 0xFD, 0x0F, 0xFF, 0x0D, 0xF0, 0xEF, 0xF0, 0xFF, 0xFF, 0xFF,
  0x00, 0xFF, 0xFD, 0xFF, 0x0D, 0xF0, 0x0F, 0x00, 0x00, 0x00, 0xFF, 0x00, 0x00, 0x00, 0xF0, 0x0F,
  0x00, 0x00, 0x00, 0x00, 0xFF, 0xFF, 0xFF, 0x0E, 0xFF, 0xFF, 0xFF, 0xEF, 0xF0, 0x0F, 0x00, 0xFF,
  0xDE, 0xFF, 0x00, 0xF0, 0xEF, 0xFD, 0x0F, 0x00, 0xFF, 0x0E, 0xFF, 0x00, 0xF0, 0xEF, 0xF0, 0xFF,
  0xFF, 0xFF, 0x0E, 0xF0, 0xFF, 0xFF, 0xEF, 0x00, 0x00, 0x00, 0xFF, 0x0E, 0x00, 0x00, 0xF0, 0xEF,
  0x00, 0x00, 0x00, 0xFF, 0x0E, 0x00, 0x00, 0x00, 0xF0, 0xEF, 0xFF, 0xF0, 0xFF, 0xEF, 0xF0, 0x0F,
  0x00, 0xF0, 0x0F, 0x00, 0xF0, 0x0F, 0x00, 0xF0, 0x0F, 0x00, 0xF0, 0x0F, 0x00, 0xF0, 0x0F, 0x00,
  0x00, 0xFF, 0xFF, 0x0D, 0xF0, 0xFF, 0xFF, 0x0F, 0xF0, 0x0F, 0xD0, 0x0E, 0xF0, 0xFF, 0xEF, 0x00,
  0x00, 0xFD, 0xFF, 0xDF, 0xE0, 0x0D, 0xE0, 0xFF, 0xF0, 0xFF, 0xFF, 0xEF, 0xD0, 0xFF, 0xFF, 0x0E,
  0xF0, 0xDF, 0x00, 0xF0, 0xDF, 0x00, 0xFF, 0xFF, 0x0F, 0xFE, 0xFF, 0x0E, 0xF0, 0xDF, 0x00, 0xF0,
  0xDF, 0x00, 0xF0, 0xDF, 0x00, 0xF0, 0xDF, 0x00, 0xF0, 0xFF, 0x0E, 0x00, 0xFF, 0x0F, 0xF0, 0x0F,
  0x00, 0xFF, 0x00, 0xFF, 0x00, 0xF0, 0x0F, 0xF0, 0x0F, 0x00, 0xFF, 0x00, 0xFF, 0x00, 0xF0, 0x0F,
  0xF0, 0x0F, 0x00, 0xFF, 0x00, 0xFF, 0x00, 0xF0, 0x0F, 0xF0, 0xFF, 0xFF, 0xFF, 0x00, 0xF0, 0xFF,
  0xFE, 0x0F, 0xFF, 0x0E, 0x00, 0xFF, 0x0E, 0xFF, 0x00, 0xF0, 0x0F, 0xF0, 0x0F, 0xE0, 0xFF, 0x00,
  0xFE, 0x0F, 0xFF, 0x0D, 0x00, 0xFF, 0xF0, 0x0F, 0x00, 0xF0, 0xEF, 0xEF, 0x00, 0x00, 0xFD, 0xFF,
  0x00, 0x00, 0x00, 0xFF, 0x0F, 0x00, 0xFF, 0x0E, 0xF0, 0xEF, 0x00, 0xFF, 0xD0, 0xFF, 0x00, 0xFF,
  0x0F, 0xF0, 0x0F, 0xF0, 0x0F, 0xFD, 0xFF, 0xE0, 0xFF, 0x00, 0xFF, 0xFD, 0xEF, 0x0F, 0xFF, 0x0D,
  0xD0, 0xEF, 0xFF, 0xF0, 0xFE, 0x0F, 0x00, 0xF0, 0xFF, 0x0E, 0xFF, 0xFF, 0x00, 0x00, 0xFF, 0x0F,
  0xF0, 0xFF, 0x0D, 0x00, 0xE0, 0xFF, 0x00, 0xFD, 0x0F, 0x00, 0xF0, 0x0F, 0xE0, 0xFF, 0x00, 0xFF,
  0x0F, 0xFF, 0x00, 0x00, 0xFF, 0xFF, 0x0E, 0x00, 0xD0, 0xFF, 0x0F, 0x00, 0x00, 0xFD, 0xFF, 0x00,
  0x00, 0xF0, 0xEF, 0xEF, 0x00, 0xF0, 0xEF, 0xF0, 0x0F, 0xD0, 0xFF, 0x00, 0xFD, 0x0F, 0xFF, 0x0E,
  0x00, 0xFF, 0x0E, 0xFF, 0x00, 0xF0, 0x0F, 0xF0, 0x0F, 0xE0, 0xFF, 0x00, 0xFE, 0x0F, 0xFF, 0x00,
  0x00, 0xFF, 0xF0, 0x0F, 0x00, 0xF0, 0xFF, 0xEF, 0x00, 0x00, 0xFD, 0xFF, 0x00, 0x00, 0x00, 0xFF,
  0x0F, 0x00, 0x00, 0xF0, 0xDF, 0x00, 0x00, 0xFE, 0xFF, 0x00, 0x00, 0xF0, 0xFF, 0x00, 0x00, 0x00,
  0xF0, 0xFF, 0xFF, 0xEF, 0xE0, 0xFF, 0xFF, 0xDF, 0x00, 0x00, 0xFF, 0x0E, 0x00, 0xE0, 0xFF, 0x00,
  0x00, 0xFD, 0x0F, 0x00, 0x00, 0xFF, 0x0D, 0x00, 0xF0, 0xFF, 0xFF, 0xDF, 0xF0, 0xFF, 0xFF, 0xFF,
  0x00, 0xE0, 0xFF, 0x00, 0x00, 0xFF, 0x0F, 0x00, 0xFD, 0x0F, 0x00, 0xE0, 0xEF, 0x00, 0x00, 0xFE,
  0x0E, 0x00, 0xF0, 0xDF, 0x00, 0xF0, 0xEF, 0x00, 0x00, 0xFF, 0x0F, 0x00, 0x00, 0xFE, 0x0E, 0x00,
  0xE0, 0xEF, 0x00, 0x00, 0xFE, 0x0E, 0x00, 0xD0, 0xFF, 0x00, 0x00, 0xF0, 0xFF, 0x00, 0x00, 0xE0,
  0x0E, 0x00, 0xDF, 0x00, 0xFD, 0x0F, 0xD0, 0xFF, 0x00, 0xFD, 0x0F, 0xD0, 0xFF, 0x00, 0xFD, 0x0F,
  0xD0, 0xFF, 0x00, 0xFD, 0x0F, 0xD0, 0xFF, 0x00, 0xFD, 0x0F, 0xD0, 0xFF, 0x00, 0xFD, 0x0F, 0xD0,
  0xFF, 0x00, 0xFD, 0x0F, 0xD0, 0xFF, 0x00, 0xFD, 0x0F, 0xD0, 0xFF, 0x00, 0xFD, 0x0F, 0xFD, 0xDF,
  0x00, 0x00, 0xFF, 0x0F, 0x00, 0x00, 0xFF, 0x00, 0x00, 0xF0, 0x0F, 0x00, 0x00, 0xFF, 0x00, 0x00,
  0xE0, 0xFF, 0x00, 0x00, 0xF0, 0xFF, 0x00, 0x00, 0xFF, 0x0E, 0x00, 0xFF, 0x0D, 0x00, 0xF0, 0x0F,
  0x00, 0x00, 0xFF, 0x00, 0x00, 0xF0, 0x0F, 0x00, 0xFD, 0xFF, 0x00, 0x00, 0xDE, 0x00, 0x00, 0x00,
  0xFF, 0x0F, 0xF0, 0x0F, 0xF0, 0xFF, 0xFF, 0xFF, 0x0F, 0xF0, 0x0F, 0xF0, 0xFF, 0x00, 0x00, 0x00,
  0x00, 0x00, 0x00, 0x00, 0x00, 0x00, 0x00, 0x00, 0x00, 0x00, 0x00, 0x00, 0x00,
};
static constexpr Font kNavigation{kNavigationGlyphs, kNavigationBitmap, 15, 4, 19};
static constexpr Glyph kQualificationCurrentGlyphs[] = {
  {0, 5, 0, 0, 0, 5},
  {0, 5, 12, 0, -12, 5},
  {30, 5, 12, 0, -12, 5},
  {60, 12, 12, 0, -12, 12},
  {132, 11, 16, 0, -14, 11},
  {220, 17, 12, 0, -12, 17},
  {322, 13, 12, 0, -12, 13},
  {400, 3, 12, 0, -12, 3},
  {418, 5, 15, 0, -12, 5},
  {456, 5, 15, 0, -12, 5},
  {494, 8, 12, 0, -12, 8},
  {542, 11, 9, 0, -9, 11},
  {592, 4, 4, 0, -2, 4},
  {600, 7, 6, 0, -6, 7},
  {621, 4, 3, 0, -3, 4},
  {627, 7, 12, 0, -12, 7},
  {669, 12, 12, 0, -12, 12},
  {741, 7, 12, 0, -12, 7},
  {783, 10, 12, 0, -12, 10},
  {843, 10, 12, 0, -12, 10},
  {903, 11, 12, 0, -12, 11},
  {969, 11, 12, 0, -12, 11},
  {1035, 11, 12, 0, -12, 11},
  {1101, 9, 12, 0, -12, 9},
  {1155, 11, 12, 0, -12, 11},
  {1221, 11, 12, 0, -12, 11},
  {1287, 4, 9, 0, -9, 4},
  {1305, 4, 11, 0, -9, 4},
  {1327, 10, 9, 0, -9, 10},
  {1372, 11, 7, 0, -7, 11},
  {1411, 10, 9, 0, -9, 10},
  {1456, 9, 12, 0, -12, 9},
  {1510, 14, 12, 0, -12, 14},
  {1594, 12, 12, 0, -12, 11},
  {1666, 11, 12, 0, -12, 11},
  {1732, 12, 12, 0, -12, 12},
  {1804, 12, 12, 0, -12, 12},
  {1876, 10, 12, 0, -12, 10},
  {1936, 10, 12, 0, -12, 10},
  {1996, 13, 12, 0, -12, 13},
  {2074, 12, 12, 0, -12, 12},
  {2146, 7, 12, 0, -12, 7},
  {2188, 9, 12, 0, -12, 9},
  {2242, 12, 12, 0, -12, 11},
  {2314, 10, 12, 0, -12, 10},
  {2374, 15, 12, 0, -12, 15},
  {2464, 12, 12, 0, -12, 12},
  {2536, 13, 12, 0, -12, 13},
  {2614, 11, 12, 0, -12, 11},
  {2680, 14, 13, 0, -12, 14},
  {2771, 11, 12, 0, -12, 11},
  {2837, 11, 12, 0, -12, 11},
  {2903, 10, 12, 0, -12, 10},
  {2963, 12, 12, 0, -12, 12},
  {3035, 11, 12, 0, -12, 11},
  {3101, 15, 12, 0, -12, 15},
  {3191, 12, 12, 0, -12, 11},
  {3263, 11, 12, 0, -12, 11},
  {3329, 11, 12, 0, -12, 11},
  {3395, 6, 15, 0, -12, 6},
  {3440, 7, 12, 0, -12, 7},
  {3482, 6, 15, 0, -12, 6},
  {3527, 10, 13, 0, -13, 10},
  {3592, 7, 3, 0, -1, 7},
  {3603, 5, 13, 0, -13, 5},
  {3636, 9, 9, 0, -9, 9},
  {3677, 10, 12, 0, -12, 10},
  {3737, 9, 9, 0, -9, 9},
  {3778, 10, 12, 0, -12, 10},
  {3838, 10, 9, 0, -9, 10},
  {3883, 6, 14, 0, -14, 6},
  {3925, 10, 13, 0, -9, 10},
  {3990, 10, 12, 0, -12, 10},
  {4050, 5, 13, 0, -13, 5},
  {4083, 7, 16, -2, -13, 5},
  {4139, 9, 12, 0, -12, 9},
  {4193, 5, 12, 0, -12, 4},
  {4223, 15, 9, 0, -9, 15},
  {4291, 10, 9, 0, -9, 10},
  {4336, 10, 9, 0, -9, 10},
  {4381, 10, 12, 0, -9, 10},
  {4441, 12, 12, 0, -9, 10},
  {4513, 7, 9, 0, -9, 6},
  {4545, 8, 9, 0, -9, 8},
  {4581, 6, 11, 0, -11, 6},
  {4614, 10, 9, 0, -9, 10},
  {4659, 8, 9, 0, -9, 8},
  {4695, 12, 9, 0, -9, 12},
  {4749, 9, 9, 0, -9, 8},
  {4790, 8, 12, 0, -9, 8},
  {4838, 8, 9, 0, -9, 8},
  {4874, 6, 15, 0, -12, 6},
  {4919, 4, 15, 0, -12, 4},
  {4949, 6, 15, 0, -12, 6},
  {4994, 10, 7, 0, -7, 10},
};
static constexpr uint8_t kQualificationCurrentBitmap[] = {
  0x00, 0x0F, 0x00, 0xF0, 0x00, 0x00, 0x0F, 0x00, 0xF0, 0x00, 0x00, 0x0F, 0x00, 0xF0, 0x00, 0x00,
  0x0F, 0x00, 0xF0, 0x00, 0x00, 0x00, 0x00, 0x00, 0x00, 0xF0, 0xFF, 0x00, 0xF0, 0x00, 0xF0, 0xF0,
  0x0F, 0x0F, 0xFF, 0xF0, 0xF0, 0x0F, 0x0F, 0xFF, 0x00, 0x00, 0x00, 0x00, 0x00, 0x00, 0x00, 0x00,
  0x00, 0x00, 0x00, 0x00, 0x00, 0x00, 0x00, 0x00, 0x00, 0x00, 0x00, 0x00, 0x00, 0x00, 0xFF, 0x00,
  0x0F, 0x00, 0x00, 0x00, 0x0F, 0x00, 0x0F, 0x00, 0x00, 0x00, 0x0F, 0xF0, 0x0F, 0x00, 0xF0, 0xFF,
  0xFF, 0xFF, 0xFF, 0x0F, 0x00, 0xF0, 0x0F, 0xF0, 0x0F, 0x00, 0x00, 0xF0, 0x0F, 0xF0, 0x0F, 0x00,
  0x00, 0xF0, 0x0F, 0xF0, 0x00, 0x00, 0x00, 0xF0, 0x0F, 0xF0, 0x00, 0x00, 0xF0, 0xFF, 0xFF, 0xFF,
  0xFF, 0x00, 0x00, 0xF0, 0x0F, 0xFF, 0x00, 0x00, 0x00, 0xF0, 0x00, 0xFF, 0x00, 0x00, 0x00, 0xFF,
  0x00, 0xFF, 0x00, 0x00, 0x00, 0x00, 0x00, 0x00, 0x00, 0x00, 0x00, 0x00, 0x0F, 0x00, 0x00, 0x00,
  0xFF, 0xFF, 0xFF, 0x00, 0x00, 0xFF, 0x0F, 0xFF, 0xFF, 0x00, 0xF0, 0x0F, 0xF0, 0x00, 0x00, 0x00,
  0xFF, 0x00, 0x0F, 0x00, 0x00, 0xF0, 0xFF, 0xF0, 0x00, 0x00, 0x00, 0xF0, 0xFF, 0xFF, 0x00, 0x00,
  0x00, 0x00, 0xFF, 0xFF, 0x0F, 0x00, 0x00, 0x00, 0x0F, 0xF0, 0x0F, 0x00, 0x00, 0xF0, 0x00, 0xFF,
  0x00, 0xFF, 0x00, 0x0F, 0xF0, 0x0F, 0xF0, 0xFF, 0xFF, 0xFF, 0x0F, 0x00, 0x00, 0xFF, 0xFF, 0x0F,
  0x00, 0x00, 0x00, 0xF0, 0x00, 0x00, 0x00, 0x00, 0x00, 0x00, 0x00, 0x00, 0x00, 0xFF, 0xFF, 0x00,
  0x00, 0xF0, 0x0F, 0x00, 0x00, 0xFF, 0xF0, 0xFF, 0x00, 0x00, 0x0F, 0x00, 0x00, 0xF0, 0x00, 0x00,
  0x0F, 0x00, 0xFF, 0x00, 0x00, 0x00, 0x0F, 0x00, 0xF0, 0x00, 0xFF, 0x00, 0x00, 0x00, 0xF0, 0x0F,
  0xF0, 0x0F, 0xF0, 0x00, 0x00, 0x00, 0x00, 0xF0, 0xFF, 0x0F, 0xF0, 0x0F, 0x00, 0x00, 0x00, 0x00,
  0x00, 0x00, 0xF0, 0x0F, 0xF0, 0xFF, 0x0F, 0x00, 0x00, 0x00, 0xF0, 0x0F, 0xF0, 0x0F, 0xFF, 0x0F,
  0x00, 0x00, 0x00, 0x0F, 0xF0, 0x0F, 0x00, 0xFF, 0x00, 0x00, 0x00, 0xFF, 0x00, 0xFF, 0x00, 0xF0,
  0x0F, 0x00, 0x00, 0xFF, 0x00, 0x00, 0xFF, 0xF0, 0xFF, 0x00, 0x00, 0xF0, 0x00, 0x00, 0x00, 0xFF,
  0xFF, 0x00, 0x00, 0x00, 0xFF, 0xFF, 0x00, 0x00, 0x00, 0x00, 0xFF, 0xF0, 0xFF, 0x00, 0x00, 0x00,
  0xFF, 0x00, 0xF0, 0x0F, 0x00, 0x00, 0x00, 0xFF, 0x00, 0x0F, 0x00, 0x00, 0x00, 0xF0, 0xFF, 0x0F,
  0x00, 0x00, 0x00, 0xF0, 0xFF, 0xFF, 0x00, 0xFF, 0x00, 0xF0, 0x0F, 0xF0, 0xFF, 0xF0, 0x0F, 0x00,
  0xFF, 0x00, 0xF0, 0xFF, 0x0F, 0x00, 0xF0, 0x00, 0x00, 0xF0, 0xFF, 0x00, 0x00, 0xFF, 0x00, 0x00,
  0xFF, 0x0F, 0x00, 0xF0, 0xFF, 0x00, 0xFF, 0xFF, 0x0F, 0x00, 0x00, 0xFF, 0xFF, 0x00, 0xF0, 0x0F,
  0xF0, 0x00, 0x0F, 0xF0, 0x00, 0x0F, 0x00, 0x00, 0x00, 0x00, 0x00, 0x00, 0x00, 0x00, 0x00, 0x00,
  0x00, 0x00, 0x00, 0xF0, 0x00, 0xF0, 0x00, 0x00, 0x0F, 0x00, 0xFF, 0x00, 0xF0, 0x0F, 0x00, 0x0F,
  0x00, 0xF0, 0x00, 0x00, 0x0F, 0x00, 0xF0, 0x00, 0x00, 0xFF, 0x00, 0xF0, 0x0F, 0x00, 0xF0, 0x00,
  0x00, 0x0F, 0x00, 0xF0, 0x0F, 0x00, 0xF0, 0x0F, 0xF0, 0x0F, 0x00, 0xF0, 0x00, 0x00, 0xFF, 0x00,
  0x00, 0x0F, 0x00, 0xF0, 0x00, 0x00, 0x0F, 0x00, 0xF0, 0x0F, 0x00, 0xFF, 0x00, 0xF0, 0x00, 0x00,
  0x0F, 0x00, 0xF0, 0x00, 0xF0, 0x0F, 0x00, 0x0F, 0x00, 0xFF, 0x00, 0xF0, 0x00, 0x00, 0x00, 0xF0,
  0x00, 0x00, 0x00, 0xF0, 0xFF, 0x00, 0x00, 0xFF, 0xFF, 0x00, 0x00, 0xF0, 0x0F, 0x00, 0x00, 0x0F,
  0xF0, 0x00, 0x00, 0x00, 0x00, 0x00, 0x00, 0x00, 0x00, 0x00, 0x00, 0x00, 0x00, 0x00, 0x00, 0x00,
  0x00, 0x00, 0x00, 0x00, 0x00, 0x00, 0x00, 0x00, 0x00, 0x00, 0x00, 0x00, 0x00, 0x00, 0x00, 0x00,
  0xF0, 0x00, 0x00, 0x00, 0x00, 0x00, 0x0F, 0x00, 0x00, 0x00, 0x00, 0xF0, 0x00, 0x00, 0x00, 0x00,
  0x00, 0x0F, 0x00, 0x00, 0xF0, 0xFF, 0xFF, 0xFF, 0xFF, 0x00, 0x00, 0xF0, 0x0F, 0x00, 0x00, 0x00,
  0x00, 0xF0, 0x00, 0x00, 0x00, 0x00, 0x00, 0x0F, 0x00, 0x00, 0x00, 0x00, 0xF0, 0x00, 0x00, 0x00,
  0xF0, 0x0F, 0xF0, 0x0F, 0xF0, 0x0F, 0xF0, 0x00, 0x00, 0x00, 0x00, 0x00, 0xFF, 0xFF, 0x0F, 0x00,
  0x00, 0x00, 0x00, 0x00, 0x00, 0x00, 0x00, 0x00, 0x00, 0x00, 0x00, 0x00, 0x00, 0x00, 0x00, 0xF0,
  0x0F, 0xF0, 0x0F, 0x00, 0x00, 0xF0, 0x00, 0x00, 0xF0, 0x0F, 0x00, 0x00, 0xFF, 0x00, 0x00, 0xF0,
  0x00, 0x00, 0xF0, 0x0F, 0x00, 0x00, 0x0F, 0x00, 0x00, 0xFF, 0x00, 0x00, 0xF0, 0x0F, 0x00, 0x00,
  0x0F, 0x00, 0x00, 0xFF, 0x00, 0x00, 0xF0, 0x00, 0x00, 0xF0, 0x0F, 0x00, 0x00, 0x00, 0x00, 0xFF,
  0xFF, 0x00, 0x00, 0x00, 0xFF, 0x0F, 0xF0, 0x0F, 0x00, 0x00, 0xFF, 0x00, 0x00, 0xFF, 0x00, 0xF0,
  0xFF, 0x0F, 0x00, 0xFF, 0x00, 0xF0, 0x0F, 0xFF, 0x00, 0xF0, 0x0F, 0xF0, 0x0F, 0xF0, 0x00, 0xF0,
  0x0F, 0xF0, 0x0F, 0xF0, 0x0F, 0xF0, 0x0F, 0xF0, 0x0F, 0x00, 0xFF, 0xF0, 0x0F, 0xF0, 0x0F, 0x00,
  0xF0, 0xFF, 0x00, 0x00, 0xFF, 0x00, 0xF0, 0xFF, 0x00, 0x00, 0xFF, 0x0F, 0xFF, 0x0F, 0x00, 0x00,
  0xF0, 0xFF, 0xFF, 0x00, 0x00, 0x00, 0x00, 0xFF, 0x00, 0x00, 0xFF, 0x0F, 0xF0, 0xFF, 0xFF, 0x00,
  0x00, 0xF0, 0x0F, 0x00, 0x00, 0xFF, 0x00, 0x00, 0xF0, 0x0F, 0x00, 0x00, 0xFF, 0x00, 0x00, 0xF0,
  0x0F, 0x00, 0x00, 0xFF, 0x00, 0x00, 0xF0, 0x0F, 0x00, 0x00, 0xFF, 0x00, 0x00, 0xF0, 0x0F, 0x00,
  0xF0, 0xFF, 0x0F, 0x00, 0x00, 0xFF, 0x00, 0xFF, 0x0F, 0xF0, 0x0F, 0x00, 0xF0, 0x0F, 0x00, 0x00,
  0x00, 0xF0, 0x0F, 0x00, 0x00, 0x00, 0xF0, 0x0F, 0x00, 0x00, 0x00, 0xFF, 0x00, 0x00, 0x00, 0x00,
  0xFF, 0x00, 0x00, 0x00, 0xF0, 0x0F, 0x00, 0x00, 0xF0, 0xFF, 0x00, 0x00, 0x00, 0xFF, 0x00, 0x00,
  0x00, 0xF0, 0x0F, 0x00, 0x00, 0x00, 0xF0, 0xFF, 0xFF, 0xFF, 0x0F, 0x00, 0xF0, 0xFF, 0xFF, 0x00,
  0x00, 0xFF, 0x00, 0xFF, 0x0F, 0xF0, 0x0F, 0x00, 0xF0, 0x0F, 0x00, 0x00, 0x00, 0xF0, 0x0F, 0x00,
  0x00, 0x00, 0xFF, 0x00, 0x00, 0x00, 0xFF, 0xFF, 0x00, 0x00, 0x00, 0x00, 0xFF, 0x0F, 0x00, 0x00,
  0x00, 0xF0, 0x0F, 0x00, 0x00, 0x00, 0x00, 0x0F, 0xF0, 0x0F, 0x00, 0xF0, 0x0F, 0xF0, 0xFF, 0x00,
  0xFF, 0x0F, 0x00, 0xF0, 0xFF, 0x0F, 0x00, 0x00, 0x00, 0x00, 0xFF, 0x00, 0x00, 0x00, 0x00, 0xFF,
  0x0F, 0x00, 0x00, 0x00, 0xF0, 0xFF, 0x00, 0x00, 0x00, 0xF0, 0x0F, 0x0F, 0x00, 0x00, 0xF0, 0x0F,
  0xF0, 0x00, 0x00, 0xF0, 0x0F, 0x00, 0x0F, 0x00, 0x00, 0x0F, 0x00, 0xF0, 0x00, 0x00, 0xFF, 0x00,
  0x00, 0x0F, 0x00, 0xF0, 0xFF, 0xFF, 0xFF, 0xFF, 0x00, 0x00, 0x00, 0xF0, 0x0F, 0x00, 0x00, 0x00,
  0x00, 0xF0, 0x00, 0x00, 0x00, 0x00, 0x00, 0x0F, 0x00, 0x00, 0xFF, 0xFF, 0xFF, 0x0F, 0x00, 0xF0,
  0x0F, 0x00, 0x00, 0x00, 0x00, 0x0F, 0x00, 0x00, 0x00, 0x00, 0xF0, 0x00, 0x00, 0x00, 0x00, 0xF0,
  0xFF, 0xFF, 0xFF, 0x00, 0x00, 0xFF, 0x0F, 0xF0, 0xFF, 0x00, 0x00, 0x0F, 0x00, 0xF0, 0x0F, 0x00,
  0x00, 0x00, 0x00, 0xF0, 0x00, 0x00, 0x00, 0x00, 0x00, 0x0F, 0x00, 0xFF, 0x00, 0x00, 0xFF, 0x00,
  0x00, 0xFF, 0x00, 0xFF, 0x0F, 0x00, 0x00, 0xFF, 0xFF, 0x00, 0x00, 0x00, 0x00, 0xFF, 0xFF, 0x00,
  0x00, 0xF0, 0xFF, 0xF0, 0xFF, 0x00, 0x00, 0xFF, 0x00, 0x00, 0x00, 0x00, 0xFF, 0x00, 0x00, 0x00,
  0x00, 0xF0, 0x0F, 0xFF, 0xFF, 0x00, 0x00, 0xFF, 0xFF, 0xF0, 0xFF, 0x00, 0xF0, 0x0F, 0x00, 0x00,
  0x0F, 0x00, 0xFF, 0x00, 0x00, 0xF0, 0x0F, 0xF0, 0x0F, 0x00, 0x00, 0xFF, 0x00, 0xF0, 0x00, 0x00,
  0xF0, 0x00, 0x00, 0xFF, 0x0F, 0xFF, 0x0F, 0x00, 0x00, 0xFF, 0xFF, 0x0F, 0x00, 0xFF, 0xFF, 0xFF,
  0xFF, 0x0F, 0x00, 0x00, 0xF0, 0xFF, 0x00, 0x00, 0x00, 0xFF, 0x00, 0x00, 0x00, 0xF0, 0x0F, 0x00,
  0x00, 0xF0, 0x0F, 0x00, 0x00, 0x00, 0xFF, 0x00, 0x00, 0x00, 0xFF, 0x00, 0x00, 0x00, 0xF0, 0x0F,
  0x00, 0x00, 0xF0, 0x0F, 0x00, 0x00, 0x00, 0xFF, 0x00, 0x00, 0x00, 0xFF, 0x00, 0x00, 0x00, 0xF0,
  0x0F, 0x00, 0x00, 0x00, 0x00, 0xFF, 0x0F, 0x00, 0x00, 0x00, 0xFF, 0xF0, 0x0F, 0x00, 0x00, 0xFF,
  0x00, 0xF0, 0x0F, 0x00, 0xF0, 0x0F, 0x00, 0xFF, 0x00, 0x00, 0xF0, 0x00, 0xF0, 0x00, 0x00, 0x00,
  0xFF, 0xFF, 0x0F, 0x00, 0x00, 0xFF, 0x00, 0xF0, 0x0F, 0x00, 0xFF, 0x00, 0x00, 0xF0, 0x0F, 0xF0,
  0x0F, 0x00, 0x00, 0xFF, 0x00, 0xFF, 0x00, 0x00, 0xF0, 0x0F, 0x00, 0xFF, 0x0F, 0xFF, 0x0F, 0x00,
  0x00, 0xFF, 0xFF, 0x0F, 0x00, 0x00, 0xF0, 0xFF, 0x0F, 0x00, 0x00, 0xF0, 0xFF, 0xF0, 0xFF, 0x00,
  0xF0, 0x0F, 0x00, 0x00, 0x0F, 0x00, 0xFF, 0x00, 0x00, 0xF0, 0x0F, 0xF0, 0x0F, 0x00, 0x00, 0xFF,
  0x00, 0xFF, 0x00, 0x00, 0xF0, 0x0F, 0x00, 0xFF, 0x00, 0xF0, 0x0F, 0x00, 0x00, 0xFF, 0xFF, 0xFF,
  0x00, 0x00, 0x00, 0x00, 0xFF, 0x00, 0x00, 0x00, 0x00, 0xFF, 0x00, 0x00, 0x00, 0x00, 0xF0, 0x0F,
  0x00, 0x00, 0x00, 0xF0, 0x0F, 0x00, 0x00, 0xF0, 0x0F, 0xF0, 0x0F, 0x00, 0x00, 0x00, 0x00, 0x00,
  0x00, 0x00, 0x00, 0x00, 0x00, 0xF0, 0x0F, 0xF0, 0x0F, 0xF0, 0x0F, 0xF0, 0x0F, 0x00, 0x00, 0x00,
  0x00, 0x00, 0x00, 0x00, 0x00, 0x00, 0x00, 0xF0, 0x0F, 0xF0, 0x0F, 0xF0, 0x0F, 0xF0, 0x00, 0x00,
  0x00, 0x00, 0x00, 0x0F, 0x00, 0x00, 0x00, 0xFF, 0x0F, 0x00, 0x00, 0xFF, 0x0F, 0x00, 0xF0, 0xFF,
  0x0F, 0x00, 0x00, 0xF0, 0x0F, 0x00, 0x00, 0x00, 0xF0, 0xFF, 0x0F, 0x00, 0x00, 0x00, 0x00, 0xFF,
  0x0F, 0x00, 0x00, 0x00, 0x00, 0xFF, 0x0F, 0x00, 0x00, 0x00, 0x00, 0x0F, 0x00, 0x00, 0x00, 0x00,
  0x00, 0x00, 0xFF, 0xFF, 0xFF, 0xFF, 0x0F, 0x00, 0x00, 0x00, 0x00, 0x00, 0x00, 0x00, 0x00, 0x00,
  0x00, 0x00, 0xF0, 0xFF, 0xFF, 0xFF, 0xFF, 0x00, 0x00, 0x00, 0x00, 0x00, 0x00, 0x00, 0x00, 0x00,
  0x00, 0x00, 0x00, 0xF0, 0x00, 0x00, 0x00, 0x00, 0xF0, 0xFF, 0x00, 0x00, 0x00, 0x00, 0xFF, 0xFF,
  0x00, 0x00, 0x00, 0x00, 0xF0, 0xFF, 0x00, 0x00, 0x00, 0x00, 0xF0, 0x0F, 0x00, 0x00, 0xF0, 0xFF,
  0x0F, 0x00, 0xF0, 0xFF, 0x00, 0x00, 0xF0, 0xFF, 0x00, 0x00, 0x00, 0xF0, 0x00, 0x00, 0x00, 0x00,
  0x00, 0xF0, 0xFF, 0x0F, 0x00, 0xFF, 0x0F, 0xFF, 0x0F, 0xF0, 0x0F, 0x00, 0xF0, 0x00, 0x00, 0x00,
  0x00, 0x0F, 0x00, 0x00, 0x00, 0xFF, 0x00, 0x00, 0x00, 0xFF, 0x00, 0x00, 0x00, 0xFF, 0x00, 0x00,
  0x00, 0xFF, 0x00, 0x00, 0x00, 0x00, 0x0F, 0x00, 0x00, 0x00, 0x00, 0x00, 0x00, 0x00, 0xF0, 0x0F,
  0x00, 0x00, 0x00, 0xFF, 0x00, 0x00, 0x00, 0x00, 0xF0, 0xFF, 0xFF, 0x00, 0x00, 0x00, 0xF0, 0xFF,
  0x00, 0xFF, 0x0F, 0x00, 0x00, 0xFF, 0x00, 0x00, 0x00, 0xFF, 0x00, 0xF0, 0x0F, 0xF0, 0xFF, 0x0F,
  0xF0, 0x0F, 0xF0, 0x00, 0xFF, 0x0F, 0xFF, 0x00, 0x0F, 0xF0, 0x00, 0xFF, 0x00, 0xFF, 0x00, 0x0F,
  0xF0, 0x00, 0xFF, 0x00, 0xFF, 0x00, 0x0F, 0xF0, 0x00, 0xFF, 0xF0, 0xFF, 0xF0, 0x0F, 0xF0, 0x0F,
  0xF0, 0xFF, 0xFF, 0xFF, 0x00, 0x00, 0xFF, 0x00, 0x00, 0x00, 0x00, 0x00, 0x00, 0xF0, 0xFF, 0x00,
  0x0F, 0x00, 0x00, 0x00, 0x00, 0xF0, 0xFF, 0x0F, 0x00, 0x00, 0x00, 0x00, 0xFF, 0x0F, 0x00, 0x00,
  0x00, 0x00, 0xFF, 0x0F, 0x00, 0x00, 0x00, 0x00, 0xFF, 0xFF, 0x00, 0x00, 0x00, 0xF0, 0x0F, 0xFF,
  0x00, 0x00, 0x00, 0xF0, 0x0F, 0xF0, 0x00, 0x00, 0x00, 0xF0, 0x00, 0xF0, 0x0F, 0x00, 0x00, 0xFF,
  0x00, 0xF0, 0x0F, 0x00, 0x00, 0xFF, 0x00, 0x00, 0x0F, 0x00, 0xF0, 0xFF, 0xFF, 0xFF, 0xFF, 0x00,
  0xF0, 0x0F, 0x00, 0x00, 0xFF, 0x00, 0xF0, 0x0F, 0x00, 0x00, 0xF0, 0x0F, 0xFF, 0x00, 0x00, 0x00,
  0xF0, 0x0F, 0xF0, 0xFF, 0xFF, 0xFF, 0x0F, 0x00, 0xFF, 0x00, 0x00, 0xFF, 0x0F, 0xF0, 0x0F, 0x00,
  0x00, 0xFF, 0x00, 0xFF, 0x00, 0x00, 0xF0, 0x0F, 0xF0, 0x0F, 0x00, 0xF0, 0x0F, 0x00, 0xFF, 0xFF,
  0xFF, 0xFF, 0x00, 0xF0, 0x0F, 0x00, 0xF0, 0xFF, 0x00, 0xFF, 0x00, 0x00, 0xF0, 0x0F, 0xF0, 0x0F,
  0x00, 0x00, 0xF0, 0x00, 0xFF, 0x00, 0x00, 0xF0, 0x0F, 0xF0, 0x0F, 0x00, 0xF0, 0xFF, 0x00, 0xFF,
  0xFF, 0xFF, 0xFF, 0x00, 0x00, 0x00, 0xFF, 0xFF, 0x0F, 0x00, 0x00, 0xF0, 0xFF, 0xF0, 0xFF, 0x00,
  0x00, 0xFF, 0x00, 0x00, 0xF0, 0x0F, 0xF0, 0x0F, 0x00, 0x00, 0x00, 0x00, 0xF0, 0x0F, 0x00, 0x00,
  0x00, 0x00, 0xF0, 0x0F, 0x00, 0x00, 0x00, 0x00, 0xF0, 0x0F, 0x00, 0x00, 0x00, 0x00, 0xF0, 0x0F,
  0x00, 0x00, 0x00, 0x00, 0xF0, 0x0F, 0x00, 0x00, 0x00, 0x00, 0x00, 0xFF, 0x00, 0x00, 0xF0, 0x0F,
  0x00, 0xF0, 0xFF, 0xF0, 0xFF, 0x00, 0x00, 0x00, 0xFF, 0xFF, 0x0F, 0x00, 0xF0, 0xFF, 0xFF, 0xFF,
  0x00, 0x00, 0xF0, 0x0F, 0x00, 0xFF, 0xFF, 0x00, 0xF0, 0x0F, 0x00, 0x00, 0xFF, 0x00, 0xF0, 0x0F,
  0x00, 0x00, 0xF0, 0x0F, 0xF0, 0x0F, 0x00, 0x00, 0xF0, 0x0F, 0xF0, 0x0F, 0x00, 0x00, 0xF0, 0x0F,
  0xF0, 0x0F, 0x00, 0x00, 0xF0, 0x0F, 0xF0, 0x0F, 0x00, 0x00, 0xF0, 0x0F, 0xF0, 0x0F, 0x00, 0x00,
  0xF0, 0x0F, 0xF0, 0x0F, 0x00, 0x00, 0xFF, 0x00, 0xF0, 0x0F, 0x00, 0xFF, 0xFF, 0x00, 0xF0, 0xFF,
  0xFF, 0xFF, 0x00, 0x00, 0xF0, 0xFF, 0xFF, 0xFF, 0xFF, 0xF0, 0x0F, 0x00, 0x00, 0x00, 0xF0, 0x0F,
  0x00, 0x00, 0x00, 0xF0, 0x0F, 0x00, 0x00, 0x00, 0xF0, 0x0F, 0x00, 0x00, 0x00, 0xF0, 0xFF, 0xFF,
  0xFF, 0x00, 0xF0, 0x0F, 0x00, 0x00, 0x00, 0xF0, 0x0F, 0x00, 0x00, 0x00, 0xF0, 0x0F, 0x00, 0x00,
  0x00, 0xF0, 0x0F, 0x00, 0x00, 0x00, 0xF0, 0x0F, 0x00, 0x00, 0x00, 0xF0, 0xFF, 0xFF, 0xFF, 0xFF,
  0xF0, 0xFF, 0xFF, 0xFF, 0x0F, 0xF0, 0x0F, 0x00, 0x00, 0x00, 0xF0, 0x0F, 0x00, 0x00, 0x00, 0xF0,
  0x0F, 0x00, 0x00, 0x00, 0xF0, 0x0F, 0x00, 0x00, 0x00, 0xF0, 0xFF, 0xFF, 0xFF, 0x0F, 0xF0, 0x0F,
  0x00, 0x00, 0x00, 0xF0, 0x0F, 0x00, 0x00, 0x00, 0xF0, 0x0F, 0x00, 0x00, 0x00, 0xF0, 0x0F, 0x00,
  0x00, 0x00, 0xF0, 0x0F, 0x00, 0x00, 0x00, 0xF0, 0x0F, 0x00, 0x00, 0x00, 0x00, 0x00, 0xFF, 0xFF,
  0x0F, 0x00, 0x00, 0x00, 0xFF, 0x0F, 0xFF, 0x0F, 0x00, 0x00, 0xFF, 0x00, 0x00, 0xF0, 0x0F, 0x00,
  0xFF, 0x00, 0x00, 0x00, 0x00, 0x00, 0xF0, 0x0F, 0x00, 0x00, 0x00, 0x00, 0x00, 0xFF, 0x00, 0x00,
  0x00, 0x00, 0x00, 0xF0, 0x0F, 0x00, 0xFF, 0xFF, 0xFF, 0x00, 0xFF, 0x00, 0x00, 0x00, 0xF0, 0x0F,
  0xF0, 0x0F, 0x00, 0x00, 0x00, 0xFF, 0x00, 0xF0, 0x0F, 0x00, 0x00, 0xFF, 0x0F, 0x00, 0xFF, 0xFF,
  0xF0, 0xFF, 0xFF, 0x00, 0x00, 0xF0, 0xFF, 0xFF, 0xF0, 0x0F, 0xF0, 0x0F, 0x00, 0x00, 0xF0, 0x0F,
  0xF0, 0x0F, 0x00, 0x00, 0xF0, 0x0F, 0xF0, 0x0F, 0x00, 0x00, 0xF0, 0x0F, 0xF0, 0x0F, 0x00, 0x00,
  0xF0, 0x0F, 0xF0, 0x0F, 0x00, 0x00, 0xF0, 0x0F, 0xF0, 0xFF, 0xFF, 0xFF, 0xFF, 0x0F, 0xF0, 0x0F,
  0x00, 0x00, 0xF0, 0x0F, 0xF0, 0x0F, 0x00, 0x00, 0xF0, 0x0F, 0xF0, 0x0F, 0x00, 0x00, 0xF0, 0x0F,
  0xF0, 0x0F, 0x00, 0x00, 0xF0, 0x0F, 0xF0, 0x0F, 0x00, 0x00, 0xF0, 0x0F, 0xF0, 0x0F, 0x00, 0x00,
  0xF0, 0x0F, 0xF0, 0xFF, 0xFF, 0x00, 0x00, 0xFF, 0x00, 0x00, 0xF0, 0x0F, 0x00, 0x00, 0xFF, 0x00,
  0x00, 0xF0, 0x0F, 0x00, 0x00, 0xFF, 0x00, 0x00, 0xF0, 0x0F, 0x00, 0x00, 0xFF, 0x00, 0x00, 0xF0,
  0x0F, 0x00, 0x00, 0xFF, 0x00, 0x00, 0xF0, 0x0F, 0x00, 0xFF, 0xFF, 0x0F, 0x00, 0x00, 0x00, 0xFF,
  0x00, 0x00, 0x00, 0xF0, 0x0F, 0x00, 0x00, 0x00, 0xFF, 0x00, 0x00, 0x00, 0xF0, 0x0F, 0x00, 0x00,
  0x00, 0xFF, 0x00, 0x00, 0x00, 0xF0, 0x0F, 0x00, 0x00, 0x00, 0xFF, 0x00, 0x00, 0x00, 0xF0, 0x0F,
  0xF0, 0x00, 0x00, 0xFF, 0xF0, 0x0F, 0x00, 0xF0, 0x0F, 0xF0, 0x0F, 0xF0, 0x0F, 0x00, 0xF0, 0xFF,
  0x0F, 0x00, 0xF0, 0x0F, 0x00, 0x00, 0xFF, 0x00, 0xF0, 0x0F, 0x00, 0xF0, 0x0F, 0x00, 0xF0, 0x0F,
  0x00, 0xFF, 0x00, 0x00, 0xF0, 0x0F, 0xF0, 0x0F, 0x00, 0x00, 0xF0, 0x0F, 0xFF, 0x0F, 0x00, 0x00,
  0xF0, 0xFF, 0xFF, 0x00, 0x00, 0x00, 0xF0, 0xFF, 0xFF, 0x0F, 0x00, 0x00, 0xF0, 0xFF, 0x00, 0xFF,
  0x00, 0x00, 0xF0, 0x0F, 0x00, 0xFF, 0x0F, 0x00, 0xF0, 0x0F, 0x00, 0xF0, 0x0F, 0x00, 0xF0, 0x0F,
  0x00, 0x00, 0xFF, 0x00, 0xF0, 0x0F, 0x00, 0x00, 0xF0, 0x0F, 0xF0, 0x0F, 0x00, 0x00, 0x00, 0xF0,
  0x0F, 0x00, 0x00, 0x00, 0xF0, 0x0F, 0x00, 0x00, 0x00, 0xF0, 0x0F, 0x00, 0x00, 0x00, 0xF0, 0x0F,
  0x00, 0x00, 0x00, 0xF0, 0x0F, 0x00, 0x00, 0x00, 0xF0, 0x0F, 0x00, 0x00, 0x00, 0xF0, 0x0F, 0x00,
  0x00, 0x00, 0xF0, 0x0F, 0x00, 0x00, 0x00, 0xF0, 0x0F, 0x00, 0x00, 0x00, 0xF0, 0xFF, 0xFF, 0xFF,
  0x0F, 0xF0, 0xFF, 0xFF, 0xFF, 0xFF, 0xF0, 0xFF, 0x00, 0x00, 0x00, 0xFF, 0x0F, 0x00, 0xFF, 0xFF,
  0x00, 0x00, 0xF0, 0xFF, 0x00, 0xF0, 0xFF, 0x0F, 0x00, 0x00, 0xFF, 0x0F, 0x00, 0xFF, 0xF0, 0x00,
  0x00, 0xFF, 0xF0, 0x00, 0xF0, 0x0F, 0xFF, 0x00, 0xF0, 0x0F, 0x0F, 0x00, 0xFF, 0xF0, 0x0F, 0x00,
  0xFF, 0xF0, 0x00, 0xF0, 0x0F, 0xF0, 0x00, 0xFF, 0x00, 0x0F, 0x00, 0xFF, 0x00, 0xFF, 0xF0, 0x0F,
  0xF0, 0x00, 0xF0, 0x0F, 0xF0, 0x0F, 0x0F, 0x00, 0x0F, 0x00, 0xFF, 0x00, 0xF0, 0xFF, 0x00, 0xF0,
  0x00, 0xF0, 0x0F, 0x00, 0xFF, 0x0F, 0x00, 0x0F, 0x00, 0xFF, 0x00, 0xF0, 0x0F, 0x00, 0xF0, 0x00,
  0xF0, 0xFF, 0x00, 0x00, 0xF0, 0x0F, 0xF0, 0xFF, 0x0F, 0x00, 0xF0, 0x0F, 0xF0, 0xFF, 0x0F, 0x00,
  0xF0, 0x0F, 0xF0, 0x0F, 0xFF, 0x00, 0xF0, 0x0F, 0xF0, 0x0F, 0xFF, 0x00, 0xF0, 0x0F, 0xF0, 0x0F,
  0xF0, 0x0F, 0xF0, 0x0F, 0xF0, 0x0F, 0x00, 0x0F, 0xF0, 0x0F, 0xF0, 0x0F, 0x00, 0xFF, 0xF0, 0x0F,
  0xF0, 0x0F, 0x00, 0xF0, 0xF0, 0x0F, 0xF0, 0x0F, 0x00, 0xF0, 0xFF, 0x0F, 0xF0, 0x0F, 0x00, 0x00,
  0xFF, 0x0F, 0xF0, 0x0F, 0x00, 0x00, 0xFF, 0x0F, 0x00, 0x00, 0xFF, 0xFF, 0x0F, 0x00, 0x00, 0x00,
  0xFF, 0x0F, 0xFF, 0x0F, 0x00, 0x00, 0xFF, 0x00, 0x00, 0xF0, 0x0F, 0x00, 0xFF, 0x00, 0x00, 0x00,
  0xF0, 0x0F, 0xF0, 0x0F, 0x00, 0x00, 0x00, 0xFF, 0x00, 0xFF, 0x00, 0x00, 0x00, 0xF0, 0x0F, 0xF0,
  0x0F, 0x00, 0x00, 0x00, 0xFF, 0x00, 0xFF, 0x00, 0x00, 0x00, 0xF0, 0x0F, 0xF0, 0x0F, 0x00, 0x00,
  0x00, 0xFF, 0x00, 0xF0, 0x0F, 0x00, 0x00, 0xFF, 0x00, 0x00, 0xF0, 0xFF, 0xF0, 0xFF, 0x00, 0x00,
  0x00, 0xF0, 0xFF, 0xFF, 0x00, 0x00, 0xF0, 0xFF, 0xFF, 0xFF, 0x00, 0x00, 0xFF, 0x00, 0xF0, 0xFF,
  0x0F, 0xF0, 0x0F, 0x00, 0x00, 0xFF, 0x00, 0xFF, 0x00, 0x00, 0xF0, 0x0F, 0xF0, 0x0F, 0x00, 0x00,
  0xFF, 0x00, 0xFF, 0x00, 0x00, 0xFF, 0x0F, 0xF0, 0xFF, 0xFF, 0xFF, 0x0F, 0x00, 0xFF, 0x00, 0x00,
  0x00, 0x00, 0xF0, 0x0F, 0x00, 0x00, 0x00, 0x00, 0xFF, 0x00, 0x00, 0x00, 0x00, 0xF0, 0x0F, 0x00,
  0x00, 0x00, 0x00, 0xFF, 0x00, 0x00, 0x00, 0x00, 0x00, 0x00, 0xFF, 0xFF, 0x0F, 0x00, 0x00, 0x00,
  0xF0, 0xFF, 0xF0, 0xFF, 0x00, 0x00, 0x00, 0xFF, 0x00, 0x00, 0xF0, 0x0F, 0x00, 0xF0, 0x0F, 0x00,
  0x00, 0x00, 0xFF, 0x00, 0xF0, 0x0F, 0x00, 0x00, 0x00, 0xFF, 0x00, 0xF0, 0x0F, 0x00, 0x00, 0x00,
  0xFF, 0x00, 0xF0, 0x0F, 0x00, 0xFF, 0x00, 0xFF, 0x00, 0xF0, 0x0F, 0x00, 0xF0, 0x0F, 0xFF, 0x00,
  0xF0, 0x0F, 0x00, 0x00, 0xFF, 0xFF, 0x00, 0x00, 0xFF, 0x00, 0x00, 0xF0, 0xFF, 0x00, 0x00, 0xF0,
  0xFF, 0xF0, 0xFF, 0xFF, 0x0F, 0x00, 0x00, 0xFF, 0xFF, 0x0F, 0xF0, 0x0F, 0x00, 0x00, 0x00, 0x00,
  0x00, 0x00, 0x00, 0xF0, 0xFF, 0xFF, 0xFF, 0x00, 0x00, 0xFF, 0x00, 0xF0, 0xFF, 0x0F, 0xF0, 0x0F,
  0x00, 0x00, 0xFF, 0x00, 0xFF, 0x00, 0x00, 0xF0, 0x0F, 0xF0, 0x0F, 0x00, 0x00, 0xFF, 0x00, 0xFF,
  0x00, 0x00, 0xFF, 0x0F, 0xF0, 0xFF, 0xFF, 0xFF, 0x0F, 0x00, 0xFF, 0x00, 0xFF, 0x00, 0x00, 0xF0,
  0x0F, 0x00, 0xFF, 0x00, 0x00, 0xFF, 0x00, 0x00, 0xFF, 0x00, 0xF0, 0x0F, 0x00, 0xF0, 0x0F, 0x00,
  0xFF, 0x00, 0x00, 0xF0, 0x0F, 0x00, 0xF0, 0xFF, 0xFF, 0x00, 0x00, 0xFF, 0xFF, 0xF0, 0xFF, 0x00,
  0xF0, 0x0F, 0x00, 0x00, 0x0F, 0x00, 0xFF, 0x00, 0x00, 0x00, 0x00, 0xF0, 0xFF, 0x00, 0x00, 0x00,
  0x00, 0xF0, 0xFF, 0xFF, 0x00, 0x00, 0x00, 0x00, 0xF0, 0xFF, 0x0F, 0x00, 0x00, 0x00, 0x00, 0xF0,
  0x0F, 0x00, 0x00, 0x00, 0x00, 0xFF, 0x00, 0xFF, 0x00, 0x00, 0xF0, 0x0F, 0xF0, 0xFF, 0x0F, 0xFF,
  0x0F, 0x00, 0x00, 0xFF, 0xFF, 0x0F, 0x00, 0xFF, 0xFF, 0xFF, 0xFF, 0xFF, 0x00, 0x00, 0xFF, 0x00,
  0x00, 0x00, 0x00, 0xFF, 0x00, 0x00, 0x00, 0x00, 0xFF, 0x00, 0x00, 0x00, 0x00, 0xFF, 0x00, 0x00,
  0x00, 0x00, 0xFF, 0x00, 0x00, 0x00, 0x00, 0xFF, 0x00, 0x00, 0x00, 0x00, 0xFF, 0x00, 0x00, 0x00,
  0x00, 0xFF, 0x00, 0x00, 0x00, 0x00, 0xFF, 0x00, 0x00, 0x00, 0x00, 0xFF, 0x00, 0x00, 0x00, 0x00,
  0xFF, 0x00, 0x00, 0xF0, 0x0F, 0x00, 0x00, 0xF0, 0x0F, 0xF0, 0x0F, 0x00, 0x00, 0xF0, 0x0F, 0xF0,
  0x0F, 0x00, 0x00, 0xF0, 0x0F, 0xF0, 0x0F, 0x00, 0x00, 0xF0, 0x0F, 0xF0, 0x0F, 0x00, 0x00, 0xF0,
  0x0F, 0xF0, 0x0F, 0x00, 0x00, 0xF0, 0x0F, 0xF0, 0x0F, 0x00, 0x00, 0xF0, 0x0F, 0xF0, 0x0F, 0x00,
  0x00, 0xF0, 0x0F, 0xF0, 0x0F, 0x00, 0x00, 0xF0, 0x0F, 0x00, 0xFF, 0x00, 0x00, 0xF0, 0x0F, 0x00,
  0xFF, 0xFF, 0xF0, 0xFF, 0x00, 0x00, 0xF0, 0xFF, 0xFF, 0x0F, 0x00, 0xFF, 0x00, 0x00, 0x00, 0xFF,
  0x00, 0xFF, 0x00, 0x00, 0xF0, 0x0F, 0xF0, 0x0F, 0x00, 0x00, 0xFF, 0x00, 0xFF, 0x00, 0x00, 0xFF,
  0x00, 0x00, 0xFF, 0x00, 0xF0, 0x0F, 0x00, 0xF0, 0x0F, 0x00, 0xFF, 0x00, 0x00, 0xFF, 0x00, 0xFF,
  0x00, 0x00, 0x00, 0xFF, 0xF0, 0x0F, 0x00, 0x00, 0xF0, 0x0F, 0xFF, 0x00, 0x00, 0x00, 0xFF, 0xFF,
  0x00, 0x00, 0x00, 0x00, 0xFF, 0x0F, 0x00, 0x00, 0x00, 0xF0, 0xFF, 0x00, 0x00, 0xFF, 0x00, 0x00,
  0xFF, 0x0F, 0x00, 0xF0, 0xFF, 0x0F, 0x00, 0xF0, 0xFF, 0x00, 0x00, 0xFF, 0xF0, 0x0F, 0x00, 0xFF,
  0x0F, 0x00, 0xFF, 0x00, 0xFF, 0x00, 0xF0, 0xF0, 0x00, 0xF0, 0x0F, 0xF0, 0x0F, 0x00, 0x0F, 0xFF,
  0x00, 0xFF, 0x00, 0xF0, 0x00, 0xFF, 0xF0, 0x0F, 0xF0, 0x0F, 0x00, 0xFF, 0xF0, 0x0F, 0xF0, 0xF0,
  0x0F, 0x00, 0xF0, 0x0F, 0x0F, 0x00, 0x0F, 0xFF, 0x00, 0x00, 0xFF, 0xF0, 0x00, 0xF0, 0xF0, 0x0F,
  0x00, 0x00, 0xFF, 0x0F, 0x00, 0xFF, 0xFF, 0x00, 0x00, 0xF0, 0xFF, 0x00, 0xF0, 0xFF, 0x00, 0x00,
  0x00, 0xFF, 0x00, 0x00, 0xF0, 0x0F, 0x00, 0xF0, 0x0F, 0x00, 0x00, 0xFF, 0x00, 0xF0, 0xFF, 0x00,
  0x00, 0xFF, 0x00, 0x00, 0xFF, 0x00, 0xF0, 0x0F, 0x00, 0x00, 0xF0, 0x0F, 0xFF, 0x00, 0x00, 0x00,
  0x00, 0xFF, 0xFF, 0x00, 0x00, 0x00, 0x00, 0xFF, 0x0F, 0x00, 0x00, 0x00, 0x00, 0xFF, 0x0F, 0x00,
  0x00, 0x00, 0xF0, 0xFF, 0xFF, 0x00, 0x00, 0x00, 0xF0, 0x0F, 0xFF, 0x0F, 0x00, 0x00, 0xFF, 0x00,
  0xF0, 0x0F, 0x00, 0xF0, 0x0F, 0x00, 0x00, 0xFF, 0x00, 0xFF, 0x0F, 0x00, 0x00, 0xF0, 0x0F, 0xFF,
  0x00, 0x00, 0x00, 0xFF, 0x00, 0xFF, 0x00, 0x00, 0xF0, 0x0F, 0x00, 0xFF, 0x00, 0xF0, 0x0F, 0x00,
  0xF0, 0x0F, 0x00, 0xFF, 0x00, 0x00, 0xF0, 0x0F, 0xFF, 0x00, 0x00, 0x00, 0xFF, 0xFF, 0x00, 0x00,
  0x00, 0x00, 0xFF, 0x0F, 0x00, 0x00, 0x00, 0xF0, 0x0F, 0x00, 0x00, 0x00, 0x00, 0xFF, 0x00, 0x00,
  0x00, 0x00, 0xF0, 0x0F, 0x00, 0x00, 0x00, 0x00, 0xFF, 0x00, 0x00, 0x00, 0x00, 0xF0, 0x0F, 0x00,
  0x00, 0xF0, 0xFF, 0xFF, 0xFF, 0xFF, 0x00, 0x00, 0x00, 0x00, 0xFF, 0x0F, 0x00, 0x00, 0x00, 0xF0,
  0x0F, 0x00, 0x00, 0x00, 0xF0, 0x0F, 0x00, 0x00, 0x00, 0xF0, 0xFF, 0x00, 0x00, 0x00, 0x00, 0xFF,
  0x00, 0x00, 0x00, 0x00, 0xFF, 0x00, 0x00, 0x00, 0x00, 0xFF, 0x00, 0x00, 0x00, 0x00, 0xFF, 0x0F,
  0x00, 0x00, 0x00, 0xF0, 0x0F, 0x00, 0x00, 0x00, 0xF0, 0x0F, 0x00, 0x00, 0x00, 0x00, 0xFF, 0xFF,
  0xFF, 0xFF, 0x0F, 0xF0, 0xFF, 0x0F, 0xF0, 0x0F, 0x00, 0xF0, 0x0F, 0x00, 0xF0, 0x0F, 0x00, 0xF0,
  0x0F, 0x00, 0xF0, 0x0F, 0x00, 0xF0, 0x0F, 0x00, 0xF0, 0x0F, 0x00, 0xF0, 0x0F, 0x00, 0xF0, 0x0F,
  0x00, 0xF0, 0x0F, 0x00, 0xF0, 0x0F, 0x00, 0xF0, 0x0F, 0x00, 0xF0, 0x0F, 0x00, 0xF0, 0xFF, 0x0F,
  0xFF, 0x00, 0x00, 0x00, 0x0F, 0x00, 0x00, 0xF0, 0x0F, 0x00, 0x00, 0xF0, 0x00, 0x00, 0x00, 0xFF,
  0x00, 0x00, 0xF0, 0x0F, 0x00, 0x00, 0xF0, 0x00, 0x00, 0x00, 0xFF, 0x00, 0x00, 0x00, 0x0F, 0x00,
  0x00, 0xF0, 0x0F, 0x00, 0x00, 0xFF, 0x00, 0x00, 0x00, 0x0F, 0xF0, 0xFF, 0x00, 0x00, 0xF0, 0x00,
  0x00, 0xF0, 0x00, 0x00, 0xF0, 0x00, 0x00, 0xF0, 0x00, 0x00, 0xF0, 0x00, 0x00, 0xF0, 0x00, 0x00,
  0xF0, 0x00, 0x00, 0xF0, 0x00, 0x00, 0xF0, 0x00, 0x00, 0xF0, 0x00, 0x00, 0xF0, 0x00, 0x00, 0xF0,
  0x00, 0x00, 0xF0, 0x00, 0xF0, 0xFF, 0x00, 0x00, 0x00, 0x00, 0x00, 0x00, 0x00, 0x00, 0xFF, 0x00,
  0x00, 0x00, 0xF0, 0xFF, 0x0F, 0x00, 0x00, 0xF0, 0x00, 0x0F, 0x00, 0x00, 0xFF, 0x00, 0xFF, 0x00,
  0x00, 0x0F, 0x00, 0xF0, 0x00, 0xF0, 0x0F, 0x00, 0xF0, 0x0F, 0x00, 0x00, 0x00, 0x00, 0x00, 0x00,
  0x00, 0x00, 0x00, 0x00, 0x00, 0x00, 0x00, 0x00, 0x00, 0x00, 0x00, 0x00, 0x00, 0x00, 0x00, 0x00,
  0x00, 0x00, 0x00, 0x00, 0x00, 0x00, 0x00, 0x00, 0x00, 0x00, 0x00, 0xF0, 0xFF, 0xFF, 0xFF, 0x00,
  0x00, 0x00, 0x00, 0x00, 0x00, 0x00, 0xFF, 0x00, 0x00, 0xFF, 0x00, 0x00, 0x00, 0x00, 0x00, 0x00,
  0x00, 0x00, 0x00, 0x00, 0x00, 0x00, 0x00, 0x00, 0x00, 0x00, 0x00, 0x00, 0x00, 0x00, 0x00, 0x00,
  0x00, 0x00, 0x00, 0x00, 0x00, 0xF0, 0xFF, 0x0F, 0x00, 0xF0, 0x0F, 0xFF, 0x0F, 0x00, 0x0F, 0x00,
  0xFF, 0x00, 0x00, 0x00, 0xF0, 0x0F, 0x00, 0xFF, 0xFF, 0xFF, 0x00, 0xFF, 0x00, 0x00, 0x0F, 0xF0,
  0x00, 0x00, 0xFF, 0x00, 0xFF, 0x00, 0xFF, 0x0F, 0x00, 0xFF, 0xFF, 0xF0, 0x0F, 0xF0, 0x0F, 0x00,
  0x00, 0x00, 0xF0, 0x0F, 0x00, 0x00, 0x00, 0xF0, 0x0F, 0x00, 0x00, 0x00, 0xF0, 0x0F, 0xFF, 0xFF,
  0x00, 0xF0, 0xFF, 0x0F, 0xFF, 0x0F, 0xF0, 0x0F, 0x00, 0xF0, 0x0F, 0xF0, 0x0F, 0x00, 0x00, 0x0F,
  0xF0, 0x0F, 0x00, 0x00, 0xFF, 0xF0, 0x0F, 0x00, 0x00, 0x0F, 0xF0, 0x0F, 0x00, 0xF0, 0x0F, 0xF0,
  0xFF, 0x0F, 0xFF, 0x0F, 0xF0, 0x0F, 0xFF, 0xFF, 0x00, 0x00, 0xF0, 0xFF, 0x0F, 0x00, 0xF0, 0x0F,
  0xF0, 0x0F, 0xF0, 0x0F, 0x00, 0x00, 0x00, 0xFF, 0x00, 0x00, 0x00, 0xF0, 0x00, 0x00, 0x00, 0x00,
  0xFF, 0x00, 0x00, 0x00, 0xF0, 0x0F, 0x00, 0x00, 0x00, 0xF0, 0x0F, 0xF0, 0x0F, 0x00, 0xF0, 0xFF,
  0x0F, 0x00, 0x00, 0x00, 0x00, 0xF0, 0x0F, 0x00, 0x00, 0x00, 0xF0, 0x0F, 0x00, 0x00, 0x00, 0xF0,
  0x0F, 0x00, 0xF0, 0xFF, 0xF0, 0x0F, 0x00, 0xFF, 0xF0, 0xFF, 0x0F, 0xF0, 0x0F, 0x00, 0xF0, 0x0F,
  0xF0, 0x0F, 0x00, 0xF0, 0x0F, 0xF0, 0x00, 0x00, 0xF0, 0x0F, 0xF0, 0x0F, 0x00, 0xF0, 0x0F, 0xF0,
  0x0F, 0x00, 0xF0, 0x0F, 0x00, 0xFF, 0xF0, 0xFF, 0x0F, 0x00, 0xF0, 0xFF, 0x00, 0x0F, 0x00, 0xF0,
  0xFF, 0x0F, 0x00, 0x00, 0xFF, 0x00, 0xFF, 0x00, 0xF0, 0x0F, 0x00, 0xF0, 0x0F, 0xF0, 0x0F, 0x00,
  0xF0, 0x0F, 0xF0, 0xFF, 0xFF, 0xFF, 0x0F, 0xF0, 0x0F, 0x00, 0x00, 0x00, 0xF0, 0x0F, 0x00, 0x00,
  0x00, 0x00, 0xFF, 0x00, 0xFF, 0x00, 0x00, 0xF0, 0xFF, 0x0F, 0x00, 0x00, 0x00, 0x00, 0x00, 0xFF,
  0x0F, 0x00, 0xFF, 0x00, 0x00, 0x0F, 0x00, 0x00, 0x0F, 0x00, 0xFF, 0xFF, 0x0F, 0xF0, 0xFF, 0x00,
  0x00, 0x0F, 0x00, 0x00, 0x0F, 0x00, 0x00, 0x0F, 0x00, 0x00, 0x0F, 0x00, 0x00, 0x0F, 0x00, 0x00,
  0x0F, 0x00, 0x00, 0x0F, 0x00, 0x00, 0xF0, 0xFF, 0x00, 0x0F, 0x00, 0xFF, 0xF0, 0xFF, 0x0F, 0xF0,
  0x0F, 0x00, 0xF0, 0x0F, 0xF0, 0x0F, 0x00, 0xF0, 0x0F, 0xF0, 0x00, 0x00, 0xF0, 0x0F, 0xF0, 0x0F,
  0x00, 0xF0, 0x0F, 0xF0, 0x0F, 0x00, 0xF0, 0x0F, 0x00, 0xFF, 0xF0, 0xFF, 0x0F, 0x00, 0xF0, 0xFF,
  0xF0, 0x0F, 0x00, 0x00, 0x00, 0xF0, 0x0F, 0x00, 0xFF, 0x00, 0xFF, 0x00, 0x00, 0xFF, 0xFF, 0xFF,
  0x00, 0x00, 0x00, 0x00, 0x00, 0x00, 0xF0, 0x0F, 0x00, 0x00, 0x00, 0xF0, 0x0F, 0x00, 0x00, 0x00,
  0xF0, 0x0F, 0x00, 0x00, 0x00, 0xF0, 0x0F, 0xFF, 0x0F, 0x00, 0xF0, 0xFF, 0x0F, 0xFF, 0x00, 0xF0,
  0x0F, 0x00, 0xF0, 0x0F, 0xF0, 0x0F, 0x00, 0xF0, 0x0F, 0xF0, 0x0F, 0x00, 0xF0, 0x0F, 0xF0, 0x0F,
  0x00, 0xF0, 0x0F, 0xF0, 0x0F, 0x00, 0xF0, 0x0F, 0xF0, 0x0F, 0x00, 0xF0, 0x0F, 0xF0, 0x0F, 0x00,
  0xF0, 0x0F, 0x00, 0xFF, 0x00, 0xF0, 0x0F, 0x00, 0x00, 0x00, 0x00, 0x00, 0xF0, 0xFF, 0x00, 0xF0,
  0x0F, 0x00, 0xFF, 0x00, 0xF0, 0x0F, 0x00, 0xFF, 0x00, 0xF0, 0x0F, 0x00, 0xFF, 0x00, 0xF0, 0x0F,
  0x00, 0xFF, 0x00, 0x00, 0xF0, 0x0F, 0x00, 0x00, 0xFF, 0x00, 0x00, 0x00, 0x00, 0x00, 0x00, 0x00,
  0x00, 0x00, 0x00, 0x0F, 0x00, 0x00, 0xF0, 0x00, 0x00, 0x00, 0x0F, 0x00, 0x00, 0xF0, 0x00, 0x00,
  0x00, 0x0F, 0x00, 0x00, 0xF0, 0x00, 0x00, 0x00, 0x0F, 0x00, 0x00, 0xF0, 0x00, 0x00, 0x00, 0x0F,
  0x00, 0x00, 0xF0, 0x00, 0x00, 0xF0, 0x0F, 0x00, 0xFF, 0x0F, 0x00, 0xF0, 0x0F, 0x00, 0x00, 0x00,
  0xFF, 0x00, 0x00, 0x00, 0xF0, 0x0F, 0x00, 0x00, 0x00, 0xFF, 0x00, 0xF0, 0x0F, 0xF0, 0x0F, 0xF0,
  0x0F, 0x00, 0xFF, 0xF0, 0x0F, 0x00, 0xF0, 0xFF, 0x0F, 0x00, 0x00, 0xFF, 0xFF, 0x00, 0x00, 0xF0,
  0x0F, 0xFF, 0x00, 0x00, 0xFF, 0x00, 0xFF, 0x00, 0xF0, 0x0F, 0x00, 0xFF, 0x00, 0xFF, 0x00, 0xF0,
  0x0F, 0xF0, 0x0F, 0x00, 0xFF, 0x00, 0xF0, 0x0F, 0x00, 0xFF, 0x00, 0xF0, 0x0F, 0x00, 0xFF, 0x00,
  0xF0, 0x0F, 0x00, 0xFF, 0x00, 0xF0, 0x0F, 0x00, 0xFF, 0x00, 0xF0, 0x0F, 0x00, 0xF0, 0x0F, 0xF0,
  0x0F, 0xFF, 0x0F, 0xF0, 0xFF, 0x0F, 0x00, 0xFF, 0x0F, 0xF0, 0xFF, 0x0F, 0xFF, 0x0F, 0xF0, 0x0F,
  0x00, 0xF0, 0x0F, 0x00, 0xFF, 0x00, 0xFF, 0x00, 0x00, 0xFF, 0x00, 0xF0, 0x0F, 0xF0, 0x0F, 0x00,
  0xF0, 0x00, 0x00, 0xFF, 0x00, 0xFF, 0x00, 0x00, 0x0F, 0x00, 0xF0, 0x0F, 0xF0, 0x0F, 0x00, 0xF0,
  0x00, 0x00, 0xFF, 0x00, 0xFF, 0x00, 0x00, 0x0F, 0x00, 0xF0, 0x0F, 0xF0, 0x0F, 0x00, 0xF0, 0x00,
  0x00, 0xFF, 0x00, 0xF0, 0x0F, 0xFF, 0x0F, 0x00, 0xF0, 0xFF, 0x0F, 0xFF, 0x00, 0xF0, 0x0F, 0x00,
  0xF0, 0x0F, 0xF0, 0x0F, 0x00, 0xF0, 0x0F, 0xF0, 0x0F, 0x00, 0xF0, 0x0F, 0xF0, 0x0F, 0x00, 0xF0,
  0x0F, 0xF0, 0x0F, 0x00, 0xF0, 0x0F, 0xF0, 0x0F, 0x00, 0xF0, 0x0F, 0xF0, 0x0F, 0x00, 0xF0, 0x0F,
  0x00, 0xF0, 0xFF, 0x0F, 0x00, 0x00, 0xFF, 0x00, 0xFF, 0x00, 0xF0, 0x0F, 0x00, 0xF0, 0x0F, 0xF0,
  0x00, 0x00, 0xF0, 0x0F, 0xF0, 0x00, 0x00, 0x00, 0x0F, 0xF0, 0x00, 0x00, 0xF0, 0x0F, 0xF0, 0x0F,
  0x00, 0xF0, 0x0F, 0x00, 0xFF, 0x00, 0xFF, 0x00, 0x00, 0xF0, 0xFF, 0x0F, 0x00, 0xF0, 0x0F, 0xFF,
  0xFF, 0x00, 0xF0, 0xFF, 0x0F, 0xFF, 0x0F, 0xF0, 0x0F, 0x00, 0xF0, 0x0F, 0xF0, 0x0F, 0x00, 0x00,
  0x0F, 0xF0, 0x0F, 0x00, 0x00, 0xFF, 0xF0, 0x0F, 0x00, 0x00, 0x0F, 0xF0, 0x0F, 0x00, 0xF0, 0x0F,
  0xF0, 0xFF, 0x0F, 0xFF, 0x0F, 0xF0, 0x0F, 0xFF, 0xFF, 0x00, 0xF0, 0x0F, 0x00, 0x00, 0x00, 0xF0,
  0x0F, 0x00, 0x00, 0x00, 0xF0, 0x0F, 0x00, 0x00, 0x00, 0x00, 0xF0, 0xFF, 0x00, 0x0F, 0x00, 0x00,
  0xFF, 0xF0, 0xFF, 0x0F, 0x00, 0xF0, 0x0F, 0x00, 0xF0, 0x0F, 0x00, 0xF0, 0x0F, 0x00, 0xF0, 0x0F,
  0x00, 0xF0, 0x00, 0x00, 0xF0, 0x0F, 0x00, 0xF0, 0x0F, 0x00, 0xF0, 0x0F, 0x00, 0xF0, 0x0F, 0x00,
  0xF0, 0x0F, 0x00, 0x00, 0xFF, 0xF0, 0xFF, 0x0F, 0x00, 0x00, 0xF0, 0xFF, 0xF0, 0x0F, 0x00, 0x00,
  0x00, 0x00, 0xF0, 0x0F, 0x00, 0x00, 0x00, 0x00, 0x00, 0xFF, 0x00, 0x00, 0x00, 0x00, 0x00, 0xFF,
  0x0F, 0xF0, 0x0F, 0xFF, 0x00, 0xFF, 0xFF, 0x00, 0xF0, 0x0F, 0x00, 0x00, 0xFF, 0x00, 0x00, 0xF0,
  0x0F, 0x00, 0x00, 0xFF, 0x00, 0x00, 0xF0, 0x0F, 0x00, 0x00, 0xFF, 0x00, 0x00, 0xF0, 0x0F, 0x00,
  0x00, 0x00, 0xFF, 0xFF, 0x00, 0xF0, 0x0F, 0xF0, 0x0F, 0xF0, 0x00, 0x00, 0x00, 0xF0, 0xFF, 0x00,
  0x00, 0x00, 0xFF, 0xFF, 0x0F, 0x00, 0x00, 0x00, 0xFF, 0xF0, 0x00, 0x00, 0xFF, 0xF0, 0xFF, 0xF0,
  0xFF, 0x00, 0xFF, 0xFF, 0x0F, 0x00, 0x0F, 0x00, 0x00, 0x0F, 0x00, 0xFF, 0xFF, 0x0F, 0x00, 0xFF,
  0x00, 0x00, 0x0F, 0x00, 0x00, 0x0F, 0x00, 0x00, 0x0F, 0x00, 0x00, 0x0F, 0x00, 0x00, 0x0F, 0x00,
  0x00, 0xFF, 0x00, 0x00, 0xFF, 0x0F, 0xF0, 0x0F, 0x00, 0xF0, 0x00, 0xF0, 0x0F, 0x00, 0xF0, 0x00,
  0xF0, 0x0F, 0x00, 0xF0, 0x00, 0xF0, 0x0F, 0x00, 0xF0, 0x00, 0xF0, 0x0F, 0x00, 0xF0, 0x00, 0xF0,
  0x0F, 0x00, 0xF0, 0x00, 0xF0, 0x0F, 0x00, 0xFF, 0x00, 0x00, 0xFF, 0xF0, 0xFF, 0x00, 0x00, 0xFF,
  0xFF, 0xF0, 0x00, 0xFF, 0x00, 0x00, 0xFF, 0xFF, 0x00, 0x00, 0x0F, 0xF0, 0x0F, 0xF0, 0x0F, 0xF0,
  0x0F, 0xF0, 0x0F, 0x00, 0x0F, 0xF0, 0x00, 0x00, 0xFF, 0xFF, 0x00, 0x00, 0xFF, 0xFF, 0x00, 0x00,
  0xF0, 0x0F, 0x00, 0x00, 0xF0, 0x0F, 0x00, 0xFF, 0x00, 0xF0, 0x0F, 0x00, 0xFF, 0xFF, 0x00, 0xF0,
  0x0F, 0x00, 0x0F, 0xF0, 0x00, 0xFF, 0x0F, 0xF0, 0x0F, 0xF0, 0x0F, 0x0F, 0xFF, 0xF0, 0x0F, 0xF0,
  0x0F, 0x0F, 0xF0, 0xF0, 0x0F, 0x00, 0x0F, 0x0F, 0xF0, 0xF0, 0x00, 0x00, 0xFF, 0x0F, 0xF0, 0xFF,
  0x00, 0x00, 0xFF, 0x00, 0xF0, 0xFF, 0x00, 0x00, 0xFF, 0x00, 0x00, 0x0F, 0x00, 0xFF, 0x00, 0x00,
  0xFF, 0x00, 0xFF, 0x00, 0xFF, 0x00, 0x00, 0xFF, 0xF0, 0x00, 0x00, 0x00, 0xFF, 0x0F, 0x00, 0x00,
  0xF0, 0x0F, 0x00, 0x00, 0xF0, 0xFF, 0x0F, 0x00, 0x00, 0xFF, 0xF0, 0x0F, 0x00, 0xFF, 0x00, 0xFF,
  0x00, 0xFF, 0x00, 0x00, 0xFF, 0x00, 0xFF, 0x00, 0x00, 0xFF, 0xFF, 0x00, 0x00, 0x0F, 0xF0, 0x0F,
  0xF0, 0x0F, 0xF0, 0x0F, 0xF0, 0x0F, 0x00, 0x0F, 0xF0, 0x00, 0x00, 0x0F, 0xFF, 0x00, 0x00, 0xFF,
  0xFF, 0x00, 0x00, 0xF0, 0x0F, 0x00, 0x00, 0xF0, 0x0F, 0x00, 0x00, 0xF0, 0x0F, 0x00, 0x00, 0xFF,
  0x00, 0x00, 0xF0, 0x0F, 0x00, 0x00, 0xF0, 0xFF, 0xFF, 0xFF, 0x00, 0x00, 0xF0, 0x0F, 0x00, 0x00,
  0xF0, 0x0F, 0x00, 0x00, 0xFF, 0x00, 0x00, 0xF0, 0x0F, 0x00, 0x00, 0xFF, 0x00, 0x00, 0x00, 0x0F,
  0x00, 0x00, 0xF0, 0x0F, 0x00, 0x00, 0xF0, 0xFF, 0xFF, 0xFF, 0x00, 0xFF, 0x0F, 0x00, 0xFF, 0x00,
  0x00, 0xFF, 0x00, 0x00, 0xFF, 0x00, 0x00, 0xFF, 0x00, 0x00, 0x0F, 0x00, 0x00, 0x0F, 0x00, 0xF0,
  0x0F, 0x00, 0xF0, 0x0F, 0x00, 0x00, 0x0F, 0x00, 0x00, 0xFF, 0x00, 0x00, 0xFF, 0x00, 0x00, 0xFF,
  0x00, 0x00, 0xFF, 0x00, 0x00, 0xFF, 0x0F, 0xF0, 0x0F, 0xF0, 0x0F, 0xF0, 0x0F, 0xF0, 0x0F, 0xF0,
  0x0F, 0xF0, 0x0F, 0xF0, 0x0F, 0xF0, 0x0F, 0xF0, 0x0F, 0xF0, 0x0F, 0xF0, 0x0F, 0xF0, 0x0F, 0xF0,
  0x0F, 0xF0, 0x0F, 0xF0, 0x0F, 0xF0, 0x0F, 0x00, 0x00, 0xFF, 0x00, 0x00, 0xFF, 0x00, 0x00, 0xFF,
  0x00, 0x00, 0xFF, 0x00, 0x00, 0xFF, 0x00, 0x00, 0xFF, 0x00, 0x00, 0xF0, 0x0F, 0x00, 0xF0, 0x00,
  0x00, 0xFF, 0x00, 0x00, 0xFF, 0x00, 0x00, 0xFF, 0x00, 0x00, 0xFF, 0x00, 0x00, 0xFF, 0x00, 0xF0,
  0x0F, 0x00, 0x00, 0x00, 0x00, 0x00, 0x00, 0xF0, 0xFF, 0xFF, 0xF0, 0x0F, 0xF0, 0x0F, 0xFF, 0xFF,
  0x0F, 0x00, 0x00, 0x00, 0x00, 0x00, 0x00, 0x00, 0x00, 0x00, 0x00, 0x00, 0x00, 0x00, 0x00, 0x00,
  0x00, 0x00, 0x00, 0x00, 0x00,
};
static constexpr Font kQualificationCurrent{kQualificationCurrentGlyphs, kQualificationCurrentBitmap, 18, 6, 24};
static constexpr Glyph kQualificationRegularAaGlyphs[] = {
  {0, 5, 0, 0, 0, 5},
  {0, 5, 13, 0, -13, 5},
  {33, 8, 13, 0, -13, 8},
  {85, 12, 13, 0, -13, 11},
  {163, 12, 17, 0, -15, 12},
  {265, 18, 13, 0, -13, 18},
  {382, 12, 13, 0, -13, 12},
  {460, 5, 13, 0, -13, 5},
  {493, 7, 17, 0, -15, 7},
  {553, 7, 17, 0, -15, 7},
  {613, 9, 13, 0, -13, 9},
  {672, 12, 10, 0, -10, 12},
  {732, 5, 5, 0, -2, 5},
  {745, 8, 7, 0, -7, 8},
  {773, 5, 3, 0, -3, 5},
  {781, 7, 16, 0, -14, 6},
  {837, 11, 13, 0, -13, 11},
  {909, 7, 13, 0, -13, 7},
  {955, 11, 13, 0, -13, 11},
  {1027, 11, 13, 0, -13, 11},
  {1099, 12, 13, 0, -13, 12},
  {1177, 11, 13, 0, -13, 11},
  {1249, 11, 13, 0, -13, 11},
  {1321, 10, 13, 0, -13, 10},
  {1386, 11, 13, 0, -13, 11},
  {1458, 11, 13, 0, -13, 11},
  {1530, 5, 10, 0, -10, 5},
  {1555, 5, 13, 0, -10, 5},
  {1588, 12, 10, 0, -10, 12},
  {1648, 12, 9, 0, -9, 12},
  {1702, 12, 10, 0, -10, 12},
  {1762, 9, 13, 0, -13, 9},
  {1821, 17, 17, 0, -13, 17},
  {1966, 12, 13, 0, -13, 12},
  {2044, 12, 13, 0, -13, 12},
  {2122, 13, 13, 0, -13, 13},
  {2207, 13, 13, 0, -13, 13},
  {2292, 11, 13, 0, -13, 11},
  {2364, 11, 13, 0, -13, 11},
  {2436, 13, 13, 0, -13, 13},
  {2521, 13, 13, 0, -13, 13},
  {2606, 5, 13, 0, -13, 5},
  {2639, 10, 13, 0, -13, 10},
  {2704, 12, 13, 0, -13, 12},
  {2782, 10, 13, 0, -13, 10},
  {2847, 16, 13, 0, -13, 16},
  {2951, 14, 13, 0, -13, 14},
  {3042, 14, 13, 0, -13, 14},
  {3133, 12, 13, 0, -13, 12},
  {3211, 14, 14, 0, -13, 14},
  {3309, 12, 13, 0, -13, 12},
  {3387, 12, 13, 0, -13, 12},
  {3465, 12, 13, 0, -13, 12},
  {3543, 13, 13, 0, -13, 13},
  {3628, 12, 13, 0, -13, 12},
  {3706, 18, 13, 0, -13, 18},
  {3823, 12, 13, 0, -13, 12},
  {3901, 12, 13, 0, -13, 12},
  {3979, 11, 13, 0, -13, 11},
  {4051, 7, 18, 0, -15, 7},
  {4114, 7, 16, 0, -14, 6},
  {4170, 7, 18, 0, -15, 7},
  {4233, 8, 13, 0, -13, 8},
  {4285, 9, 3, 0, -1, 8},
  {4299, 6, 14, 0, -14, 6},
  {4341, 10, 10, 0, -10, 10},
  {4391, 11, 13, 0, -13, 11},
  {4463, 10, 10, 0, -10, 10},
  {4513, 11, 13, 0, -13, 11},
  {4585, 11, 10, 0, -10, 11},
  {4640, 7, 13, 0, -13, 7},
  {4686, 11, 14, 0, -10, 11},
  {4763, 11, 13, 0, -13, 11},
  {4835, 4, 14, 0, -14, 4},
  {4863, 5, 18, -1, -14, 4},
  {4908, 10, 13, 0, -13, 10},
  {4973, 4, 13, 0, -13, 4},
  {4999, 16, 10, 0, -10, 16},
  {5079, 11, 10, 0, -10, 11},
  {5134, 11, 10, 0, -10, 11},
  {5189, 11, 14, 0, -10, 11},
  {5266, 11, 14, 0, -10, 11},
  {5343, 7, 10, 0, -10, 7},
  {5378, 10, 10, 0, -10, 10},
  {5428, 6, 13, 0, -13, 6},
  {5467, 11, 10, 0, -10, 11},
  {5522, 10, 10, 0, -10, 10},
  {5572, 15, 10, 0, -10, 15},
  {5647, 10, 10, 0, -10, 10},
  {5697, 10, 14, 0, -10, 10},
  {5767, 10, 10, 0, -10, 10},
  {5817, 8, 17, 0, -13, 8},
  {5885, 6, 22, 0, -18, 6},
  {5951, 8, 17, 0, -13, 8},
  {6019, 12, 8, 0, -8, 12},
};
static constexpr uint8_t kQualificationRegularAaBitmap[] = {
  0xB0, 0xDF, 0x00, 0xFB, 0x0D, 0xB0, 0xDF, 0x00, 0xF0, 0x0B, 0x00, 0xBF, 0x00, 0xF0, 0x0B, 0x00,
  0xBF, 0x00, 0xF0, 0x0B, 0x00, 0xBF, 0x00, 0x00, 0x00, 0x00, 0x00, 0x00, 0xFB, 0x0D, 0xB0, 0xDF,
  0x00, 0x00, 0xDF, 0xF0, 0x0D, 0x00, 0xDF, 0xF0, 0x0D, 0x00, 0xDF, 0xF0, 0x0B, 0x00, 0xBF, 0xF0,
  0x0B, 0x00, 0xBF, 0xF0, 0x0B, 0x00, 0x00, 0x00, 0x00, 0x00, 0x00, 0x00, 0x00, 0x00, 0x00, 0x00,
  0x00, 0x00, 0x00, 0x00, 0x00, 0x00, 0x00, 0x00, 0x00, 0x00, 0x00, 0x00, 0x00, 0x00, 0x00, 0x00,
  0x00, 0x00, 0x00, 0x00, 0x00, 0x00, 0xB0, 0x0F, 0x00, 0xDD, 0x00, 0x00, 0xD0, 0x0F, 0x00, 0xDF,
  0x00, 0x00, 0xD0, 0x0D, 0x00, 0x0F, 0x00, 0xF0, 0xFF, 0xFF, 0xFF, 0xFF, 0x0F, 0xB0, 0xFD, 0xBD,
  0xDB, 0xBF, 0x0B, 0x00, 0xF0, 0x00, 0xD0, 0x0F, 0x00, 0x00, 0xFB, 0x00, 0xD0, 0x0D, 0x00, 0x00,
  0xFD, 0x00, 0xF0, 0x0D, 0x00, 0xFD, 0xFF, 0xFF, 0xFF, 0xFF, 0x00, 0xB0, 0xDF, 0xBB, 0xFD, 0xBB,
  0x00, 0x00, 0xBF, 0x00, 0xFB, 0x00, 0x00, 0x00, 0x0F, 0x00, 0xFD, 0x00, 0x00, 0x00, 0x0F, 0x00,
  0xDD, 0x00, 0x00, 0x00, 0x00, 0xF0, 0x0B, 0x00, 0x00, 0x00, 0x00, 0xF0, 0x0B, 0x00, 0x00, 0x00,
  0xD0, 0xFF, 0xFF, 0x0B, 0x00, 0x00, 0xFF, 0xFD, 0xFD, 0xDF, 0x00, 0xB0, 0xBF, 0xF0, 0x0B, 0xFD,
  0x00, 0xD0, 0x0F, 0xF0, 0x0B, 0xB0, 0x00, 0xB0, 0xDF, 0xF0, 0x0B, 0x00, 0x00, 0x00, 0xFD, 0xFF,
  0x0B, 0x00, 0x00, 0x00, 0xB0, 0xFF, 0xFF, 0x0D, 0x00, 0x00, 0x00, 0xF0, 0xDD, 0xFF, 0x00, 0x00,
  0x00, 0xF0, 0x0B, 0xFD, 0x0B, 0xD0, 0x0B, 0xF0, 0x0B, 0xF0, 0x0D, 0xD0, 0x0F, 0xF0, 0x0B, 0xFD,
  0x0B, 0x00, 0xFF, 0xFD, 0xDD, 0xDF, 0x00, 0x00, 0xD0, 0xFF, 0xFF, 0x0D, 0x00, 0x00, 0x00, 0xF0,
  0x0B, 0x00, 0x00, 0x00, 0x00, 0xD0, 0x0B, 0x00, 0x00, 0x00, 0xF0, 0xFF, 0x00, 0x00, 0x00, 0xDF,
  0x00, 0x00, 0x00, 0xFF, 0xDD, 0x0F, 0x00, 0xD0, 0x0F, 0x00, 0x00, 0x00, 0xBF, 0x00, 0x0F, 0x00,
  0xF0, 0x0B, 0x00, 0x00, 0x00, 0xDF, 0xD0, 0x0F, 0x00, 0xDF, 0x00, 0x00, 0x00, 0x00, 0xFB, 0xFF,
  0x0D, 0xD0, 0x0F, 0x00, 0x00, 0x00, 0x00, 0x00, 0x00, 0x00, 0xF0, 0x00, 0x00, 0x00, 0x00, 0x00,
  0x00, 0x00, 0x00, 0xDF, 0x00, 0x00, 0x00, 0x00, 0x00, 0x00, 0x00, 0xD0, 0x0F, 0xD0, 0xFF, 0x0D,
  0x00, 0x00, 0x00, 0x00, 0xFB, 0x00, 0xF0, 0xBD, 0xDF, 0x00, 0x00, 0x00, 0x00, 0xDF, 0x00, 0xFD,
  0x00, 0xDD, 0x00, 0x00, 0x00, 0xD0, 0x0F, 0x00, 0xFD, 0x00, 0xDD, 0x00, 0x00, 0x00, 0xFB, 0x00,
  0x00, 0xF0, 0xDD, 0xBF, 0x00, 0x00, 0x00, 0xBF, 0x00, 0x00, 0xB0, 0xFF, 0x0D, 0x00, 0x00, 0xD0,
  0xFF, 0x0F, 0x00, 0x00, 0x00, 0xFD, 0xDD, 0xFF, 0x00, 0x00, 0x00, 0xDF, 0x00, 0xFB, 0x0B, 0x00,
  0x00, 0xDF, 0x00, 0xFB, 0x00, 0x00, 0x00, 0xFD, 0xB0, 0xDF, 0x00, 0x00, 0x00, 0xF0, 0xFF, 0x0D,
  0x00, 0x00, 0x00, 0xFB, 0xFF, 0x00, 0x00, 0x00, 0xB0, 0xDF, 0xF0, 0x0F, 0xF0, 0x0D, 0xF0, 0x0F,
  0x00, 0xDF, 0xF0, 0x0B, 0xF0, 0x0D, 0x00, 0xFB, 0xFF, 0x00, 0xF0, 0x0F, 0x00, 0xD0, 0xDF, 0x00,
  0xB0, 0xFF, 0xDD, 0xFF, 0xFF, 0x00, 0x00, 0xDB, 0xFF, 0xBF, 0xF0, 0x0F, 0x00, 0xDF, 0x00, 0xF0,
  0x0D, 0x00, 0xDF, 0x00, 0xF0, 0x0B, 0x00, 0xBF, 0x00, 0x00, 0x00, 0x00, 0x00, 0x00, 0x00, 0x00,
  0x00, 0x00, 0x00, 0x00, 0x00, 0x00, 0x00, 0x00, 0x00, 0x00, 0x00, 0x00, 0x00, 0x00, 0x00, 0xBD,
  0x00, 0x00, 0xFB, 0x0B, 0x00, 0xF0, 0x0F, 0x00, 0x00, 0xDF, 0x00, 0x00, 0xFB, 0x00, 0x00, 0xD0,
  0x0F, 0x00, 0x00, 0xFF, 0x00, 0x00, 0xF0, 0x0D, 0x00, 0x00, 0xDF, 0x00, 0x00, 0xF0, 0x0D, 0x00,
  0x00, 0xDF, 0x00, 0x00, 0xF0, 0x0F, 0x00, 0x00, 0xFD, 0x00, 0x00, 0xB0, 0xBF, 0x00, 0x00, 0xF0,
  0x0D, 0x00, 0x00, 0xFD, 0x00, 0x00, 0x00, 0xDF, 0x00, 0xD0, 0x00, 0x00, 0x00, 0xFF, 0x00, 0x00,
  0xB0, 0xBF, 0x00, 0x00, 0xF0, 0x0D, 0x00, 0x00, 0xFD, 0x00, 0x00, 0xD0, 0x0F, 0x00, 0x00, 0xF0,
  0x0B, 0x00, 0x00, 0xDF, 0x00, 0x00, 0xF0, 0x0D, 0x00, 0x00, 0xDF, 0x00, 0x00, 0xF0, 0x0D, 0x00,
  0x00, 0xBF, 0x00, 0x00, 0xFB, 0x00, 0x00, 0xD0, 0x0F, 0x00, 0x00, 0xDF, 0x00, 0x00, 0xFD, 0x00,
  0x00, 0xF0, 0x0D, 0x00, 0x00, 0x00, 0x00, 0x0F, 0x00, 0x00, 0x0B, 0xF0, 0x00, 0x0B, 0xD0, 0xDF,
  0xDF, 0xDF, 0x00, 0x00, 0xFF, 0x0F, 0x00, 0xD0, 0xDF, 0xDF, 0xDF, 0x00, 0x0B, 0xF0, 0x00, 0x0D,
  0x00, 0x00, 0x0F, 0x00, 0x00, 0x00, 0x00, 0x00, 0x00, 0x00, 0x00, 0x00, 0x00, 0x00, 0x00, 0x00,
  0x00, 0x00, 0x00, 0x00, 0x00, 0x00, 0x00, 0x00, 0x00, 0x00, 0x00, 0x00, 0x00, 0x00, 0x00, 0x00,
  0x00, 0x00, 0xF0, 0x0D, 0x00, 0x00, 0x00, 0x00, 0xF0, 0x0D, 0x00, 0x00, 0x00, 0x00, 0xF0, 0x0D,
  0x00, 0x00, 0x00, 0x00, 0xF0, 0x0D, 0x00, 0x00, 0xB0, 0xFF, 0xFF, 0xFF, 0xFF, 0x00, 0x00, 0xBB,
  0xFB, 0xBF, 0xBB, 0x00, 0x00, 0x00, 0xF0, 0x0D, 0x00, 0x00, 0x00, 0x00, 0xF0, 0x0D, 0x00, 0x00,
  0x00, 0x00, 0xF0, 0x0D, 0x00, 0x00, 0x00, 0x00, 0x00, 0x00, 0x00, 0x00, 0x00, 0xDF, 0x00, 0xFB,
  0x0B, 0xD0, 0x0F, 0x00, 0xFD, 0x00, 0xF0, 0x0D, 0x00, 0x00, 0x00, 0x00, 0x00, 0xD0, 0xFF, 0xFF,
  0x0F, 0x00, 0xBB, 0xBB, 0x0B, 0x00, 0x00, 0x00, 0x00, 0x00, 0x00, 0x00, 0x00, 0x00, 0x00, 0x00,
  0x00, 0x00, 0x00, 0x00, 0x00, 0x00, 0x00, 0x00, 0xFB, 0x0D, 0xB0, 0xDF, 0x00, 0x00, 0x00, 0xD0,
  0x00, 0x00, 0xD0, 0x0F, 0x00, 0x00, 0xDF, 0x00, 0x00, 0xF0, 0x00, 0x00, 0xD0, 0x0F, 0x00, 0x00,
  0xDD, 0x00, 0x00, 0xF0, 0x0D, 0x00, 0xB0, 0x0F, 0x00, 0x00, 0xFD, 0x00, 0x00, 0xF0, 0x0D, 0x00,
  0x00, 0xBF, 0x00, 0x00, 0xFB, 0x00, 0x00, 0xD0, 0x0F, 0x00, 0x00, 0xDF, 0x00, 0x00, 0xF0, 0x00,
  0x00, 0xD0, 0x0F, 0x00, 0x00, 0x00, 0xB0, 0xFF, 0xDF, 0x00, 0x00, 0xD0, 0xDF, 0xDD, 0xFF, 0x00,
  0x00, 0xDF, 0x00, 0xB0, 0xDF, 0x00, 0xFD, 0x00, 0x00, 0xF0, 0x0F, 0xF0, 0x0F, 0x00, 0x00, 0xFD,
  0x00, 0xDF, 0x00, 0x00, 0xB0, 0x0F, 0xF0, 0x0D, 0x00, 0x00, 0xFB, 0x00, 0xDF, 0x00, 0x00, 0xB0,
  0x0F, 0xF0, 0x0F, 0x00, 0x00, 0xFD, 0x00, 0xFD, 0x00, 0x00, 0xF0, 0x0F, 0x00, 0xDF, 0x00, 0xB0,
  0xDF, 0x00, 0xD0, 0xDF, 0xDD, 0xFF, 0x00, 0x00, 0xB0, 0xFF, 0xDF, 0x00, 0x00, 0x00, 0xF0, 0xDF,
  0x00, 0xFB, 0xFF, 0x0D, 0xF0, 0x0D, 0xDF, 0x00, 0x0B, 0xF0, 0x0D, 0x00, 0x00, 0xDF, 0x00, 0x00,
  0xF0, 0x0D, 0x00, 0x00, 0xDF, 0x00, 0x00, 0xF0, 0x0D, 0x00, 0x00, 0xDF, 0x00, 0x00, 0xF0, 0x0D,
  0x00, 0x00, 0xDF, 0x00, 0x00, 0xF0, 0x0D, 0x00, 0x00, 0xDF, 0x00, 0x00, 0xD0, 0xFF, 0xDF, 0x00,
  0x00, 0xF0, 0xDF, 0xDD, 0xDF, 0x00, 0xB0, 0xBF, 0x00, 0xD0, 0x0F, 0x00, 0xFD, 0x00, 0x00, 0xF0,
  0x0B, 0x00, 0x00, 0x00, 0xB0, 0xBF, 0x00, 0x00, 0x00, 0x00, 0xFF, 0x00, 0x00, 0x00, 0x00, 0xFD,
  0x0B, 0x00, 0x00, 0x00, 0xFD, 0x0D, 0x00, 0x00, 0x00, 0xFD, 0x0D, 0x00, 0x00, 0x00, 0xFB, 0x0D,
  0x00, 0x00, 0x00, 0xFB, 0x0D, 0x00, 0x00, 0x00, 0xFB, 0xDF, 0xBB, 0xBB, 0x0B, 0xD0, 0xFF, 0xFF,
  0xFF, 0xDF, 0x00, 0x00, 0xD0, 0xFF, 0xDF, 0x00, 0x00, 0xF0, 0xDF, 0xDD, 0xFF, 0x00, 0xB0, 0xBF,
  0x00, 0xB0, 0xBF, 0x00, 0xDB, 0x00, 0x00, 0xF0, 0x0D, 0x00, 0x00, 0x00, 0xB0, 0xBF, 0x00, 0x00,
  0x00, 0xB0, 0xFF, 0x00, 0x00, 0x00, 0xFD, 0xFF, 0x00, 0x00, 0x00, 0x00, 0xDB, 0xFF, 0x00, 0x00,
  0x00, 0x00, 0x00, 0xFF, 0x00, 0x00, 0x00, 0x00, 0xD0, 0x0F, 0xD0, 0x0F, 0x00, 0x00, 0xFF, 0x00,
  0xF0, 0xDF, 0xDD, 0xFF, 0x0B, 0x00, 0xD0, 0xFF, 0xDF, 0x00, 0x00, 0x00, 0x00, 0x00, 0xFD, 0x0F,
  0x00, 0x00, 0x00, 0x00, 0xFF, 0x0F, 0x00, 0x00, 0x00, 0xF0, 0xFF, 0x0F, 0x00, 0x00, 0x00, 0xFD,
  0xF0, 0x0F, 0x00, 0x00, 0x00, 0xDF, 0xF0, 0x0F, 0x00, 0x00, 0xD0, 0x0F, 0xF0, 0x0F, 0x00, 0x00,
  0xFB, 0x0B, 0xF0, 0x0F, 0x00, 0x00, 0xDF, 0x00, 0xF0, 0x0F, 0x00, 0xD0, 0x0F, 0x00, 0xF0, 0x0F,
  0x00, 0xF0, 0xFF, 0xFF, 0xFF, 0xFF, 0x0D, 0xB0, 0xBB, 0xBB, 0xFB, 0xBF, 0x00, 0x00, 0x00, 0x00,
  0xF0, 0x0F, 0x00, 0x00, 0x00, 0x00, 0xF0, 0x0F, 0x00, 0x00, 0xFF, 0xFF, 0xFF, 0x0F, 0x00, 0xF0,
  0xBD, 0xBB, 0xBB, 0x00, 0x00, 0xBF, 0x00, 0x00, 0x00, 0x00, 0xFB, 0x00, 0x00, 0x00, 0x00, 0xD0,
  0xDF, 0xFF, 0xDF, 0x00, 0x00, 0xFD, 0xBF, 0xDB, 0xDF, 0x00, 0x00, 0x00, 0x00, 0xD0, 0x0F, 0x00,
  0x00, 0x00, 0x00, 0xF0, 0x0D, 0x00, 0x00, 0x00, 0x00, 0xDF, 0x00, 0xDD, 0x00, 0x00, 0xF0, 0x0D,
  0xD0, 0x0F, 0x00, 0xD0, 0x0F, 0x00, 0xF0, 0xDF, 0xFD, 0xDF, 0x00, 0x00, 0xD0, 0xFF, 0xBF, 0x00,
  0x00, 0x00, 0x00, 0xFF, 0xDF, 0x00, 0x00, 0xB0, 0xFF, 0xDD, 0xFF, 0x0B, 0x00, 0xDF, 0x00, 0x00,
  0xFF, 0x00, 0xFB, 0x00, 0x00, 0x00, 0x00, 0xD0, 0x0F, 0xFF, 0xFF, 0x00, 0x00, 0xFF, 0xDF, 0xDB,
  0xFF, 0x00, 0xF0, 0xDF, 0x00, 0x00, 0xDF, 0x00, 0xFF, 0x00, 0x00, 0xD0, 0x0F, 0xF0, 0x0F, 0x00,
  0x00, 0xFD, 0x00, 0xFD, 0x00, 0x00, 0xD0, 0x0F, 0x00, 0xDF, 0x00, 0x00, 0xDF, 0x00, 0xD0, 0xDF,
  0xDD, 0xFF, 0x00, 0x00, 0xD0, 0xFF, 0xDF, 0x00, 0x00, 0xF0, 0xFF, 0xFF, 0xFF, 0xBF, 0xB0, 0xBB,
  0xBB, 0xFB, 0xBF, 0x00, 0x00, 0x00, 0xF0, 0x0F, 0x00, 0x00, 0x00, 0xFD, 0x0B, 0x00, 0x00, 0x00,
  0xFF, 0x00, 0x00, 0x00, 0xD0, 0xBF, 0x00, 0x00, 0x00, 0xF0, 0x0F, 0x00, 0x00, 0x00, 0xFD, 0x0B,
  0x00, 0x00, 0x00, 0xFF, 0x00, 0x00, 0x00, 0xD0, 0xBF, 0x00, 0x00, 0x00, 0xF0, 0x0F, 0x00, 0x00,
  0x00, 0xFD, 0x00, 0x00, 0x00, 0x00, 0xFF, 0x00, 0x00, 0x00, 0x00, 0xD0, 0xFF, 0xDF, 0x00, 0x00,
  0xF0, 0xDF, 0xDD, 0xFF, 0x00, 0xB0, 0xBF, 0x00, 0x00, 0xDF, 0x00, 0xFB, 0x00, 0x00, 0xF0, 0x0D,
  0x00, 0xFF, 0x0B, 0xFB, 0x0F, 0x00, 0x00, 0xFF, 0xFF, 0x0F, 0x00, 0x00, 0xFF, 0xBD, 0xFD, 0x0F,
  0x00, 0xFD, 0x00, 0x00, 0xF0, 0x0D, 0xF0, 0x0F, 0x00, 0x00, 0xFD, 0x00, 0xFF, 0x00, 0x00, 0xD0,
  0x0F, 0xD0, 0x0F, 0x00, 0x00, 0xFF, 0x00, 0xF0, 0xDF, 0xDD, 0xFF, 0x00, 0x00, 0xD0, 0xFF, 0xDF,
  0x00, 0x00, 0x00, 0xD0, 0xFF, 0xDF, 0x00, 0x00, 0xF0, 0xDF, 0xDD, 0xFF, 0x00, 0xD0, 0xBF, 0x00,
  0xB0, 0xBF, 0x00, 0xFF, 0x00, 0x00, 0xF0, 0x0F, 0xF0, 0x0D, 0x00, 0x00, 0xFF, 0x00, 0xFD, 0x00,
  0x00, 0xF0, 0x0F, 0x00, 0xFF, 0x0B, 0xFB, 0xFF, 0x00, 0xB0, 0xFF, 0xFF, 0xDD, 0x0F, 0x00, 0x00,
  0x00, 0x00, 0xFD, 0x00, 0xBB, 0x00, 0x00, 0xF0, 0x0D, 0xD0, 0x0F, 0x00, 0xD0, 0x0F, 0x00, 0xF0,
  0xDF, 0xDD, 0xDF, 0x00, 0x00, 0xD0, 0xFF, 0xBF, 0x00, 0x00, 0x00, 0x00, 0x00, 0xFB, 0x0D, 0xB0,
  0xDF, 0x00, 0x00, 0x00, 0x00, 0x00, 0x00, 0x00, 0x00, 0x00, 0x00, 0x00, 0x00, 0x00, 0xB0, 0xDF,
  0x00, 0xFB, 0x0D, 0x00, 0x00, 0x00, 0xF0, 0x0F, 0x00, 0xDF, 0x00, 0x00, 0x00, 0x00, 0x00, 0x00,
  0x00, 0x00, 0x00, 0x00, 0x00, 0x00, 0x00, 0x00, 0xDF, 0x00, 0xFB, 0x0B, 0xD0, 0x0F, 0x00, 0xFD,
  0x00, 0xF0, 0x0D, 0x00, 0x00, 0x00, 0x00, 0x00, 0xD0, 0x00, 0x00, 0x00, 0x00, 0xD0, 0xFF, 0x00,
  0x00, 0x00, 0xD0, 0xFF, 0x0D, 0x00, 0x00, 0xD0, 0xFF, 0x0D, 0x00, 0x00, 0xB0, 0xFF, 0x0B, 0x00,
  0x00, 0x00, 0x00, 0xFF, 0x0D, 0x00, 0x00, 0x00, 0x00, 0xB0, 0xFF, 0x0D, 0x00, 0x00, 0x00, 0x00,
  0xB0, 0xFF, 0x0D, 0x00, 0x00, 0x00, 0x00, 0xB0, 0xFF, 0x00, 0x00, 0x00, 0x00, 0x00, 0xB0, 0x00,
  0x00, 0x00, 0x00, 0x00, 0x00, 0x00, 0x00, 0xFF, 0xFF, 0xFF, 0xFF, 0x00, 0x00, 0xBB, 0xBB, 0xBB,
  0x0B, 0x00, 0x00, 0x00, 0x00, 0x00, 0x00, 0x00, 0x00, 0x00, 0x00, 0x00, 0x00, 0x00, 0x00, 0xFF,
  0xFF, 0xFF, 0xFF, 0x00, 0x00, 0xBB, 0xBB, 0xBB, 0x0B, 0x00, 0x00, 0x00, 0x00, 0x00, 0x00, 0x00,
  0x00, 0x00, 0x00, 0x00, 0x00, 0x00, 0x00, 0x0D, 0x00, 0x00, 0x00, 0x00, 0x00, 0xFF, 0x0D, 0x00,
  0x00, 0x00, 0x00, 0xD0, 0xFF, 0x0D, 0x00, 0x00, 0x00, 0x00, 0xD0, 0xFF, 0x0D, 0x00, 0x00, 0x00,
  0x00, 0xB0, 0xFF, 0x0B, 0x00, 0x00, 0x00, 0xD0, 0xFF, 0x00, 0x00, 0x00, 0xD0, 0xFF, 0x0B, 0x00,
  0x00, 0xFB, 0xFF, 0x0B, 0x00, 0x00, 0x00, 0xFF, 0x0B, 0x00, 0x00, 0x00, 0x00, 0x0B, 0x00, 0x00,
  0x00, 0x00, 0x00, 0xFD, 0xFF, 0x0D, 0x00, 0xFD, 0xDD, 0xFD, 0x0D, 0xF0, 0x0D, 0x00, 0xFD, 0x00,
  0x0D, 0x00, 0xB0, 0x0F, 0x00, 0x00, 0x00, 0xFD, 0x00, 0x00, 0x00, 0xFD, 0x0D, 0x00, 0x00, 0xFF,
  0x0D, 0x00, 0x00, 0xFD, 0x0B, 0x00, 0x00, 0xD0, 0x0F, 0x00, 0x00, 0x00, 0x00, 0x00, 0x00, 0x00,
  0x00, 0x00, 0x00, 0x00, 0x00, 0xFF, 0x00, 0x00, 0x00, 0xD0, 0x0F, 0x00, 0x00, 0x00, 0x00, 0x00,
  0x00, 0x00, 0x00, 0x00, 0x00, 0x00, 0x00, 0x00, 0xFD, 0xFF, 0xFF, 0xBD, 0x00, 0x00, 0x00, 0x00,
  0xFF, 0xDD, 0xBB, 0xDD, 0xFF, 0x00, 0x00, 0x00, 0xFF, 0x00, 0x00, 0x00, 0x00, 0xFF, 0x00, 0x00,
  0xFF, 0x00, 0x00, 0x00, 0x00, 0x00, 0xDF, 0x00, 0xFB, 0x00, 0xD0, 0xFF, 0xDF, 0x0F, 0xD0, 0x0F,
  0xD0, 0x0F, 0xD0, 0xDF, 0xDB, 0xFF, 0x00, 0xF0, 0x00, 0xDF, 0x00, 0xDF, 0x00, 0xB0, 0x0F, 0x00,
  0xBF, 0xF0, 0x0D, 0xF0, 0x00, 0x00, 0xF0, 0x00, 0xF0, 0x00, 0xDF, 0x00, 0xBF, 0x00, 0x00, 0x0F,
  0x00, 0x0F, 0xF0, 0x0D, 0xF0, 0x0D, 0x00, 0xFD, 0x00, 0xFB, 0x00, 0xFD, 0x00, 0xFB, 0xDD, 0xFD,
  0xFF, 0xFD, 0x0D, 0xB0, 0xBF, 0x00, 0xFB, 0xDF, 0xB0, 0xFF, 0x0D, 0x00, 0xF0, 0x0F, 0x00, 0x00,
  0x00, 0x00, 0x00, 0x00, 0x00, 0xF0, 0x0F, 0x00, 0x00, 0x00, 0x00, 0x00, 0x00, 0x00, 0xF0, 0xFF,
  0xDD, 0xDD, 0xFF, 0x00, 0x00, 0x00, 0x00, 0xB0, 0xFD, 0xFF, 0xDF, 0x0B, 0x00, 0x00, 0x00, 0x00,
  0xF0, 0xBF, 0x00, 0x00, 0x00, 0x00, 0xFB, 0xDF, 0x00, 0x00, 0x00, 0x00, 0xFD, 0xFD, 0x00, 0x00,
  0x00, 0x00, 0xDF, 0xF0, 0x0D, 0x00, 0x00, 0xB0, 0x0F, 0xF0, 0x0F, 0x00, 0x00, 0xF0, 0x0F, 0xD0,
  0x0F, 0x00, 0x00, 0xF0, 0x0D, 0x00, 0xDF, 0x00, 0x00, 0xFD, 0x0B, 0x00, 0xFF, 0x00, 0x00, 0xFF,
  0xFF, 0xFF, 0xFF, 0x0B, 0x00, 0xDF, 0xBB, 0xBB, 0xFB, 0x0D, 0xD0, 0x0F, 0x00, 0x00, 0xD0, 0x0F,
  0xF0, 0x0D, 0x00, 0x00, 0xB0, 0xBF, 0xFB, 0x0B, 0x00, 0x00, 0x00, 0xFF, 0xB0, 0xFF, 0xFF, 0xFF,
  0x0D, 0x00, 0xB0, 0xDF, 0xBB, 0xDD, 0xDF, 0x00, 0xB0, 0x0F, 0x00, 0x00, 0xFD, 0x00, 0xB0, 0x0F,
  0x00, 0x00, 0xFB, 0x00, 0xB0, 0x0F, 0x00, 0x00, 0xFD, 0x00, 0xB0, 0xBF, 0x00, 0xD0, 0xDF, 0x00,
  0xB0, 0xFF, 0xFF, 0xFF, 0x0D, 0x00, 0xB0, 0xDF, 0xBB, 0xDB, 0xFF, 0x00, 0xB0, 0x0F, 0x00, 0x00,
  0xF0, 0x0D, 0xB0, 0x0F, 0x00, 0x00, 0xF0, 0x0D, 0xB0, 0x0F, 0x00, 0x00, 0xF0, 0x0D, 0xB0, 0xDF,
  0xBB, 0xDD, 0xFF, 0x00, 0xB0, 0xFF, 0xFF, 0xFF, 0x0D, 0x00, 0x00, 0x00, 0xFD, 0xFF, 0xBF, 0x00,
  0x00, 0x00, 0xFF, 0xDD, 0xFD, 0xDF, 0x00, 0x00, 0xFF, 0x00, 0x00, 0xB0, 0xDF, 0x00, 0xFB, 0x0B,
  0x00, 0x00, 0xD0, 0x0F, 0xD0, 0x0F, 0x00, 0x00, 0x00, 0x00, 0x00, 0xFF, 0x00, 0x00, 0x00, 0x00,
  0x00, 0xF0, 0x0D, 0x00, 0x00, 0x00, 0x00, 0x00, 0xFF, 0x00, 0x00, 0x00, 0x00, 0x00, 0xD0, 0x0F,
  0x00, 0x00, 0x00, 0x00, 0x00, 0xFB, 0x0B, 0x00, 0x00, 0xD0, 0x0F, 0x00, 0xFF, 0x00, 0x00, 0xB0,
  0xDF, 0x00, 0x00, 0xFF, 0xDD, 0xFD, 0xDF, 0x00, 0x00, 0x00, 0xFD, 0xFF, 0xBF, 0x00, 0x00, 0xB0,
  0xFF, 0xFF, 0xFF, 0x0D, 0x00, 0x00, 0xFB, 0xBD, 0xDB, 0xFD, 0x0F, 0x00, 0xB0, 0x0F, 0x00, 0x00,
  0xF0, 0x0F, 0x00, 0xFB, 0x00, 0x00, 0x00, 0xFB, 0x0B, 0xB0, 0x0F, 0x00, 0x00, 0x00, 0xDF, 0x00,
  0xFB, 0x00, 0x00, 0x00, 0xF0, 0x0F, 0xB0, 0x0F, 0x00, 0x00, 0x00, 0xFD, 0x00, 0xFB, 0x00, 0x00,
  0x00, 0xF0, 0x0F, 0xB0, 0x0F, 0x00, 0x00, 0x00, 0xDF, 0x00, 0xFB, 0x00, 0x00, 0x00, 0xFB, 0x0B,
  0xB0, 0x0F, 0x00, 0x00, 0xF0, 0x0F, 0x00, 0xFB, 0xBD, 0xDB, 0xFD, 0x0F, 0x00, 0xB0, 0xFF, 0xFF,
  0xFF, 0x0B, 0x00, 0x00, 0xB0, 0xFF, 0xFF, 0xFF, 0xDF, 0x00, 0xFB, 0xBD, 0xBB, 0xBB, 0x00, 0xB0,
  0x0F, 0x00, 0x00, 0x00, 0x00, 0xFB, 0x00, 0x00, 0x00, 0x00, 0xB0, 0x0F, 0x00, 0x00, 0x00, 0x00,
  0xFB, 0x0B, 0x00, 0x00, 0x00, 0xB0, 0xFF, 0xFF, 0xFF, 0x0F, 0x00, 0xFB, 0xBD, 0xBB, 0xBB, 0x00,
  0xB0, 0x0F, 0x00, 0x00, 0x00, 0x00, 0xFB, 0x00, 0x00, 0x00, 0x00, 0xB0, 0x0F, 0x00, 0x00, 0x00,
  0x00, 0xFB, 0xBD, 0xBB, 0xBB, 0x00, 0xB0, 0xFF, 0xFF, 0xFF, 0xDF, 0x00, 0xB0, 0xFF, 0xFF, 0xFF,
  0xDF, 0x00, 0xFB, 0xBD, 0xBB, 0xBB, 0x00, 0xB0, 0x0F, 0x00, 0x00, 0x00, 0x00, 0xFB, 0x00, 0x00,
  0x00, 0x00, 0xB0, 0x0F, 0x00, 0x00, 0x00, 0x00, 0xFB, 0x0B, 0x00, 0x00, 0x00, 0xB0, 0xFF, 0xFF,
  0xFF, 0x0F, 0x00, 0xFB, 0xBD, 0xBB, 0x0B, 0x00, 0xB0, 0x0F, 0x00, 0x00, 0x00, 0x00, 0xFB, 0x00,
  0x00, 0x00, 0x00, 0xB0, 0x0F, 0x00, 0x00, 0x00, 0x00, 0xFB, 0x00, 0x00, 0x00, 0x00, 0xB0, 0x0F,
  0x00, 0x00, 0x00, 0x00, 0x00, 0x00, 0xFD, 0xFF, 0xBF, 0x00, 0x00, 0x00, 0xFF, 0xDD, 0xFD, 0xFF,
  0x00, 0x00, 0xFF, 0x00, 0x00, 0xB0, 0xDF, 0x00, 0xFB, 0x0B, 0x00, 0x00, 0xD0, 0x0F, 0xD0, 0x0F,
  0x00, 0x00, 0x00, 0x00, 0x00, 0xFF, 0x00, 0x00, 0x00, 0x00, 0x00, 0xF0, 0x0D, 0x00, 0xD0, 0xFF,
  0xFF, 0x0B, 0xFF, 0x00, 0x00, 0xB0, 0xDB, 0xBF, 0xD0, 0x0F, 0x00, 0x00, 0x00, 0xFD, 0x00, 0xFB,
  0x0B, 0x00, 0x00, 0xF0, 0x0F, 0x00, 0xFF, 0x00, 0x00, 0xD0, 0xDF, 0x00, 0x00, 0xFF, 0xDD, 0xFD,
  0xDF, 0x00, 0x00, 0x00, 0xFD, 0xFF, 0xBF, 0x00, 0x00, 0xB0, 0x0F, 0x00, 0x00, 0x00, 0xFF, 0x00,
  0xFB, 0x00, 0x00, 0x00, 0xF0, 0x0F, 0xB0, 0x0F, 0x00, 0x00, 0x00, 0xFF, 0x00, 0xFB, 0x00, 0x00,
  0x00, 0xF0, 0x0F, 0xB0, 0x0F, 0x00, 0x00, 0x00, 0xFF, 0x00, 0xFB, 0x0B, 0x00, 0x00, 0xF0, 0x0F,
  0xB0, 0xFF, 0xFF, 0xFF, 0xFF, 0xFF, 0x00, 0xFB, 0xBD, 0xBB, 0xBB, 0xFB, 0x0F, 0xB0, 0x0F, 0x00,
  0x00, 0x00, 0xFF, 0x00, 0xFB, 0x00, 0x00, 0x00, 0xF0, 0x0F, 0xB0, 0x0F, 0x00, 0x00, 0x00, 0xFF,
  0x00, 0xFB, 0x00, 0x00, 0x00, 0xF0, 0x0F, 0xB0, 0x0F, 0x00, 0x00, 0x00, 0xFF, 0x00, 0xB0, 0x0F,
  0x00, 0xFB, 0x00, 0xB0, 0x0F, 0x00, 0xFB, 0x00, 0xB0, 0x0F, 0x00, 0xFB, 0x00, 0xB0, 0x0F, 0x00,
  0xFB, 0x00, 0xB0, 0x0F, 0x00, 0xFB, 0x00, 0xB0, 0x0F, 0x00, 0xFB, 0x00, 0xB0, 0x0F, 0x00, 0x00,
  0x00, 0x00, 0xF0, 0x0D, 0x00, 0x00, 0x00, 0xF0, 0x0D, 0x00, 0x00, 0x00, 0xF0, 0x0D, 0x00, 0x00,
  0x00, 0xF0, 0x0D, 0x00, 0x00, 0x00, 0xF0, 0x0D, 0x00, 0x00, 0x00, 0xF0, 0x0D, 0x00, 0x00, 0x00,
  0xF0, 0x0D, 0x00, 0x00, 0x00, 0xF0, 0x0D, 0xD0, 0x0B, 0x00, 0xF0, 0x0D, 0xF0, 0x0D, 0x00, 0xF0,
  0x0D, 0xF0, 0x0F, 0x00, 0xFB, 0x0D, 0xB0, 0xFF, 0xDD, 0xFF, 0x00, 0x00, 0xFB, 0xFF, 0x0D, 0x00,
  0xB0, 0x0F, 0x00, 0x00, 0xF0, 0x0F, 0xB0, 0x0F, 0x00, 0x00, 0xFF, 0x00, 0xB0, 0x0F, 0x00, 0xF0,
  0x0F, 0x00, 0xB0, 0x0F, 0x00, 0xFF, 0x0B, 0x00, 0xB0, 0x0F, 0xD0, 0xBF, 0x00, 0x00, 0xB0, 0x0F,
  0xFD, 0x0D, 0x00, 0x00, 0xB0, 0xDF, 0xFF, 0x0F, 0x00, 0x00, 0xB0, 0xFF, 0xBD, 0xDF, 0x00, 0x00,
  0xB0, 0xDF, 0x00, 0xFD, 0x0B, 0x00, 0xB0, 0x0F, 0x00, 0xF0, 0x0F, 0x00, 0xB0, 0x0F, 0x00, 0x00,
  0xFF, 0x00, 0xB0, 0x0F, 0x00, 0x00, 0xFD, 0x0D, 0xB0, 0x0F, 0x00, 0x00, 0xD0, 0x0F, 0xB0, 0x0F,
  0x00, 0x00, 0x00, 0xB0, 0x0F, 0x00, 0x00, 0x00, 0xB0, 0x0F, 0x00, 0x00, 0x00, 0xB0, 0x0F, 0x00,
  0x00, 0x00, 0xB0, 0x0F, 0x00, 0x00, 0x00, 0xB0, 0x0F, 0x00, 0x00, 0x00, 0xB0, 0x0F, 0x00, 0x00,
  0x00, 0xB0, 0x0F, 0x00, 0x00, 0x00, 0xB0, 0x0F, 0x00, 0x00, 0x00, 0xB0, 0x0F, 0x00, 0x00, 0x00,
  0xB0, 0x0F, 0x00, 0x00, 0x00, 0xB0, 0xDF, 0xDD, 0xDD, 0x0D, 0xB0, 0xFF, 0xFF, 0xFF, 0xBF, 0xB0,
  0xFF, 0x00, 0x00, 0x00, 0x00, 0xFF, 0x0D, 0xB0, 0xFF, 0x0D, 0x00, 0x00, 0xB0, 0xFF, 0x0D, 0xB0,
  0xFF, 0x0F, 0x00, 0x00, 0xD0, 0xFF, 0x0D, 0xB0, 0xDF, 0xBF, 0x00, 0x00, 0xF0, 0xFD, 0x0D, 0xB0,
  0x0F, 0xDF, 0x00, 0x00, 0xFD, 0xF0, 0x0D, 0xB0, 0x0F, 0xFD, 0x00, 0x00, 0xFF, 0xF0, 0x0D, 0xB0,
  0x0F, 0xF0, 0x0D, 0x00, 0xBF, 0xF0, 0x0D, 0xB0, 0x0F, 0xF0, 0x0F, 0xD0, 0x0F, 0xF0, 0x0D, 0xB0,
  0x0F, 0xB0, 0xBF, 0xF0, 0x0D, 0xF0, 0x0D, 0xB0, 0x0F, 0x00, 0xDF, 0xFB, 0x00, 0xF0, 0x0D, 0xB0,
  0x0F, 0x00, 0xFD, 0xFD, 0x00, 0xF0, 0x0D, 0xB0, 0x0F, 0x00, 0xF0, 0xDF, 0x00, 0xF0, 0x0D, 0xB0,
  0x0F, 0x00, 0xF0, 0x0F, 0x00, 0xF0, 0x0D, 0xB0, 0xFF, 0x00, 0x00, 0x00, 0xFD, 0x00, 0xB0, 0xFF,
  0x0D, 0x00, 0x00, 0xFD, 0x00, 0xB0, 0xFF, 0x0F, 0x00, 0x00, 0xFD, 0x00, 0xB0, 0x0F, 0xFF, 0x00,
  0x00, 0xFD, 0x00, 0xB0, 0x0F, 0xFD, 0x0B, 0x00, 0xFD, 0x00, 0xB0, 0x0F, 0xF0, 0x0F, 0x00, 0xFD,
  0x00, 0xB0, 0x0F, 0x00, 0xDF, 0x00, 0xFD, 0x00, 0xB0, 0x0F, 0x00, 0xFD, 0x0B, 0xFD, 0x00, 0xB0,
  0x0F, 0x00, 0xF0, 0x0F, 0xFD, 0x00, 0xB0, 0x0F, 0x00, 0x00, 0xDF, 0xFD, 0x00, 0xB0, 0x0F, 0x00,
  0x00, 0xFD, 0xFF, 0x00, 0xB0, 0x0F, 0x00, 0x00, 0xF0, 0xFF, 0x00, 0xB0, 0x0F, 0x00, 0x00, 0xB0,
  0xFF, 0x00, 0x00, 0x00, 0xFD, 0xFF, 0xBF, 0x00, 0x00, 0x00, 0xF0, 0xDF, 0xDD, 0xFF, 0x0D, 0x00,
  0x00, 0xFF, 0x00, 0x00, 0xB0, 0xDF, 0x00, 0xB0, 0xBF, 0x00, 0x00, 0x00, 0xFD, 0x00, 0xD0, 0x0F,
  0x00, 0x00, 0x00, 0xF0, 0x0B, 0xF0, 0x0F, 0x00, 0x00, 0x00, 0xF0, 0x0D, 0xF0, 0x0D, 0x00, 0x00,
  0x00, 0xF0, 0x0D, 0xF0, 0x0F, 0x00, 0x00, 0x00, 0xF0, 0x0D, 0xD0, 0x0F, 0x00, 0x00, 0x00, 0xF0,
  0x0D, 0xB0, 0xBF, 0x00, 0x00, 0x00, 0xFD, 0x00, 0x00, 0xFF, 0x00, 0x00, 0xB0, 0xDF, 0x00, 0x00,
  0xF0, 0xDF, 0xDD, 0xFF, 0x0D, 0x00, 0x00, 0x00, 0xFD, 0xFF, 0xBF, 0x00, 0x00, 0xB0, 0xFF, 0xFF,
  0xFF, 0x0B, 0x00, 0xB0, 0xDF, 0xBB, 0xFD, 0xDF, 0x00, 0xB0, 0x0F, 0x00, 0x00, 0xFD, 0x00, 0xB0,
  0x0F, 0x00, 0x00, 0xF0, 0x0D, 0xB0, 0x0F, 0x00, 0x00, 0xF0, 0x0D, 0xB0, 0x0F, 0x00, 0x00, 0xFD,
  0x0B, 0xB0, 0xBF, 0x00, 0xD0, 0xFF, 0x00, 0xB0, 0xFF, 0xFF, 0xFF, 0x0F, 0x00, 0xB0, 0xDF, 0xBB,
  0x00, 0x00, 0x00, 0xB0, 0x0F, 0x00, 0x00, 0x00, 0x00, 0xB0, 0x0F, 0x00, 0x00, 0x00, 0x00, 0xB0,
  0x0F, 0x00, 0x00, 0x00, 0x00, 0xB0, 0x0F, 0x00, 0x00, 0x00, 0x00, 0x00, 0x00, 0xFD, 0xFF, 0xBF,
  0x00, 0x00, 0x00, 0xF0, 0xFF, 0xDD, 0xFF, 0x0D, 0x00, 0x00, 0xFF, 0x0B, 0x00, 0xD0, 0xDF, 0x00,
  0xB0, 0xDF, 0x00, 0x00, 0x00, 0xFD, 0x00, 0xD0, 0x0F, 0x00, 0x00, 0x00, 0xF0, 0x0B, 0xF0, 0x0F,
  0x00, 0x00, 0x00, 0xF0, 0x0D, 0xF0, 0x0D, 0x00, 0x00, 0x00, 0xF0, 0x0D, 0xF0, 0x0F, 0x00, 0x00,
  0x00, 0xF0, 0x0D, 0xD0, 0x0F, 0x00, 0x00, 0x00, 0xF0, 0x0B, 0xB0, 0xDF, 0x00, 0xF0, 0x0D, 0xFD,
  0x00, 0x00, 0xFF, 0x0B, 0xB0, 0xDF, 0xDF, 0x00, 0x00, 0xF0, 0xFF, 0xDD, 0xFF, 0x0D, 0x00, 0x00,
  0x00, 0xFD, 0xFF, 0xFF, 0x0F, 0x00, 0x00, 0x00, 0x00, 0x00, 0x00, 0xDF, 0x00, 0xB0, 0xFF, 0xFF,
  0xFF, 0x0D, 0x00, 0xB0, 0xDF, 0xBB, 0xFD, 0xDF, 0x00, 0xB0, 0x0F, 0x00, 0x00, 0xFD, 0x00, 0xB0,
  0x0F, 0x00, 0x00, 0xF0, 0x0D, 0xB0, 0x0F, 0x00, 0x00, 0xF0, 0x0D, 0xB0, 0x0F, 0x00, 0x00, 0xFB,
  0x0B, 0xB0, 0xBF, 0x00, 0xB0, 0xFF, 0x00, 0xB0, 0xFF, 0xFF, 0xFF, 0x0F, 0x00, 0xB0, 0xDF, 0xBB,
  0xFD, 0x0B, 0x00, 0xB0, 0x0F, 0x00, 0xF0, 0x0F, 0x00, 0xB0, 0x0F, 0x00, 0xB0, 0xDF, 0x00, 0xB0,
  0x0F, 0x00, 0x00, 0xFF, 0x00, 0xB0, 0x0F, 0x00, 0x00, 0xF0, 0x0D, 0x00, 0xD0, 0xFF, 0xFF, 0x0B,
  0x00, 0x00, 0xFF, 0xDD, 0xFD, 0xDF, 0x00, 0xB0, 0xBF, 0x00, 0x00, 0xFD, 0x00, 0xD0, 0x0F, 0x00,
  0x00, 0xB0, 0x00, 0xB0, 0xDF, 0x00, 0x00, 0x00, 0x00, 0x00, 0xFD, 0xDF, 0x00, 0x00, 0x00, 0x00,
  0xB0, 0xFF, 0xFF, 0x0D, 0x00, 0x00, 0x00, 0x00, 0xDB, 0xFF, 0x00, 0x00, 0x00, 0x00, 0x00, 0xFB,
  0x0B, 0xD0, 0x0B, 0x00, 0x00, 0xF0, 0x0D, 0xD0, 0x0F, 0x00, 0x00, 0xFD, 0x0B, 0x00, 0xFF, 0xDD,
  0xFD, 0xDF, 0x00, 0x00, 0xD0, 0xFF, 0xFF, 0x0B, 0x00, 0xF0, 0xFF, 0xFF, 0xFF, 0xFF, 0x0F, 0xB0,
  0xBB, 0xFB, 0xBF, 0xBB, 0x0B, 0x00, 0x00, 0xF0, 0x0D, 0x00, 0x00, 0x00, 0x00, 0xF0, 0x0D, 0x00,
  0x00, 0x00, 0x00, 0xF0, 0x0D, 0x00, 0x00, 0x00, 0x00, 0xF0, 0x0D, 0x00, 0x00, 0x00, 0x00, 0xF0,
  0x0D, 0x00, 0x00, 0x00, 0x00, 0xF0, 0x0D, 0x00, 0x00, 0x00, 0x00, 0xF0, 0x0D, 0x00, 0x00, 0x00,
  0x00, 0xF0, 0x0D, 0x00, 0x00, 0x00, 0x00, 0xF0, 0x0D, 0x00, 0x00, 0x00, 0x00, 0xF0, 0x0D, 0x00,
  0x00, 0x00, 0x00, 0xF0, 0x0D, 0x00, 0x00, 0xB0, 0x0F, 0x00, 0x00, 0x00, 0xFF, 0x00, 0xFB, 0x00,
  0x00, 0x00, 0xF0, 0x0F, 0xB0, 0x0F, 0x00, 0x00, 0x00, 0xFF, 0x00, 0xFB, 0x00, 0x00, 0x00, 0xF0,
  0x0F, 0xB0, 0x0F, 0x00, 0x00, 0x00, 0xFF, 0x00, 0xFB, 0x00, 0x00, 0x00, 0xF0, 0x0F, 0xB0, 0x0F,
  0x00, 0x00, 0x00, 0xFF, 0x00, 0xFB, 0x00, 0x00, 0x00, 0xF0, 0x0F, 0xB0, 0x0F, 0x00, 0x00, 0x00,
  0xFF, 0x00, 0xF0, 0x0D, 0x00, 0x00, 0xF0, 0x0D, 0x00, 0xFF, 0x00, 0x00, 0xD0, 0xBF, 0x00, 0x00,
  0xFF, 0xDD, 0xFD, 0xDF, 0x00, 0x00, 0x00, 0xFD, 0xFF, 0xBD, 0x00, 0x00, 0xFB, 0x0B, 0x00, 0x00,
  0x00, 0xFF, 0xF0, 0x0F, 0x00, 0x00, 0xB0, 0xBF, 0xD0, 0x0F, 0x00, 0x00, 0xD0, 0x0F, 0x00, 0xDF,
  0x00, 0x00, 0xF0, 0x0D, 0x00, 0xFF, 0x00, 0x00, 0xFB, 0x0B, 0x00, 0xFD, 0x00, 0x00, 0xFD, 0x00,
  0x00, 0xF0, 0x0D, 0x00, 0xDF, 0x00, 0x00, 0xF0, 0x0F, 0xD0, 0x0F, 0x00, 0x00, 0xB0, 0x0F, 0xF0,
  0x0F, 0x00, 0x00, 0x00, 0xDF, 0xF0, 0x0D, 0x00, 0x00, 0x00, 0xFD, 0xFB, 0x00, 0x00, 0x00, 0x00,
  0xF0, 0xFF, 0x00, 0x00, 0x00, 0x00, 0xF0, 0xBF, 0x00, 0x00, 0xFB, 0x0B, 0x00, 0x00, 0xFF, 0x00,
  0x00, 0xD0, 0x0F, 0xF0, 0x0D, 0x00, 0xD0, 0xFF, 0x00, 0x00, 0xF0, 0x0F, 0xF0, 0x0F, 0x00, 0xD0,
  0xFF, 0x0D, 0x00, 0xF0, 0x0D, 0xD0, 0x0F, 0x00, 0xF0, 0xFD, 0x0D, 0x00, 0xFB, 0x0B, 0xB0, 0xBF,
  0x00, 0xF0, 0xDB, 0x0F, 0x00, 0xFD, 0x00, 0x00, 0xDF, 0x00, 0xFD, 0xB0, 0x0F, 0x00, 0xFF, 0x00,
  0x00, 0xFF, 0x00, 0xFF, 0x00, 0xDF, 0x00, 0xDF, 0x00, 0x00, 0xFD, 0x00, 0xDF, 0x00, 0xFF, 0xB0,
  0x0F, 0x00, 0x00, 0xF0, 0xBB, 0x0F, 0x00, 0xFD, 0xD0, 0x0F, 0x00, 0x00, 0xF0, 0xDD, 0x0F, 0x00,
  0xF0, 0xF0, 0x0D, 0x00, 0x00, 0xD0, 0xFF, 0x0D, 0x00, 0xF0, 0xFD, 0x0B, 0x00, 0x00, 0xB0, 0xFF,
  0x0B, 0x00, 0xD0, 0xFF, 0x00, 0x00, 0x00, 0x00, 0xFF, 0x00, 0x00, 0xB0, 0xFF, 0x00, 0x00, 0xF0,
  0x0F, 0x00, 0x00, 0xD0, 0x0F, 0x00, 0xDF, 0x00, 0x00, 0xFB, 0x0D, 0x00, 0xFD, 0x0B, 0x00, 0xFF,
  0x00, 0x00, 0xF0, 0x0F, 0xF0, 0x0F, 0x00, 0x00, 0x00, 0xDF, 0xFB, 0x0B, 0x00, 0x00, 0x00, 0xFB,
  0xDF, 0x00, 0x00, 0x00, 0x00, 0xF0, 0xBF, 0x00, 0x00, 0x00, 0x00, 0xFD, 0xFF, 0x00, 0x00, 0x00,
  0xB0, 0xDF, 0xF0, 0x0D, 0x00, 0x00, 0xF0, 0x0F, 0xD0, 0xBF, 0x00, 0x00, 0xFD, 0x00, 0x00, 0xFF,
  0x00, 0xD0, 0xDF, 0x00, 0x00, 0xF0, 0x0D, 0xF0, 0x0F, 0x00, 0x00, 0xD0, 0xBF, 0xF0, 0x0D, 0x00,
  0x00, 0xD0, 0xDF, 0xD0, 0xBF, 0x00, 0x00, 0xF0, 0x0F, 0x00, 0xFF, 0x00, 0x00, 0xFD, 0x00, 0x00,
  0xFB, 0x0D, 0xB0, 0xDF, 0x00, 0x00, 0xD0, 0x0F, 0xF0, 0x0F, 0x00, 0x00, 0x00, 0xDF, 0xFD, 0x0B,
  0x00, 0x00, 0x00, 0xFD, 0xDF, 0x00, 0x00, 0x00, 0x00, 0xF0, 0x0F, 0x00, 0x00, 0x00, 0x00, 0xD0,
  0x0F, 0x00, 0x00, 0x00, 0x00, 0xD0, 0x0F, 0x00, 0x00, 0x00, 0x00, 0xD0, 0x0F, 0x00, 0x00, 0x00,
  0x00, 0xD0, 0x0F, 0x00, 0x00, 0x00, 0x00, 0xD0, 0x0F, 0x00, 0x00, 0xF0, 0xFF, 0xFF, 0xFF, 0xFF,
  0x00, 0xBB, 0xBB, 0xBB, 0xFB, 0x0F, 0x00, 0x00, 0x00, 0xD0, 0x0F, 0x00, 0x00, 0x00, 0x00, 0xDF,
  0x00, 0x00, 0x00, 0x00, 0xFF, 0x00, 0x00, 0x00, 0x00, 0xFD, 0x00, 0x00, 0x00, 0x00, 0xF0, 0x0D,
  0x00, 0x00, 0x00, 0xF0, 0x0F, 0x00, 0x00, 0x00, 0xD0, 0x0F, 0x00, 0x00, 0x00, 0x00, 0xDF, 0x00,
  0x00, 0x00, 0x00, 0xFF, 0x00, 0x00, 0x00, 0x00, 0xFD, 0xBD, 0xBB, 0xBB, 0x0B, 0xF0, 0xFF, 0xFF,
  0xFF, 0xFF, 0x00, 0x00, 0x00, 0x00, 0x00, 0xF0, 0xFF, 0x0D, 0x00, 0xDF, 0x0B, 0x00, 0xF0, 0x0D,
  0x00, 0x00, 0xDF, 0x00, 0x00, 0xF0, 0x0D, 0x00, 0x00, 0xDF, 0x00, 0x00, 0xF0, 0x0D, 0x00, 0x00,
  0xDF, 0x00, 0x00, 0xF0, 0x0D, 0x00, 0x00, 0xDF, 0x00, 0x00, 0xF0, 0x0D, 0x00, 0x00, 0xDF, 0x00,
  0x00, 0xF0, 0x0D, 0x00, 0x00, 0xDF, 0x00, 0x00, 0xF0, 0x0D, 0x00, 0x00, 0xFF, 0xDF, 0x00, 0xB0,
  0xBB, 0x00, 0xD0, 0x00, 0x00, 0xB0, 0x0F, 0x00, 0x00, 0xF0, 0x0B, 0x00, 0x00, 0xDF, 0x00, 0x00,
  0xD0, 0x0F, 0x00, 0x00, 0xF0, 0x00, 0x00, 0x00, 0xDF, 0x00, 0x00, 0xD0, 0x0F, 0x00, 0x00, 0xFB,
  0x00, 0x00, 0x00, 0xBF, 0x00, 0x00, 0xF0, 0x0D, 0x00, 0x00, 0xFD, 0x00, 0x00, 0xB0, 0x0F, 0x00,
  0x00, 0xF0, 0x0B, 0x00, 0x00, 0xDF, 0x00, 0x00, 0xD0, 0x0F, 0x00, 0x00, 0x00, 0x00, 0xFF, 0xDF,
  0x00, 0x00, 0xFB, 0x0D, 0x00, 0x00, 0xDF, 0x00, 0x00, 0xF0, 0x0D, 0x00, 0x00, 0xDF, 0x00, 0x00,
  0xF0, 0x0D, 0x00, 0x00, 0xDF, 0x00, 0x00, 0xF0, 0x0D, 0x00, 0x00, 0xDF, 0x00, 0x00, 0xF0, 0x0D,
  0x00, 0x00, 0xDF, 0x00, 0x00, 0xF0, 0x0D, 0x00, 0x00, 0xDF, 0x00, 0x00, 0xF0, 0x0D, 0x00, 0x00,
  0xDF, 0x00, 0xF0, 0xFF, 0x0D, 0x00, 0xB0, 0x0B, 0x00, 0x00, 0xB0, 0x0D, 0x00, 0x00, 0xF0, 0xDF,
  0x00, 0x00, 0xFD, 0xFD, 0x00, 0x00, 0xDF, 0xF0, 0x0D, 0xD0, 0x0F, 0xD0, 0x0F, 0xF0, 0x0D, 0x00,
  0xDF, 0x00, 0x00, 0x00, 0x00, 0x00, 0x00, 0x00, 0x00, 0x00, 0x00, 0x00, 0x00, 0x00, 0x00, 0x00,
  0x00, 0x00, 0x00, 0x00, 0x00, 0x00, 0x00, 0x00, 0x00, 0x00, 0x00, 0x00, 0x00, 0x00, 0x00, 0x00,
  0x00, 0xF0, 0xFF, 0xFF, 0xFF, 0x0F, 0xBB, 0xBB, 0xBB, 0xBB, 0x00, 0xB0, 0x0F, 0x00, 0x00, 0xDF,
  0x00, 0x00, 0xFB, 0x00, 0x00, 0x00, 0x00, 0x00, 0x00, 0x00, 0x00, 0x00, 0x00, 0x00, 0x00, 0x00,
  0x00, 0x00, 0x00, 0x00, 0x00, 0x00, 0x00, 0x00, 0x00, 0x00, 0x00, 0x00, 0x00, 0x00, 0x00, 0x00,
  0x00, 0x00, 0x00, 0x00, 0x00, 0x00, 0xDB, 0xFF, 0x0D, 0x00, 0xB0, 0xFF, 0xDD, 0xFF, 0x00, 0xD0,
  0x0D, 0x00, 0xF0, 0x0D, 0x00, 0x00, 0x00, 0xF0, 0x0D, 0x00, 0xD0, 0xFD, 0xFF, 0x0D, 0xD0, 0xFF,
  0xBD, 0xF0, 0x0D, 0xF0, 0x0D, 0x00, 0xF0, 0x0D, 0xF0, 0x0D, 0x00, 0xFB, 0x0D, 0xF0, 0xDF, 0xDD,
  0xFF, 0x0D, 0x00, 0xFD, 0xDF, 0xF0, 0x0D, 0xD0, 0x0F, 0x00, 0x00, 0x00, 0x00, 0xFD, 0x00, 0x00,
  0x00, 0x00, 0xD0, 0x0F, 0x00, 0x00, 0x00, 0x00, 0xFD, 0xD0, 0xFF, 0x0D, 0x00, 0xD0, 0xFF, 0xDF,
  0xFD, 0x0F, 0x00, 0xFD, 0x0D, 0x00, 0xF0, 0x0D, 0xD0, 0x0F, 0x00, 0x00, 0xFD, 0x00, 0xFD, 0x00,
  0x00, 0xD0, 0x0F, 0xD0, 0x0F, 0x00, 0x00, 0xFD, 0x00, 0xFD, 0x00, 0x00, 0xD0, 0x0F, 0xD0, 0xDF,
  0x00, 0x00, 0xDF, 0x00, 0xFD, 0xFD, 0xDD, 0xFF, 0x00, 0xD0, 0x0F, 0xFD, 0xDF, 0x00, 0x00, 0x00,
  0xD0, 0xFF, 0xDF, 0x00, 0x00, 0xFF, 0xDD, 0xFD, 0x0D, 0xD0, 0x0F, 0x00, 0xD0, 0x0F, 0xF0, 0x0F,
  0x00, 0x00, 0x00, 0xF0, 0x0D, 0x00, 0x00, 0x00, 0xF0, 0x0D, 0x00, 0x00, 0x00, 0xF0, 0x0F, 0x00,
  0x00, 0x00, 0xD0, 0x0F, 0x00, 0xD0, 0x0F, 0x00, 0xFF, 0xDD, 0xFD, 0x0D, 0x00, 0xD0, 0xFF, 0xDF,
  0x00, 0x00, 0x00, 0x00, 0x00, 0xDF, 0x00, 0x00, 0x00, 0x00, 0xF0, 0x0D, 0x00, 0x00, 0x00, 0x00,
  0xDF, 0x00, 0x00, 0xFD, 0xDF, 0xF0, 0x0D, 0x00, 0xFF, 0xDD, 0xFD, 0xDF, 0x00, 0xFD, 0x00, 0x00,
  0xFD, 0x0D, 0xF0, 0x0D, 0x00, 0x00, 0xDF, 0x00, 0xDF, 0x00, 0x00, 0xF0, 0x0D, 0xF0, 0x0D, 0x00,
  0x00, 0xDF, 0x00, 0xFF, 0x00, 0x00, 0xF0, 0x0D, 0xD0, 0x0F, 0x00, 0xD0, 0xDF, 0x00, 0xF0, 0xDF,
  0xFD, 0xFF, 0x0D, 0x00, 0xD0, 0xFF, 0x0D, 0xDF, 0x00, 0x00, 0xD0, 0xFF, 0xDF, 0x00, 0x00, 0xF0,
  0xDF, 0xDD, 0xDF, 0x00, 0xD0, 0x0F, 0x00, 0xD0, 0x0F, 0x00, 0xDF, 0x00, 0x00, 0xF0, 0x0D, 0xF0,
  0xFF, 0xFF, 0xFF, 0xDF, 0x00, 0xDF, 0xBB, 0xBB, 0xBB, 0x00, 0xF0, 0x0D, 0x00, 0x00, 0x00, 0x00,
  0xFD, 0x0B, 0x00, 0xFB, 0x00, 0x00, 0xFF, 0xDD, 0xFD, 0x0F, 0x00, 0x00, 0xFD, 0xFF, 0x0D, 0x00,
  0x00, 0xD0, 0xFF, 0x00, 0xF0, 0xDF, 0x0D, 0x00, 0xDF, 0x00, 0xF0, 0xFF, 0xFF, 0x0F, 0xBB, 0xFF,
  0xBB, 0x00, 0xF0, 0x0D, 0x00, 0x00, 0xDF, 0x00, 0x00, 0xF0, 0x0D, 0x00, 0x00, 0xDF, 0x00, 0x00,
  0xF0, 0x0D, 0x00, 0x00, 0xDF, 0x00, 0x00, 0xF0, 0x0D, 0x00, 0x00, 0xDF, 0x00, 0x00, 0x00, 0xD0,
  0xFF, 0x0D, 0xDF, 0x00, 0xF0, 0xDF, 0xDD, 0xFF, 0x0D, 0xD0, 0x0F, 0x00, 0xD0, 0xDF, 0x00, 0xFF,
  0x00, 0x00, 0xF0, 0x0D, 0xF0, 0x0D, 0x00, 0x00, 0xDF, 0x00, 0xDF, 0x00, 0x00, 0xF0, 0x0D, 0xF0,
  0x0D, 0x00, 0x00, 0xDF, 0x00, 0xFD, 0x00, 0x00, 0xFD, 0x0D, 0x00, 0xFF, 0xDD, 0xFD, 0xDF, 0x00,
  0x00, 0xFD, 0xDF, 0xF0, 0x0D, 0x00, 0x00, 0x00, 0x00, 0xDF, 0x00, 0xD0, 0x00, 0x00, 0xFB, 0x0D,
  0xB0, 0xFF, 0xDD, 0xFD, 0x0F, 0x00, 0x00, 0xFD, 0xFF, 0x0D, 0x00, 0xD0, 0x0F, 0x00, 0x00, 0x00,
  0x00, 0xFD, 0x00, 0x00, 0x00, 0x00, 0xD0, 0x0F, 0x00, 0x00, 0x00, 0x00, 0xFD, 0xD0, 0xFF, 0x0D,
  0x00, 0xD0, 0xFF, 0xDD, 0xFD, 0x0D, 0x00, 0xFD, 0x0D, 0x00, 0xFD, 0x00, 0xD0, 0x0F, 0x00, 0xB0,
  0x0F, 0x00, 0xFD, 0x00, 0x00, 0xFB, 0x00, 0xD0, 0x0F, 0x00, 0xB0, 0x0F, 0x00, 0xFD, 0x00, 0x00,
  0xFB, 0x00, 0xD0, 0x0F, 0x00, 0xB0, 0x0F, 0x00, 0xFD, 0x00, 0x00, 0xFB, 0x00, 0xD0, 0x0F, 0x00,
  0xB0, 0x0F, 0x00, 0x00, 0x00, 0xD0, 0x0F, 0xD0, 0x0F, 0x00, 0x00, 0xD0, 0x0F, 0xD0, 0x0F, 0xD0,
  0x0F, 0xD0, 0x0F, 0xD0, 0x0F, 0xD0, 0x0F, 0xD0, 0x0F, 0xD0, 0x0F, 0xD0, 0x0F, 0xD0, 0x0F, 0x00,
  0x00, 0x00, 0xD0, 0x0F, 0x00, 0xFD, 0x00, 0x00, 0x00, 0x00, 0xFD, 0x00, 0xD0, 0x0F, 0x00, 0xFD,
  0x00, 0xD0, 0x0F, 0x00, 0xFD, 0x00, 0xD0, 0x0F, 0x00, 0xFD, 0x00, 0xD0, 0x0F, 0x00, 0xFD, 0x00,
  0xD0, 0x0F, 0x00, 0xFD, 0x00, 0xD0, 0x0F, 0xD0, 0xDF, 0x00, 0xDF, 0x00, 0xD0, 0x0F, 0x00, 0x00,
  0x00, 0xD0, 0x0F, 0x00, 0x00, 0x00, 0xD0, 0x0F, 0x00, 0x00, 0x00, 0xD0, 0x0F, 0x00, 0xF0, 0x0F,
  0xD0, 0x0F, 0x00, 0xFF, 0x00, 0xD0, 0x0F, 0xF0, 0x0F, 0x00, 0xD0, 0x0F, 0xFF, 0x00, 0x00, 0xD0,
  0xFF, 0xDF, 0x00, 0x00, 0xD0, 0xFF, 0xFF, 0x00, 0x00, 0xD0, 0x0F, 0xF0, 0x0F, 0x00, 0xD0, 0x0F,
  0xB0, 0xDF, 0x00, 0xD0, 0x0F, 0x00, 0xFD, 0x0D, 0xD0, 0x0F, 0x00, 0xF0, 0x0F, 0xD0, 0x0F, 0xD0,
  0x0F, 0xD0, 0x0F, 0xD0, 0x0F, 0xD0, 0x0F, 0xD0, 0x0F, 0xD0, 0x0F, 0xD0, 0x0F, 0xD0, 0x0F, 0xD0,
  0x0F, 0xD0, 0x0F, 0xD0, 0x0F, 0xD0, 0x0F, 0xD0, 0x0F, 0xFD, 0x0F, 0xD0, 0xFF, 0x0D, 0x00, 0xD0,
  0xDF, 0xDD, 0xFF, 0xFD, 0xDD, 0xFF, 0x00, 0xD0, 0xBF, 0x00, 0xF0, 0x0F, 0x00, 0xFB, 0x00, 0xD0,
  0x0F, 0x00, 0xF0, 0x0D, 0x00, 0xF0, 0x0B, 0xD0, 0x0F, 0x00, 0xF0, 0x0D, 0x00, 0xF0, 0x0B, 0xD0,
  0x0F, 0x00, 0xF0, 0x0D, 0x00, 0xF0, 0x0B, 0xD0, 0x0F, 0x00, 0xF0, 0x0D, 0x00, 0xF0, 0x0B, 0xD0,
  0x0F, 0x00, 0xF0, 0x0D, 0x00, 0xF0, 0x0B, 0xD0, 0x0F, 0x00, 0xF0, 0x0D, 0x00, 0xF0, 0x0B, 0xD0,
  0x0F, 0x00, 0xF0, 0x0D, 0x00, 0xF0, 0x0B, 0xD0, 0x0F, 0xFD, 0xDF, 0x00, 0x00, 0xFD, 0xDF, 0xDD,
  0xDF, 0x00, 0xD0, 0xDF, 0x00, 0xD0, 0x0F, 0x00, 0xFD, 0x00, 0x00, 0xFB, 0x00, 0xD0, 0x0F, 0x00,
  0xB0, 0x0F, 0x00, 0xFD, 0x00, 0x00, 0xFB, 0x00, 0xD0, 0x0F, 0x00, 0xB0, 0x0F, 0x00, 0xFD, 0x00,
  0x00, 0xFB, 0x00, 0xD0, 0x0F, 0x00, 0xB0, 0x0F, 0x00, 0xFD, 0x00, 0x00, 0xFB, 0x00, 0x00, 0xD0,
  0xFF, 0xDF, 0x00, 0x00, 0xF0, 0xDF, 0xDD, 0xDF, 0x00, 0xD0, 0x0F, 0x00, 0xD0, 0xBF, 0x00, 0xFF,
  0x00, 0x00, 0xF0, 0x0D, 0xF0, 0x0D, 0x00, 0x00, 0xFF, 0x00, 0xDF, 0x00, 0x00, 0xF0, 0x0F, 0xF0,
  0x0F, 0x00, 0x00, 0xDF, 0x00, 0xFD, 0x00, 0x00, 0xFD, 0x0B, 0x00, 0xFF, 0xDD, 0xFD, 0x0D, 0x00,
  0x00, 0xFD, 0xFF, 0x0D, 0x00, 0xD0, 0x0F, 0xFD, 0xDF, 0x00, 0x00, 0xFD, 0xFF, 0xDD, 0xFF, 0x00,
  0xD0, 0xDF, 0x00, 0x00, 0xDF, 0x00, 0xFD, 0x00, 0x00, 0xD0, 0x0F, 0xD0, 0x0F, 0x00, 0x00, 0xFD,
  0x00, 0xFD, 0x00, 0x00, 0xD0, 0x0F, 0xD0, 0x0F, 0x00, 0x00, 0xFD, 0x00, 0xFD, 0x0D, 0x00, 0xF0,
  0x0D, 0xD0, 0xFF, 0xDF, 0xFD, 0x0F, 0x00, 0xFD, 0xD0, 0xFF, 0x0D, 0x00, 0xD0, 0x0F, 0x00, 0x00,
  0x00, 0x00, 0xFD, 0x00, 0x00, 0x00, 0x00, 0xD0, 0x0F, 0x00, 0x00, 0x00, 0x00, 0xFD, 0x00, 0x00,
  0x00, 0x00, 0x00, 0xD0, 0xFF, 0x0D, 0xDF, 0x00, 0xF0, 0xDF, 0xDD, 0xFF, 0x0D, 0xD0, 0x0F, 0x00,
  0xD0, 0xDF, 0x00, 0xDF, 0x00, 0x00, 0xF0, 0x0D, 0xF0, 0x0D, 0x00, 0x00, 0xDF, 0x00, 0xDF, 0x00,
  0x00, 0xF0, 0x0D, 0xF0, 0x0F, 0x00, 0x00, 0xDF, 0x00, 0xFD, 0x00, 0x00, 0xFD, 0x0D, 0x00, 0xFF,
  0xDD, 0xFF, 0xDF, 0x00, 0x00, 0xFD, 0xDF, 0xF0, 0x0D, 0x00, 0x00, 0x00, 0x00, 0xDF, 0x00, 0x00,
  0x00, 0x00, 0xF0, 0x0D, 0x00, 0x00, 0x00, 0x00, 0xDF, 0x00, 0x00, 0x00, 0x00, 0xF0, 0x0D, 0xD0,
  0x0F, 0xFF, 0x0B, 0xFD, 0xDF, 0x0D, 0xD0, 0xBF, 0x00, 0x00, 0xFD, 0x00, 0x00, 0xD0, 0x0F, 0x00,
  0x00, 0xFD, 0x00, 0x00, 0xD0, 0x0F, 0x00, 0x00, 0xFD, 0x00, 0x00, 0xD0, 0x0F, 0x00, 0x00, 0xFD,
  0x00, 0x00, 0x00, 0xFB, 0xFF, 0x0D, 0x00, 0xB0, 0xFF, 0xDD, 0xFF, 0x00, 0xD0, 0x0F, 0x00, 0xD0,
  0x00, 0xD0, 0x0F, 0x00, 0x00, 0x00, 0x00, 0xFF, 0xDF, 0x0B, 0x00, 0x00, 0xB0, 0xFD, 0xFF, 0x00,
  0x00, 0x00, 0x00, 0xFB, 0x0D, 0xD0, 0x0D, 0x00, 0xF0, 0x0D, 0xD0, 0xDF, 0xDD, 0xFF, 0x00, 0x00,
  0xFD, 0xFF, 0x0D, 0x00, 0x00, 0x0D, 0x00, 0xB0, 0x0F, 0x00, 0xB0, 0x0F, 0x00, 0xFF, 0xFF, 0x0F,
  0xDB, 0xDF, 0x0B, 0xB0, 0x0F, 0x00, 0xB0, 0x0F, 0x00, 0xB0, 0x0F, 0x00, 0xB0, 0x0F, 0x00, 0xB0,
  0x0F, 0x00, 0xB0, 0x0F, 0x00, 0x00, 0xDF, 0x0B, 0x00, 0xFB, 0xBF, 0xD0, 0x0F, 0x00, 0xB0, 0x0F,
  0x00, 0xFD, 0x00, 0x00, 0xFB, 0x00, 0xD0, 0x0F, 0x00, 0xB0, 0x0F, 0x00, 0xFD, 0x00, 0x00, 0xFB,
  0x00, 0xD0, 0x0F, 0x00, 0xB0, 0x0F, 0x00, 0xFD, 0x00, 0x00, 0xFB, 0x00, 0xD0, 0x0F, 0x00, 0xB0,
  0x0F, 0x00, 0xFB, 0x0B, 0x00, 0xFF, 0x00, 0x00, 0xFF, 0xDD, 0xDF, 0x0F, 0x00, 0x00, 0xFF, 0xDF,
  0xFB, 0x00, 0xFB, 0x0B, 0x00, 0x00, 0xDF, 0xF0, 0x0D, 0x00, 0xD0, 0x0F, 0xD0, 0x0F, 0x00, 0xF0,
  0x0D, 0x00, 0xBF, 0x00, 0xFB, 0x0B, 0x00, 0xFF, 0x00, 0xFD, 0x00, 0x00, 0xFD, 0x00, 0xDF, 0x00,
  0x00, 0xF0, 0xBD, 0x0F, 0x00, 0x00, 0xD0, 0xDF, 0x0F, 0x00, 0x00, 0xB0, 0xFF, 0x0D, 0x00, 0x00,
  0x00, 0xFF, 0x00, 0x00, 0xF0, 0x0B, 0x00, 0xFD, 0x0B, 0x00, 0xFD, 0x00, 0xDF, 0x00, 0xF0, 0xDF,
  0x00, 0xF0, 0x0D, 0xD0, 0x0F, 0x00, 0xDF, 0x0F, 0x00, 0xBF, 0x00, 0xFB, 0x00, 0xFB, 0xF0, 0x00,
  0xFD, 0x00, 0x00, 0xDF, 0xD0, 0x0D, 0xBF, 0xF0, 0x0F, 0x00, 0xF0, 0x0F, 0xDF, 0xD0, 0x0D, 0xDF,
  0x00, 0x00, 0xFD, 0xF0, 0x00, 0xFD, 0xFB, 0x00, 0x00, 0x00, 0xDF, 0x0F, 0x00, 0xDF, 0x0F, 0x00,
  0x00, 0xF0, 0xDF, 0x00, 0xF0, 0xDF, 0x00, 0x00, 0x00, 0xFD, 0x0B, 0x00, 0xFD, 0x0B, 0x00, 0xF0,
  0x0F, 0x00, 0xF0, 0x0F, 0x00, 0xDF, 0x00, 0xFD, 0x00, 0x00, 0xFD, 0x00, 0xDF, 0x00, 0x00, 0xF0,
  0xFD, 0x0F, 0x00, 0x00, 0x00, 0xFF, 0x00, 0x00, 0x00, 0xB0, 0xFF, 0x00, 0x00, 0x00, 0xF0, 0xFD,
  0x0F, 0x00, 0x00, 0xFD, 0x00, 0xDF, 0x00, 0xB0, 0xBF, 0x00, 0xFD, 0x00, 0xF0, 0x0D, 0x00, 0xF0,
  0x0F, 0xFB, 0x0B, 0x00, 0x00, 0xDF, 0xF0, 0x0D, 0x00, 0xD0, 0x0F, 0xD0, 0x0F, 0x00, 0xF0, 0x0D,
  0x00, 0xBF, 0x00, 0xFB, 0x0B, 0x00, 0xFF, 0x00, 0xFD, 0x00, 0x00, 0xFD, 0x00, 0xDF, 0x00, 0x00,
  0xF0, 0xBB, 0x0F, 0x00, 0x00, 0xF0, 0xDD, 0x0F, 0x00, 0x00, 0xB0, 0xFF, 0x0D, 0x00, 0x00, 0x00,
  0xFF, 0x00, 0x00, 0x00, 0x00, 0xFF, 0x00, 0x00, 0x00, 0x00, 0xBF, 0x00, 0x00, 0x00, 0xFD, 0x0F,
  0x00, 0x00, 0xD0, 0xFF, 0x00, 0x00, 0x00, 0xD0, 0xFF, 0xFF, 0xFF, 0x0D, 0xB0, 0xBB, 0xBB, 0xFF,
  0x0B, 0x00, 0x00, 0x00, 0xDF, 0x00, 0x00, 0x00, 0xF0, 0x0F, 0x00, 0x00, 0x00, 0xFD, 0x00, 0x00,
  0x00, 0xB0, 0xDF, 0x00, 0x00, 0x00, 0xF0, 0x0F, 0x00, 0x00, 0x00, 0xFF, 0x00, 0x00, 0x00, 0xD0,
  0xDF, 0xBB, 0xBB, 0x0B, 0xF0, 0xFF, 0xFF, 0xFF, 0x0F, 0x00, 0x00, 0xFD, 0x0D, 0x00, 0xB0, 0xDF,
  0x00, 0x00, 0xD0, 0x0F, 0x00, 0x00, 0xF0, 0x0D, 0x00, 0x00, 0xF0, 0x0D, 0x00, 0x00, 0xF0, 0x0D,
  0x00, 0x00, 0xF0, 0x0D, 0x00, 0x00, 0xFB, 0x0B, 0x00, 0xD0, 0xBF, 0x00, 0x00, 0x00, 0xFD, 0x0B,
  0x00, 0x00, 0xF0, 0x0D, 0x00, 0x00, 0xF0, 0x0D, 0x00, 0x00, 0xF0, 0x0D, 0x00, 0x00, 0xF0, 0x0D,
  0x00, 0x00, 0xD0, 0xBF, 0x00, 0x00, 0x00, 0xFF, 0x0D, 0x00, 0x00, 0x00, 0x00, 0x00, 0xBB, 0x00,
  0x00, 0xDD, 0x00, 0x00, 0xDD, 0x00, 0x00, 0xDD, 0x00, 0x00, 0xDD, 0x00, 0x00, 0xDD, 0x00, 0x00,
  0xDD, 0x00, 0x00, 0xDD, 0x00, 0x00, 0xDD, 0x00, 0x00, 0xDD, 0x00, 0x00, 0xDD, 0x00, 0x00, 0xDD,
  0x00, 0x00, 0xDD, 0x00, 0x00, 0xDD, 0x00, 0x00, 0xDD, 0x00, 0x00, 0xDD, 0x00, 0x00, 0xDD, 0x00,
  0x00, 0xDD, 0x00, 0x00, 0xDD, 0x00, 0x00, 0xDD, 0x00, 0x00, 0xDD, 0x00, 0x00, 0xDD, 0x00, 0xF0,
  0xBF, 0x00, 0x00, 0xD0, 0xFF, 0x00, 0x00, 0x00, 0xF0, 0x0B, 0x00, 0x00, 0xF0, 0x0D, 0x00, 0x00,
  0xF0, 0x0D, 0x00, 0x00, 0xF0, 0x0D, 0x00, 0x00, 0xF0, 0x0D, 0x00, 0x00, 0xD0, 0xBF, 0x00, 0x00,
  0x00, 0xFD, 0x0B, 0x00, 0xD0, 0xDF, 0x00, 0x00, 0xF0, 0x0D, 0x00, 0x00, 0xF0, 0x0D, 0x00, 0x00,
  0xF0, 0x0D, 0x00, 0x00, 0xF0, 0x0B, 0x00, 0x00, 0xFD, 0x00, 0x00, 0xF0, 0xDF, 0x00, 0x00, 0x00,
  0x00, 0x00, 0x00, 0x00, 0x00, 0x00, 0x00, 0x00, 0x00, 0x00, 0xFD, 0xDF, 0x00, 0xF0, 0x0B, 0xB0,
  0xDF, 0xFD, 0x0F, 0xFD, 0x00, 0xD0, 0x0F, 0x00, 0xFF, 0xDF, 0x00, 0x00, 0x00, 0x00, 0x00, 0x00,
  0x00, 0x00, 0x00, 0x00, 0x00, 0x00, 0x00, 0x00, 0x00, 0x00, 0x00, 0x00, 0x00, 0x00, 0x00, 0x00,
  0x00, 0x00, 0x00,
};
static constexpr Font kQualificationRegularAa{kQualificationRegularAaGlyphs, kQualificationRegularAaBitmap, 18, 5, 23};
static constexpr Glyph kQualificationMediumAaGlyphs[] = {
  {0, 5, 0, 0, 0, 5},
  {0, 5, 13, 0, -13, 5},
  {33, 9, 13, 0, -13, 9},
  {92, 12, 13, 0, -13, 12},
  {170, 12, 17, 0, -15, 12},
  {272, 18, 13, 0, -13, 18},
  {389, 12, 13, 0, -13, 12},
  {467, 6, 13, 0, -13, 6},
  {506, 7, 16, 0, -14, 7},
  {562, 7, 16, 0, -14, 7},
  {618, 9, 13, 0, -13, 9},
  {677, 12, 10, 0, -10, 12},
  {737, 5, 5, 0, -2, 5},
  {750, 8, 7, 0, -7, 8},
  {778, 5, 3, 0, -3, 5},
  {786, 7, 16, 0, -14, 7},
  {842, 12, 13, 0, -13, 12},
  {920, 7, 13, 0, -13, 7},
  {966, 11, 13, 0, -13, 11},
  {1038, 11, 13, 0, -13, 11},
  {1110, 12, 13, 0, -13, 12},
  {1188, 11, 13, 0, -13, 11},
  {1260, 11, 13, 0, -13, 11},
  {1332, 10, 13, 0, -13, 10},
  {1397, 11, 13, 0, -13, 11},
  {1469, 11, 13, 0, -13, 11},
  {1541, 5, 10, 0, -10, 5},
  {1566, 6, 13, 0, -10, 6},
  {1605, 12, 11, 0, -11, 12},
  {1671, 12, 8, 0, -8, 12},
  {1719, 12, 11, 0, -11, 12},
  {1785, 10, 13, 0, -13, 10},
  {1850, 18, 17, 0, -13, 18},
  {2003, 13, 13, 0, -13, 13},
  {2088, 12, 13, 0, -13, 12},
  {2166, 13, 13, 0, -13, 13},
  {2251, 13, 13, 0, -13, 13},
  {2336, 11, 13, 0, -13, 11},
  {2408, 11, 13, 0, -13, 11},
  {2480, 13, 13, 0, -13, 13},
  {2565, 13, 13, 0, -13, 13},
  {2650, 5, 13, 0, -13, 5},
  {2683, 10, 13, 0, -13, 10},
  {2748, 12, 13, 0, -13, 12},
  {2826, 10, 13, 0, -13, 10},
  {2891, 16, 13, 0, -13, 16},
  {2995, 14, 13, 0, -13, 14},
  {3086, 14, 13, 0, -13, 14},
  {3177, 12, 13, 0, -13, 12},
  {3255, 14, 14, 0, -13, 14},
  {3353, 12, 13, 0, -13, 12},
  {3431, 12, 13, 0, -13, 12},
  {3509, 12, 13, 0, -13, 12},
  {3587, 13, 13, 0, -13, 13},
  {3672, 13, 13, 0, -13, 13},
  {3757, 18, 13, 0, -13, 18},
  {3874, 13, 13, 0, -13, 13},
  {3959, 13, 13, 0, -13, 13},
  {4044, 12, 13, 0, -13, 12},
  {4122, 7, 17, 0, -15, 7},
  {4182, 7, 16, 0, -14, 7},
  {4238, 7, 17, 0, -15, 7},
  {4298, 9, 13, 0, -13, 9},
  {4357, 9, 2, 0, 0, 8},
  {4366, 6, 14, 0, -14, 6},
  {4408, 10, 10, 0, -10, 10},
  {4458, 11, 13, 0, -13, 11},
  {4530, 10, 10, 0, -10, 10},
  {4580, 11, 13, 0, -13, 11},
  {4652, 11, 10, 0, -10, 11},
  {4707, 7, 13, 0, -13, 7},
  {4753, 11, 14, 0, -10, 11},
  {4830, 11, 13, 0, -13, 11},
  {4902, 5, 14, 0, -14, 5},
  {4937, 6, 18, -1, -14, 5},
  {4991, 10, 13, 0, -13, 10},
  {5056, 5, 13, 0, -13, 5},
  {5089, 16, 10, 0, -10, 16},
  {5169, 11, 10, 0, -10, 11},
  {5224, 11, 10, 0, -10, 11},
  {5279, 11, 14, 0, -10, 11},
  {5356, 11, 14, 0, -10, 11},
  {5433, 7, 10, 0, -10, 7},
  {5468, 10, 10, 0, -10, 10},
  {5518, 6, 13, 0, -13, 6},
  {5557, 11, 10, 0, -10, 11},
  {5612, 10, 10, 0, -10, 10},
  {5662, 15, 10, 0, -10, 15},
  {5737, 10, 10, 0, -10, 10},
  {5787, 10, 14, 0, -10, 10},
  {5857, 10, 10, 0, -10, 10},
  {5907, 8, 17, 0, -13, 8},
  {5975, 6, 22, 0, -18, 6},
  {6041, 8, 17, 0, -13, 8},
  {6109, 12, 7, 0, -7, 12},
};
static constexpr uint8_t kQualificationMediumAaBitmap[] = {
  0xB0, 0xFF, 0x00, 0xFB, 0x0F, 0xB0, 0xFF, 0x00, 0xFB, 0x0F, 0x00, 0xDF, 0x00, 0xF0, 0x0D, 0x00,
  0xDF, 0x00, 0xF0, 0x0D, 0x00, 0xDF, 0x00, 0x00, 0x00, 0x00, 0xDF, 0x00, 0xFD, 0x0F, 0x00, 0xDF,
  0x00, 0x00, 0xFF, 0xF0, 0x0F, 0x00, 0xF0, 0x0D, 0xFF, 0x00, 0x00, 0xDF, 0xF0, 0x0F, 0x00, 0xF0,
  0x0D, 0xFF, 0x00, 0x00, 0xDF, 0xD0, 0x0F, 0x00, 0x00, 0x00, 0x00, 0x00, 0x00, 0x00, 0x00, 0x00,
  0x00, 0x00, 0x00, 0x00, 0x00, 0x00, 0x00, 0x00, 0x00, 0x00, 0x00, 0x00, 0x00, 0x00, 0x00, 0x00,
  0x00, 0x00, 0x00, 0x00, 0x00, 0x00, 0x00, 0x00, 0x00, 0x00, 0x00, 0x00, 0x00, 0xB0, 0x0F, 0x00,
  0xFF, 0x00, 0x00, 0xD0, 0x0F, 0x00, 0xDF, 0x00, 0x00, 0xD0, 0x0F, 0x00, 0xBF, 0x00, 0xF0, 0xFF,
  0xFF, 0xFF, 0xFF, 0x0F, 0xD0, 0xFD, 0xDF, 0xFD, 0xDF, 0x0D, 0x00, 0xF0, 0x0B, 0xD0, 0x0F, 0x00,
  0x00, 0xFB, 0x00, 0xF0, 0x0F, 0x00, 0x00, 0xFD, 0x00, 0xF0, 0x0D, 0x00, 0xFD, 0xFF, 0xFF, 0xFF,
  0xFF, 0x0B, 0xDD, 0xFF, 0xDD, 0xFD, 0xDD, 0x00, 0x00, 0xDF, 0x00, 0xFB, 0x00, 0x00, 0x00, 0xBF,
  0x00, 0xFD, 0x00, 0x00, 0xB0, 0x0F, 0x00, 0xFD, 0x00, 0x00, 0x00, 0x00, 0xD0, 0x0B, 0x00, 0x00,
  0x00, 0x00, 0xD0, 0x0B, 0x00, 0x00, 0x00, 0xD0, 0xFF, 0xFF, 0x0D, 0x00, 0x00, 0xFF, 0xFF, 0xFF,
  0xDF, 0x00, 0xD0, 0xDF, 0xD0, 0x0B, 0xFF, 0x0B, 0xD0, 0xBF, 0xD0, 0x0B, 0xD0, 0x00, 0xD0, 0xDF,
  0xD0, 0x0B, 0x00, 0x00, 0x00, 0xFF, 0xFF, 0x0D, 0x00, 0x00, 0x00, 0xD0, 0xFF, 0xFF, 0x0D, 0x00,
  0x00, 0x00, 0xD0, 0xFD, 0xFF, 0x00, 0x00, 0x00, 0xD0, 0x0B, 0xFD, 0x0D, 0xD0, 0x0D, 0xD0, 0x0B,
  0xFB, 0x0D, 0xF0, 0xDF, 0xD0, 0x0B, 0xFF, 0x0D, 0x00, 0xFF, 0xFF, 0xFF, 0xFF, 0x00, 0x00, 0xD0,
  0xFF, 0xFF, 0x0D, 0x00, 0x00, 0x00, 0xD0, 0x0B, 0x00, 0x00, 0x00, 0x00, 0xD0, 0x0B, 0x00, 0x00,
  0x00, 0xF0, 0xFF, 0x00, 0x00, 0x00, 0xFD, 0x00, 0x00, 0x00, 0xFF, 0xFD, 0x0F, 0x00, 0xD0, 0x0F,
  0x00, 0x00, 0x00, 0xDF, 0xB0, 0x0F, 0x00, 0xF0, 0x0D, 0x00, 0x00, 0x00, 0xDF, 0xD0, 0x0F, 0x00,
  0xFF, 0x00, 0x00, 0x00, 0x00, 0xFD, 0xFF, 0x0F, 0xD0, 0x0F, 0x00, 0x00, 0x00, 0x00, 0xD0, 0xDD,
  0x00, 0xF0, 0x0B, 0x00, 0x00, 0x00, 0x00, 0x00, 0x00, 0x00, 0xDF, 0x00, 0xDD, 0x0B, 0x00, 0x00,
  0x00, 0x00, 0xD0, 0x0F, 0xF0, 0xFF, 0xDF, 0x00, 0x00, 0x00, 0x00, 0xFB, 0x0B, 0xF0, 0x0D, 0xFF,
  0x00, 0x00, 0x00, 0x00, 0xDF, 0x00, 0xFB, 0x00, 0xFD, 0x00, 0x00, 0x00, 0xD0, 0x0F, 0x00, 0xFB,
  0x0B, 0xFD, 0x00, 0x00, 0x00, 0xFB, 0x00, 0x00, 0xF0, 0xDF, 0xDF, 0x00, 0x00, 0x00, 0xDF, 0x00,
  0x00, 0x00, 0xFF, 0x0D, 0x00, 0x00, 0xD0, 0xFF, 0x0F, 0x00, 0x00, 0x00, 0xFD, 0xDF, 0xFF, 0x00,
  0x00, 0x00, 0xFF, 0x00, 0xFB, 0x0D, 0x00, 0x00, 0xFF, 0x00, 0xFB, 0x0B, 0x00, 0x00, 0xFD, 0xBB,
  0xFF, 0x00, 0x00, 0x00, 0xF0, 0xFF, 0x0F, 0x00, 0x00, 0x00, 0xFB, 0xFF, 0x00, 0x00, 0x00, 0xB0,
  0xFF, 0xFD, 0x0F, 0xF0, 0x0D, 0xF0, 0x0F, 0xB0, 0xFF, 0xFB, 0x0D, 0xF0, 0x0F, 0x00, 0xFD, 0xFF,
  0x0B, 0xF0, 0x0F, 0x00, 0xF0, 0xFF, 0x00, 0xB0, 0xFF, 0xDD, 0xFF, 0xFF, 0x0B, 0x00, 0xFB, 0xFF,
  0xBF, 0xF0, 0x0F, 0x00, 0xFF, 0x00, 0x00, 0xDF, 0x00, 0x00, 0xDF, 0x00, 0x00, 0xDF, 0x00, 0x00,
  0xDF, 0x00, 0x00, 0x00, 0x00, 0x00, 0x00, 0x00, 0x00, 0x00, 0x00, 0x00, 0x00, 0x00, 0x00, 0x00,
  0x00, 0x00, 0x00, 0x00, 0x00, 0x00, 0x00, 0x00, 0x00, 0x00, 0x00, 0x00, 0xDF, 0x00, 0x00, 0xFD,
  0x00, 0x00, 0xF0, 0x0F, 0x00, 0xB0, 0xDF, 0x00, 0x00, 0xFD, 0x0B, 0x00, 0xF0, 0x0F, 0x00, 0x00,
  0xFF, 0x00, 0x00, 0xF0, 0x0F, 0x00, 0x00, 0xFF, 0x00, 0x00, 0xF0, 0x0F, 0x00, 0x00, 0xFF, 0x00,
  0x00, 0xF0, 0x0F, 0x00, 0x00, 0xFD, 0x0D, 0x00, 0x00, 0xFF, 0x00, 0x00, 0xD0, 0x0F, 0x00, 0x00,
  0xF0, 0x0D, 0xF0, 0x0F, 0x00, 0x00, 0xFD, 0x0B, 0x00, 0x00, 0xFF, 0x00, 0x00, 0xF0, 0x0F, 0x00,
  0x00, 0xFD, 0x0B, 0x00, 0xB0, 0xDF, 0x00, 0x00, 0xF0, 0x0D, 0x00, 0x00, 0xFF, 0x00, 0x00, 0xF0,
  0x0F, 0x00, 0x00, 0xFF, 0x00, 0x00, 0xFB, 0x0D, 0x00, 0xD0, 0xDF, 0x00, 0x00, 0xFF, 0x00, 0x00,
  0xF0, 0x0F, 0x00, 0xD0, 0xBF, 0x00, 0x00, 0xFF, 0x00, 0x00, 0x00, 0x00, 0xBF, 0x00, 0x00, 0xBB,
  0xF0, 0x0B, 0x0D, 0xD0, 0xFF, 0xDF, 0xDF, 0x00, 0x00, 0xFF, 0xBF, 0x00, 0xB0, 0xFF, 0xFF, 0xDF,
  0x00, 0xDB, 0xF0, 0x0B, 0x0D, 0x00, 0x00, 0xBF, 0x00, 0x00, 0x00, 0x00, 0x00, 0x00, 0x00, 0x00,
  0x00, 0x00, 0x00, 0x00, 0x00, 0x00, 0x00, 0x00, 0x00, 0x00, 0x00, 0x00, 0x00, 0x00, 0x00, 0x00,
  0x00, 0x00, 0x00, 0x00, 0x00, 0x00, 0x00, 0xF0, 0x0F, 0x00, 0x00, 0x00, 0x00, 0xF0, 0x0F, 0x00,
  0x00, 0x00, 0x00, 0xF0, 0x0F, 0x00, 0x00, 0x00, 0x00, 0xF0, 0x0F, 0x00, 0x00, 0xB0, 0xFF, 0xFF,
  0xFF, 0xFF, 0x0B, 0x00, 0xDD, 0xFD, 0xDF, 0xDD, 0x00, 0x00, 0x00, 0xF0, 0x0F, 0x00, 0x00, 0x00,
  0x00, 0xF0, 0x0F, 0x00, 0x00, 0x00, 0x00, 0xF0, 0x0F, 0x00, 0x00, 0x00, 0x00, 0x00, 0x00, 0x00,
  0x00, 0x00, 0xFF, 0x00, 0xFB, 0x0D, 0xD0, 0x0F, 0x00, 0xFD, 0x00, 0xF0, 0x0D, 0x00, 0xD0, 0xDD,
  0xDD, 0x0D, 0xF0, 0xFF, 0xFF, 0x0F, 0x00, 0x00, 0x00, 0x00, 0x00, 0x00, 0x00, 0x00, 0x00, 0x00,
  0x00, 0x00, 0x00, 0x00, 0x00, 0x00, 0x00, 0x00, 0x00, 0x00, 0x00, 0xDF, 0x00, 0xFD, 0x0F, 0x00,
  0xDF, 0x00, 0x00, 0x00, 0xD0, 0x00, 0x00, 0xD0, 0x0F, 0x00, 0x00, 0xFF, 0x00, 0x00, 0xF0, 0x0D,
  0x00, 0xD0, 0x0F, 0x00, 0x00, 0xFF, 0x00, 0x00, 0xF0, 0x0D, 0x00, 0xB0, 0xBF, 0x00, 0x00, 0xFD,
  0x00, 0x00, 0xF0, 0x0F, 0x00, 0x00, 0xDF, 0x00, 0x00, 0xFB, 0x0B, 0x00, 0xD0, 0x0F, 0x00, 0x00,
  0xFF, 0x00, 0x00, 0xF0, 0x0D, 0x00, 0xD0, 0x0F, 0x00, 0x00, 0x00, 0xB0, 0xFF, 0xDF, 0x00, 0x00,
  0x00, 0xFD, 0xDF, 0xFF, 0x0F, 0x00, 0x00, 0xFF, 0x00, 0xB0, 0xFF, 0x00, 0xD0, 0xDF, 0x00, 0x00,
  0xFF, 0x00, 0xF0, 0x0F, 0x00, 0x00, 0xFD, 0x0D, 0xF0, 0x0F, 0x00, 0x00, 0xFB, 0x0D, 0xF0, 0x0F,
  0x00, 0x00, 0xFB, 0x0D, 0xF0, 0x0F, 0x00, 0x00, 0xFB, 0x0D, 0xF0, 0x0F, 0x00, 0x00, 0xFD, 0x0D,
  0xD0, 0xDF, 0x00, 0x00, 0xFF, 0x00, 0x00, 0xFF, 0x00, 0xB0, 0xFF, 0x00, 0x00, 0xFD, 0xDF, 0xFF,
  0x0F, 0x00, 0x00, 0xB0, 0xFF, 0xDF, 0x00, 0x00, 0x00, 0xF0, 0xFF, 0x00, 0xFB, 0xFF, 0x0F, 0xF0,
  0x0F, 0xFF, 0x00, 0x0D, 0xF0, 0x0F, 0x00, 0x00, 0xFF, 0x00, 0x00, 0xF0, 0x0F, 0x00, 0x00, 0xFF,
  0x00, 0x00, 0xF0, 0x0F, 0x00, 0x00, 0xFF, 0x00, 0x00, 0xF0, 0x0F, 0x00, 0x00, 0xFF, 0x00, 0x00,
  0xF0, 0x0F, 0x00, 0x00, 0xFF, 0x00, 0x00, 0xD0, 0xFF, 0xDF, 0x00, 0x00, 0xF0, 0xFF, 0xFD, 0xFF,
  0x00, 0xD0, 0xDF, 0x00, 0xD0, 0xDF, 0x00, 0xFD, 0x00, 0x00, 0xF0, 0x0D, 0x00, 0x00, 0x00, 0xB0,
  0xDF, 0x00, 0x00, 0x00, 0x00, 0xFF, 0x00, 0x00, 0x00, 0x00, 0xFD, 0x0D, 0x00, 0x00, 0x00, 0xFD,
  0x0D, 0x00, 0x00, 0x00, 0xFD, 0x0F, 0x00, 0x00, 0x00, 0xFD, 0x0F, 0x00, 0x00, 0x00, 0xFD, 0x0F,
  0x00, 0x00, 0x00, 0xFD, 0xDF, 0xDD, 0xDD, 0x0D, 0xD0, 0xFF, 0xFF, 0xFF, 0xFF, 0x00, 0x00, 0xD0,
  0xFF, 0xDF, 0x00, 0x00, 0xF0, 0xFF, 0xFD, 0xFF, 0x00, 0xD0, 0xDF, 0x00, 0xD0, 0xDF, 0x00, 0xB0,
  0x00, 0x00, 0xF0, 0x0F, 0x00, 0x00, 0x00, 0xD0, 0xDF, 0x00, 0x00, 0xD0, 0xFD, 0xDF, 0x00, 0x00,
  0x00, 0xFD, 0xFF, 0x0D, 0x00, 0x00, 0x00, 0x00, 0xFD, 0x0D, 0x00, 0x00, 0x00, 0x00, 0xFF, 0x00,
  0xDD, 0x00, 0x00, 0xF0, 0x0F, 0xD0, 0xDF, 0x00, 0xB0, 0xFF, 0x00, 0xF0, 0xFF, 0xFD, 0xFF, 0x0B,
  0x00, 0xD0, 0xFF, 0xDF, 0x00, 0x00, 0x00, 0x00, 0x00, 0xFD, 0x0F, 0x00, 0x00, 0x00, 0xB0, 0xFF,
  0x0F, 0x00, 0x00, 0x00, 0xF0, 0xFF, 0x0F, 0x00, 0x00, 0x00, 0xFD, 0xFD, 0x0F, 0x00, 0x00, 0x00,
  0xFF, 0xF0, 0x0F, 0x00, 0x00, 0xF0, 0x0F, 0xF0, 0x0F, 0x00, 0x00, 0xFB, 0x0D, 0xF0, 0x0F, 0x00,
  0x00, 0xFF, 0x00, 0xF0, 0x0F, 0x00, 0xD0, 0xBF, 0x00, 0xF0, 0x0F, 0x00, 0xF0, 0xFF, 0xFF, 0xFF,
  0xFF, 0x0F, 0xD0, 0xDD, 0xDD, 0xFD, 0xFF, 0x0D, 0x00, 0x00, 0x00, 0xF0, 0x0F, 0x00, 0x00, 0x00,
  0x00, 0xF0, 0x0F, 0x00, 0x00, 0xFF, 0xFF, 0xFF, 0x0F, 0x00, 0xF0, 0xDF, 0xDD, 0xDD, 0x00, 0xB0,
  0xDF, 0x00, 0x00, 0x00, 0x00, 0xFB, 0x0D, 0x00, 0x00, 0x00, 0xD0, 0xBF, 0xDB, 0x0D, 0x00, 0x00,
  0xFD, 0xFF, 0xFF, 0xDF, 0x00, 0xB0, 0xDD, 0x00, 0xFB, 0xBF, 0x00, 0x00, 0x00, 0x00, 0xFB, 0x0D,
  0x00, 0x00, 0x00, 0x00, 0xFF, 0x00, 0xDD, 0x00, 0x00, 0xF0, 0x0F, 0xD0, 0xDF, 0x00, 0xF0, 0xDF,
  0x00, 0xF0, 0xFF, 0xFD, 0xFF, 0x00, 0x00, 0xD0, 0xFF, 0xDF, 0x00, 0x00, 0x00, 0x00, 0xFD, 0xDF,
  0x00, 0x00, 0xB0, 0xFF, 0xDD, 0xFF, 0x0B, 0x00, 0xFF, 0x00, 0x00, 0xFF, 0x00, 0xFD, 0x0D, 0x00,
  0x00, 0x0B, 0xD0, 0x0F, 0xD0, 0xBD, 0x00, 0x00, 0xFF, 0xFB, 0xFF, 0xFF, 0x00, 0xF0, 0xFF, 0x0B,
  0xD0, 0xFF, 0x00, 0xFF, 0x0D, 0x00, 0xF0, 0x0F, 0xF0, 0x0F, 0x00, 0x00, 0xFD, 0x0B, 0xFD, 0x0B,
  0x00, 0xF0, 0x0F, 0xB0, 0xFF, 0x00, 0xB0, 0xFF, 0x00, 0xD0, 0xFF, 0xFD, 0xFF, 0x0B, 0x00, 0xB0,
  0xFF, 0xDF, 0x00, 0x00, 0xF0, 0xFF, 0xFF, 0xFF, 0xDF, 0xD0, 0xDD, 0xDD, 0xFD, 0xDF, 0x00, 0x00,
  0x00, 0xF0, 0x0F, 0x00, 0x00, 0x00, 0xFD, 0x0D, 0x00, 0x00, 0x00, 0xFF, 0x00, 0x00, 0x00, 0xD0,
  0xDF, 0x00, 0x00, 0x00, 0xF0, 0x0F, 0x00, 0x00, 0x00, 0xFD, 0x0D, 0x00, 0x00, 0x00, 0xFF, 0x00,
  0x00, 0x00, 0xD0, 0xDF, 0x00, 0x00, 0x00, 0xF0, 0x0F, 0x00, 0x00, 0x00, 0xFD, 0x0D, 0x00, 0x00,
  0x00, 0xFF, 0x00, 0x00, 0x00, 0x00, 0xD0, 0xFF, 0xDF, 0x00, 0x00, 0xF0, 0xFF, 0xFD, 0xFF, 0x00,
  0xB0, 0xFF, 0x00, 0xD0, 0xDF, 0x00, 0xFD, 0x0D, 0x00, 0xF0, 0x0F, 0x00, 0xFF, 0x00, 0xD0, 0xDF,
  0x00, 0xD0, 0xFF, 0xFD, 0xDF, 0x00, 0x00, 0xFB, 0xFF, 0xFF, 0x0D, 0x00, 0xFB, 0x0F, 0x00, 0xFD,
  0x0D, 0xF0, 0x0F, 0x00, 0x00, 0xFF, 0x00, 0xFF, 0x00, 0x00, 0xF0, 0xBF, 0xF0, 0xDF, 0x00, 0x00,
  0xFF, 0x00, 0xF0, 0xFF, 0xFD, 0xFF, 0x0D, 0x00, 0xD0, 0xFF, 0xDF, 0x0B, 0x00, 0x00, 0xD0, 0xFF,
  0xDF, 0x00, 0x00, 0xF0, 0xFF, 0xFD, 0xFF, 0x00, 0xD0, 0xDF, 0x00, 0xD0, 0xDF, 0x00, 0xFF, 0x00,
  0x00, 0xF0, 0x0F, 0xF0, 0x0F, 0x00, 0x00, 0xFF, 0x00, 0xFD, 0x0D, 0x00, 0xFD, 0xBF, 0x00, 0xFF,
  0xDF, 0xFF, 0xFF, 0x0B, 0x00, 0xFD, 0xDF, 0xD0, 0x0F, 0x00, 0x00, 0x00, 0x00, 0xFF, 0x00, 0xFD,
  0x00, 0x00, 0xF0, 0x0F, 0xD0, 0xDF, 0x00, 0xD0, 0xBF, 0x00, 0xF0, 0xFF, 0xFD, 0xDF, 0x00, 0x00,
  0xD0, 0xFF, 0xDF, 0x00, 0x00, 0x00, 0xDF, 0x00, 0xFD, 0x0F, 0x00, 0xDF, 0x00, 0x00, 0x00, 0x00,
  0x00, 0x00, 0x00, 0x00, 0x00, 0x00, 0x00, 0xF0, 0x0D, 0xD0, 0xFF, 0x00, 0xF0, 0x0D, 0x00, 0xDD,
  0x00, 0xB0, 0xFF, 0x00, 0x00, 0xFF, 0x00, 0x00, 0x00, 0x00, 0x00, 0x00, 0x00, 0x00, 0x00, 0x00,
  0x00, 0x00, 0x00, 0x00, 0x00, 0x00, 0x00, 0xFF, 0x00, 0xB0, 0xDF, 0x00, 0xD0, 0x0F, 0x00, 0xD0,
  0x0F, 0x00, 0xF0, 0x0D, 0x00, 0x00, 0x00, 0x00, 0x00, 0x00, 0x00, 0x00, 0x00, 0x00, 0x00, 0xFB,
  0x00, 0x00, 0x00, 0x00, 0xFB, 0xFF, 0x00, 0x00, 0x00, 0xFB, 0xFF, 0x0D, 0x00, 0x00, 0xFB, 0xFF,
  0x0D, 0x00, 0x00, 0xD0, 0xFF, 0x0D, 0x00, 0x00, 0x00, 0xB0, 0xFF, 0xBF, 0x00, 0x00, 0x00, 0x00,
  0xD0, 0xFF, 0xBF, 0x00, 0x00, 0x00, 0x00, 0xD0, 0xFF, 0xDF, 0x00, 0x00, 0x00, 0x00, 0xD0, 0xFF,
  0x00, 0x00, 0x00, 0x00, 0x00, 0xD0, 0x00, 0x00, 0xDD, 0xDD, 0xDD, 0xDD, 0x00, 0x00, 0xFF, 0xFF,
  0xFF, 0xFF, 0x00, 0x00, 0x00, 0x00, 0x00, 0x00, 0x00, 0x00, 0x00, 0x00, 0x00, 0x00, 0x00, 0x00,
  0xDD, 0xDD, 0xDD, 0xDD, 0x00, 0x00, 0xFF, 0xFF, 0xFF, 0xFF, 0x00, 0x00, 0x00, 0x00, 0x00, 0x00,
  0x00, 0x00, 0x00, 0x00, 0x00, 0x00, 0x00, 0x00, 0x00, 0x00, 0x00, 0x00, 0x00, 0x00, 0xBF, 0x00,
  0x00, 0x00, 0x00, 0x00, 0xFF, 0xBF, 0x00, 0x00, 0x00, 0x00, 0xD0, 0xFF, 0xBF, 0x00, 0x00, 0x00,
  0x00, 0xD0, 0xFF, 0xBF, 0x00, 0x00, 0x00, 0x00, 0xD0, 0xFF, 0x0D, 0x00, 0x00, 0x00, 0xFB, 0xFF,
  0x0B, 0x00, 0x00, 0xFB, 0xFF, 0x0D, 0x00, 0x00, 0xFD, 0xFF, 0x0D, 0x00, 0x00, 0x00, 0xFF, 0x0D,
  0x00, 0x00, 0x00, 0x00, 0x0D, 0x00, 0x00, 0x00, 0x00, 0x00, 0xFD, 0xFF, 0x0D, 0x00, 0xD0, 0xFF,
  0xFD, 0xFF, 0x00, 0xF0, 0x0F, 0x00, 0xFD, 0x0D, 0xB0, 0x0B, 0x00, 0xFB, 0x0D, 0x00, 0x00, 0x00,
  0xFF, 0x0B, 0x00, 0x00, 0xF0, 0xDF, 0x00, 0x00, 0x00, 0xFF, 0x0B, 0x00, 0x00, 0xD0, 0xDF, 0x00,
  0x00, 0x00, 0xD0, 0x0D, 0x00, 0x00, 0x00, 0x00, 0x00, 0x00, 0x00, 0x00, 0xD0, 0x0F, 0x00, 0x00,
  0x00, 0xF0, 0xDF, 0x00, 0x00, 0x00, 0xD0, 0x0F, 0x00, 0x00, 0x00, 0x00, 0xB0, 0xFD, 0xFF, 0xDF,
  0x0B, 0x00, 0x00, 0x00, 0x00, 0xFF, 0xFF, 0xDD, 0xFF, 0xDF, 0x00, 0x00, 0x00, 0xF0, 0xDF, 0x00,
  0x00, 0x00, 0xFD, 0x0F, 0x00, 0x00, 0xFD, 0x0B, 0x00, 0x00, 0x00, 0xB0, 0xDF, 0x00, 0x00, 0xDF,
  0x00, 0xD0, 0xDD, 0xD0, 0x0B, 0xFD, 0x00, 0xD0, 0x0F, 0x00, 0xFF, 0xFF, 0xFF, 0x0D, 0xF0, 0x0B,
  0xF0, 0x0F, 0xD0, 0xBF, 0x00, 0xFD, 0x0D, 0xF0, 0x0D, 0xF0, 0x0F, 0xF0, 0x0D, 0x00, 0xF0, 0x0D,
  0xF0, 0x0D, 0xF0, 0x0D, 0xF0, 0x0D, 0x00, 0xF0, 0x0D, 0xF0, 0x0D, 0xF0, 0x0F, 0xF0, 0x0D, 0x00,
  0xF0, 0x0D, 0xF0, 0x0D, 0xF0, 0x0F, 0xF0, 0x0F, 0x00, 0xFD, 0x0D, 0xFB, 0x0B, 0xD0, 0x0F, 0xB0,
  0xFF, 0xFD, 0xFF, 0xDF, 0xFF, 0x00, 0xB0, 0xDF, 0x00, 0xFB, 0xFF, 0x00, 0xFF, 0x0F, 0x00, 0x00,
  0xFF, 0x0B, 0x00, 0x00, 0x00, 0x00, 0x00, 0x00, 0x00, 0xF0, 0xDF, 0x00, 0x00, 0x00, 0x00, 0x00,
  0x00, 0x00, 0x00, 0xFF, 0xFF, 0xDD, 0xFF, 0x0F, 0x00, 0x00, 0x00, 0x00, 0xB0, 0xFD, 0xFF, 0xDF,
  0x0D, 0x00, 0x00, 0x00, 0x00, 0xF0, 0xDF, 0x00, 0x00, 0x00, 0x00, 0xB0, 0xFF, 0x0F, 0x00, 0x00,
  0x00, 0x00, 0xFF, 0xFD, 0x0D, 0x00, 0x00, 0x00, 0xF0, 0x0F, 0xFF, 0x00, 0x00, 0x00, 0xD0, 0xDF,
  0xF0, 0x0F, 0x00, 0x00, 0x00, 0xFF, 0x00, 0xFD, 0x0D, 0x00, 0x00, 0xF0, 0x0F, 0x00, 0xFF, 0x00,
  0x00, 0xD0, 0xDF, 0x00, 0xF0, 0xBF, 0x00, 0x00, 0xFF, 0xFF, 0xFF, 0xFF, 0x0D, 0x00, 0xFB, 0xDF,
  0xDD, 0xDD, 0xFF, 0x00, 0xD0, 0xDF, 0x00, 0x00, 0xF0, 0xBF, 0x00, 0xFF, 0x00, 0x00, 0x00, 0xFB,
  0x0F, 0xFB, 0x0F, 0x00, 0x00, 0x00, 0xFF, 0x00, 0xD0, 0xFF, 0xFF, 0xFF, 0x0D, 0x00, 0xD0, 0xFF,
  0xDD, 0xFD, 0xFF, 0x00, 0xD0, 0xDF, 0x00, 0x00, 0xFF, 0x00, 0xD0, 0xDF, 0x00, 0x00, 0xFD, 0x0B,
  0xD0, 0xDF, 0x00, 0x00, 0xFF, 0x00, 0xD0, 0xFF, 0xDD, 0xFD, 0x0F, 0x00, 0xD0, 0xFF, 0xFF, 0xFF,
  0xDF, 0x00, 0xD0, 0xDF, 0x00, 0x00, 0xFF, 0x0B, 0xD0, 0xDF, 0x00, 0x00, 0xFB, 0x0F, 0xD0, 0xDF,
  0x00, 0x00, 0xF0, 0x0F, 0xD0, 0xDF, 0x00, 0x00, 0xFD, 0x0D, 0xD0, 0xFF, 0xDD, 0xFD, 0xFF, 0x00,
  0xD0, 0xFF, 0xFF, 0xFF, 0x0D, 0x00, 0x00, 0x00, 0xFD, 0xFF, 0xBF, 0x00, 0x00, 0x00, 0xFF, 0xDF,
  0xFD, 0xFF, 0x00, 0x00, 0xFF, 0x0D, 0x00, 0xD0, 0xDF, 0x00, 0xFB, 0x0D, 0x00, 0x00, 0xF0, 0x0F,
  0xD0, 0xBF, 0x00, 0x00, 0x00, 0x00, 0x00, 0xFF, 0x00, 0x00, 0x00, 0x00, 0x00, 0xF0, 0x0F, 0x00,
  0x00, 0x00, 0x00, 0x00, 0xFF, 0x00, 0x00, 0x00, 0x00, 0x00, 0xF0, 0xBF, 0x00, 0x00, 0x00, 0x00,
  0x00, 0xFB, 0x0D, 0x00, 0x00, 0xF0, 0x0F, 0x00, 0xFF, 0x0D, 0x00, 0xD0, 0xDF, 0x00, 0x00, 0xFF,
  0xDF, 0xFD, 0xFF, 0x00, 0x00, 0x00, 0xFD, 0xFF, 0xBF, 0x00, 0x00, 0xD0, 0xFF, 0xFF, 0xFF, 0x0D,
  0x00, 0x00, 0xFD, 0xDF, 0xDD, 0xFF, 0x0F, 0x00, 0xD0, 0xDF, 0x00, 0x00, 0xFD, 0x0F, 0x00, 0xFD,
  0x0D, 0x00, 0x00, 0xFD, 0x0B, 0xD0, 0xDF, 0x00, 0x00, 0x00, 0xFF, 0x00, 0xFD, 0x0D, 0x00, 0x00,
  0xF0, 0x0F, 0xD0, 0xDF, 0x00, 0x00, 0x00, 0xFF, 0x00, 0xFD, 0x0D, 0x00, 0x00, 0xF0, 0x0F, 0xD0,
  0xDF, 0x00, 0x00, 0x00, 0xDF, 0x00, 0xFD, 0x0D, 0x00, 0x00, 0xFD, 0x0B, 0xD0, 0xDF, 0x00, 0x00,
  0xFD, 0x0F, 0x00, 0xFD, 0xDF, 0xDD, 0xFF, 0x0F, 0x00, 0xD0, 0xFF, 0xFF, 0xFF, 0x0D, 0x00, 0x00,
  0xD0, 0xFF, 0xFF, 0xFF, 0xDF, 0x00, 0xFD, 0xDF, 0xDD, 0xDD, 0x0D, 0xD0, 0xDF, 0x00, 0x00, 0x00,
  0x00, 0xFD, 0x0D, 0x00, 0x00, 0x00, 0xD0, 0xDF, 0x00, 0x00, 0x00, 0x00, 0xFD, 0xDF, 0xDD, 0xDD,
  0x00, 0xD0, 0xFF, 0xFF, 0xFF, 0x0F, 0x00, 0xFD, 0x0D, 0x00, 0x00, 0x00, 0xD0, 0xDF, 0x00, 0x00,
  0x00, 0x00, 0xFD, 0x0D, 0x00, 0x00, 0x00, 0xD0, 0xDF, 0x00, 0x00, 0x00, 0x00, 0xFD, 0xDF, 0xDD,
  0xDD, 0x0D, 0xD0, 0xFF, 0xFF, 0xFF, 0xFF, 0x00, 0xD0, 0xFF, 0xFF, 0xFF, 0xDF, 0x00, 0xFD, 0xDF,
  0xDD, 0xDD, 0x0B, 0xD0, 0xDF, 0x00, 0x00, 0x00, 0x00, 0xFD, 0x0D, 0x00, 0x00, 0x00, 0xD0, 0xDF,
  0x00, 0x00, 0x00, 0x00, 0xFD, 0x0D, 0x00, 0x00, 0x00, 0xD0, 0xFF, 0xFF, 0xFF, 0x0F, 0x00, 0xFD,
  0xDF, 0xDD, 0xDD, 0x00, 0xD0, 0xDF, 0x00, 0x00, 0x00, 0x00, 0xFD, 0x0D, 0x00, 0x00, 0x00, 0xD0,
  0xDF, 0x00, 0x00, 0x00, 0x00, 0xFD, 0x0D, 0x00, 0x00, 0x00, 0xD0, 0xDF, 0x00, 0x00, 0x00, 0x00,
  0x00, 0x00, 0xFD, 0xFF, 0xBF, 0x00, 0x00, 0x00, 0xFF, 0xDF, 0xFD, 0xFF, 0x00, 0x00, 0xFF, 0x0D,
  0x00, 0xD0, 0xDF, 0x00, 0xFB, 0x0D, 0x00, 0x00, 0xF0, 0x0F, 0xF0, 0xBF, 0x00, 0x00, 0x00, 0x00,
  0x00, 0xFF, 0x00, 0x00, 0x00, 0x00, 0x00, 0xF0, 0x0F, 0x00, 0xF0, 0xFF, 0xFF, 0x0B, 0xFF, 0x00,
  0x00, 0xDD, 0xFD, 0xBF, 0xF0, 0xBF, 0x00, 0x00, 0x00, 0xFD, 0x0B, 0xFB, 0x0D, 0x00, 0x00, 0xF0,
  0x0F, 0x00, 0xFF, 0x0D, 0x00, 0xD0, 0xDF, 0x00, 0x00, 0xFF, 0xDF, 0xFD, 0xFF, 0x00, 0x00, 0x00,
  0xFD, 0xFF, 0xBF, 0x00, 0x00, 0xD0, 0xDF, 0x00, 0x00, 0x00, 0xFF, 0x00, 0xFD, 0x0D, 0x00, 0x00,
  0xF0, 0x0F, 0xD0, 0xDF, 0x00, 0x00, 0x00, 0xFF, 0x00, 0xFD, 0x0D, 0x00, 0x00, 0xF0, 0x0F, 0xD0,
  0xDF, 0x00, 0x00, 0x00, 0xFF, 0x00, 0xFD, 0xDF, 0xDD, 0xDD, 0xFD, 0x0F, 0xD0, 0xFF, 0xFF, 0xFF,
  0xFF, 0xFF, 0x00, 0xFD, 0x0D, 0x00, 0x00, 0xF0, 0x0F, 0xD0, 0xDF, 0x00, 0x00, 0x00, 0xFF, 0x00,
  0xFD, 0x0D, 0x00, 0x00, 0xF0, 0x0F, 0xD0, 0xDF, 0x00, 0x00, 0x00, 0xFF, 0x00, 0xFD, 0x0D, 0x00,
  0x00, 0xF0, 0x0F, 0xD0, 0xDF, 0x00, 0x00, 0x00, 0xFF, 0x00, 0xD0, 0xDF, 0x00, 0xFD, 0x0D, 0xD0,
  0xDF, 0x00, 0xFD, 0x0D, 0xD0, 0xDF, 0x00, 0xFD, 0x0D, 0xD0, 0xDF, 0x00, 0xFD, 0x0D, 0xD0, 0xDF,
  0x00, 0xFD, 0x0D, 0xD0, 0xDF, 0x00, 0xFD, 0x0D, 0xD0, 0xDF, 0x00, 0x00, 0x00, 0x00, 0xF0, 0x0F,
  0x00, 0x00, 0x00, 0xF0, 0x0F, 0x00, 0x00, 0x00, 0xF0, 0x0F, 0x00, 0x00, 0x00, 0xF0, 0x0F, 0x00,
  0x00, 0x00, 0xF0, 0x0F, 0x00, 0x00, 0x00, 0xF0, 0x0F, 0x00, 0x00, 0x00, 0xF0, 0x0F, 0x00, 0x00,
  0x00, 0xF0, 0x0F, 0xD0, 0x0D, 0x00, 0xF0, 0x0F, 0xF0, 0x0F, 0x00, 0xF0, 0x0F, 0xF0, 0x0F, 0x00,
  0xFD, 0x0D, 0xD0, 0xFF, 0xFD, 0xFF, 0x00, 0x00, 0xFB, 0xFF, 0x0D, 0x00, 0xD0, 0xDF, 0x00, 0x00,
  0xF0, 0xBF, 0xD0, 0xDF, 0x00, 0x00, 0xFF, 0x0D, 0xD0, 0xDF, 0x00, 0xF0, 0xDF, 0x00, 0xD0, 0xDF,
  0x00, 0xFF, 0x0D, 0x00, 0xD0, 0xDF, 0xD0, 0xDF, 0x00, 0x00, 0xD0, 0xBF, 0xFD, 0x0F, 0x00, 0x00,
  0xD0, 0xFF, 0xFF, 0xBF, 0x00, 0x00, 0xD0, 0xFF, 0xBF, 0xFF, 0x00, 0x00, 0xD0, 0xFF, 0x00, 0xFD,
  0x0D, 0x00, 0xD0, 0xDF, 0x00, 0xF0, 0xBF, 0x00, 0xD0, 0xDF, 0x00, 0x00, 0xFF, 0x00, 0xD0, 0xDF,
  0x00, 0x00, 0xFD, 0x0F, 0xD0, 0xDF, 0x00, 0x00, 0xF0, 0xDF, 0xD0, 0xDF, 0x00, 0x00, 0x00, 0xD0,
  0xDF, 0x00, 0x00, 0x00, 0xD0, 0xDF, 0x00, 0x00, 0x00, 0xD0, 0xDF, 0x00, 0x00, 0x00, 0xD0, 0xDF,
  0x00, 0x00, 0x00, 0xD0, 0xDF, 0x00, 0x00, 0x00, 0xD0, 0xDF, 0x00, 0x00, 0x00, 0xD0, 0xDF, 0x00,
  0x00, 0x00, 0xD0, 0xDF, 0x00, 0x00, 0x00, 0xD0, 0xDF, 0x00, 0x00, 0x00, 0xD0, 0xDF, 0x00, 0x00,
  0x00, 0xD0, 0xFF, 0xDD, 0xDD, 0x0D, 0xD0, 0xFF, 0xFF, 0xFF, 0xBF, 0xD0, 0xFF, 0x0D, 0x00, 0x00,
  0x00, 0xFF, 0x0F, 0xD0, 0xFF, 0x0F, 0x00, 0x00, 0xD0, 0xFF, 0x0F, 0xD0, 0xFF, 0xBF, 0x00, 0x00,
  0xF0, 0xFF, 0x0F, 0xD0, 0xDF, 0xDF, 0x00, 0x00, 0xFB, 0xFD, 0x0F, 0xD0, 0xBF, 0xFF, 0x00, 0x00,
  0xFD, 0xFB, 0x0F, 0xD0, 0xBF, 0xFD, 0x0D, 0x00, 0xFF, 0xF0, 0x0F, 0xD0, 0xBF, 0xF0, 0x0F, 0xB0,
  0xDF, 0xF0, 0x0F, 0xD0, 0xBF, 0xF0, 0x0F, 0xF0, 0x0F, 0xF0, 0x0F, 0xD0, 0xBF, 0xB0, 0xDF, 0xF0,
  0x0F, 0xF0, 0x0F, 0xD0, 0xBF, 0x00, 0xFF, 0xFB, 0x0B, 0xF0, 0x0F, 0xD0, 0xBF, 0x00, 0xFD, 0xFF,
  0x00, 0xF0, 0x0F, 0xD0, 0xBF, 0x00, 0xF0, 0xDF, 0x00, 0xF0, 0x0F, 0xD0, 0xBF, 0x00, 0xF0, 0x0F,
  0x00, 0xF0, 0x0F, 0xD0, 0xFF, 0x00, 0x00, 0x00, 0xFF, 0x00, 0xD0, 0xFF, 0x0D, 0x00, 0x00, 0xFF,
  0x00, 0xD0, 0xFF, 0xBF, 0x00, 0x00, 0xFF, 0x00, 0xD0, 0xDF, 0xFF, 0x00, 0x00, 0xFF, 0x00, 0xD0,
  0xBF, 0xFD, 0x0D, 0x00, 0xFF, 0x00, 0xD0, 0xDF, 0xF0, 0x0F, 0x00, 0xFF, 0x00, 0xD0, 0xDF, 0xB0,
  0xFF, 0x00, 0xFF, 0x00, 0xD0, 0xDF, 0x00, 0xFD, 0x0D, 0xFF, 0x00, 0xD0, 0xDF, 0x00, 0xF0, 0x0F,
  0xFF, 0x00, 0xD0, 0xDF, 0x00, 0xB0, 0xDF, 0xFF, 0x00, 0xD0, 0xDF, 0x00, 0x00, 0xFF, 0xFF, 0x00,
  0xD0, 0xDF, 0x00, 0x00, 0xF0, 0xFF, 0x00, 0xD0, 0xDF, 0x00, 0x00, 0xD0, 0xFF, 0x00, 0x00, 0x00,
  0xFD, 0xFF, 0xBF, 0x00, 0x00, 0x00, 0xF0, 0xFF, 0xDD, 0xFF, 0x0D, 0x00, 0x00, 0xFF, 0x0D, 0x00,
  0xD0, 0xDF, 0x00, 0xB0, 0xDF, 0x00, 0x00, 0x00, 0xFF, 0x00, 0xD0, 0xBF, 0x00, 0x00, 0x00, 0xFD,
  0x0D, 0xF0, 0x0F, 0x00, 0x00, 0x00, 0xF0, 0x0D, 0xF0, 0x0F, 0x00, 0x00, 0x00, 0xF0, 0x0F, 0xF0,
  0x0F, 0x00, 0x00, 0x00, 0xF0, 0x0D, 0xF0, 0xBF, 0x00, 0x00, 0x00, 0xFD, 0x0D, 0xB0, 0xDF, 0x00,
  0x00, 0x00, 0xFF, 0x00, 0x00, 0xFF, 0x0D, 0x00, 0xD0, 0xDF, 0x00, 0x00, 0xF0, 0xFF, 0xDD, 0xFF,
  0x0F, 0x00, 0x00, 0x00, 0xFD, 0xFF, 0xBF, 0x00, 0x00, 0xD0, 0xFF, 0xFF, 0xFF, 0x0D, 0x00, 0xD0,
  0xFF, 0xDD, 0xFD, 0xDF, 0x00, 0xD0, 0xDF, 0x00, 0x00, 0xFF, 0x0B, 0xD0, 0xDF, 0x00, 0x00, 0xFD,
  0x0D, 0xD0, 0xDF, 0x00, 0x00, 0xFB, 0x0D, 0xD0, 0xDF, 0x00, 0x00, 0xFD, 0x0D, 0xD0, 0xDF, 0x00,
  0xB0, 0xFF, 0x00, 0xD0, 0xFF, 0xFF, 0xFF, 0xBF, 0x00, 0xD0, 0xFF, 0xDD, 0xDD, 0x00, 0x00, 0xD0,
  0xDF, 0x00, 0x00, 0x00, 0x00, 0xD0, 0xDF, 0x00, 0x00, 0x00, 0x00, 0xD0, 0xDF, 0x00, 0x00, 0x00,
  0x00, 0xD0, 0xDF, 0x00, 0x00, 0x00, 0x00, 0x00, 0x00, 0xFD, 0xFF, 0xBF, 0x00, 0x00, 0x00, 0xF0,
  0xFF, 0xFF, 0xFF, 0x0F, 0x00, 0x00, 0xFF, 0x0D, 0x00, 0xF0, 0xDF, 0x00, 0xB0, 0xFF, 0x00, 0x00,
  0x00, 0xFF, 0x00, 0xD0, 0xBF, 0x00, 0x00, 0x00, 0xFD, 0x0D, 0xF0, 0x0F, 0x00, 0x00, 0x00, 0xFB,
  0x0D, 0xF0, 0x0F, 0x00, 0x00, 0x00, 0xF0, 0x0F, 0xF0, 0x0F, 0x00, 0x00, 0x00, 0xF0, 0x0D, 0xF0,
  0xBF, 0x00, 0xB0, 0x00, 0xFD, 0x0D, 0xB0, 0xFF, 0x00, 0xF0, 0x0F, 0xFF, 0x00, 0x00, 0xFF, 0x0D,
  0xB0, 0xFF, 0xDF, 0x00, 0x00, 0xF0, 0xFF, 0xFF, 0xFF, 0x0F, 0x00, 0x00, 0x00, 0xFD, 0xFF, 0xFF,
  0x0F, 0x00, 0x00, 0x00, 0x00, 0x00, 0x00, 0xFF, 0x00, 0xD0, 0xFF, 0xFF, 0xFF, 0x0D, 0x00, 0xD0,
  0xFF, 0xDD, 0xFD, 0xFF, 0x00, 0xD0, 0xDF, 0x00, 0x00, 0xFF, 0x0B, 0xD0, 0xDF, 0x00, 0x00, 0xFB,
  0x0D, 0xD0, 0xDF, 0x00, 0x00, 0xFB, 0x0D, 0xD0, 0xDF, 0x00, 0x00, 0xFF, 0x0B, 0xD0, 0xFF, 0xDD,
  0xFD, 0xFF, 0x00, 0xD0, 0xFF, 0xFF, 0xFF, 0x0D, 0x00, 0xD0, 0xDF, 0x00, 0xFD, 0x0D, 0x00, 0xD0,
  0xDF, 0x00, 0xF0, 0x0F, 0x00, 0xD0, 0xDF, 0x00, 0xD0, 0xFF, 0x00, 0xD0, 0xDF, 0x00, 0x00, 0xFF,
  0x0B, 0xD0, 0xDF, 0x00, 0x00, 0xFB, 0x0F, 0x00, 0xD0, 0xFF, 0xFF, 0x0B, 0x00, 0x00, 0xFF, 0xDF,
  0xFD, 0xDF, 0x00, 0xD0, 0xDF, 0x00, 0x00, 0xFF, 0x0B, 0xD0, 0xBF, 0x00, 0x00, 0xD0, 0x00, 0xD0,
  0xDF, 0x00, 0x00, 0x00, 0x00, 0x00, 0xFF, 0xDF, 0x0B, 0x00, 0x00, 0x00, 0xD0, 0xFF, 0xFF, 0x0D,
  0x00, 0x00, 0x00, 0x00, 0xFD, 0xFF, 0x00, 0x00, 0x00, 0x00, 0x00, 0xFD, 0x0D, 0xD0, 0x0D, 0x00,
  0x00, 0xFB, 0x0D, 0xF0, 0xDF, 0x00, 0x00, 0xFF, 0x0D, 0x00, 0xFF, 0xDF, 0xFD, 0xFF, 0x00, 0x00,
  0xD0, 0xFF, 0xFF, 0x0D, 0x00, 0xF0, 0xFF, 0xFF, 0xFF, 0xFF, 0x0F, 0xD0, 0xDD, 0xFD, 0xDF, 0xDD,
  0x0D, 0x00, 0x00, 0xF0, 0x0F, 0x00, 0x00, 0x00, 0x00, 0xF0, 0x0F, 0x00, 0x00, 0x00, 0x00, 0xF0,
  0x0F, 0x00, 0x00, 0x00, 0x00, 0xF0, 0x0F, 0x00, 0x00, 0x00, 0x00, 0xF0, 0x0F, 0x00, 0x00, 0x00,
  0x00, 0xF0, 0x0F, 0x00, 0x00, 0x00, 0x00, 0xF0, 0x0F, 0x00, 0x00, 0x00, 0x00, 0xF0, 0x0F, 0x00,
  0x00, 0x00, 0x00, 0xF0, 0x0F, 0x00, 0x00, 0x00, 0x00, 0xF0, 0x0F, 0x00, 0x00, 0x00, 0x00, 0xF0,
  0x0F, 0x00, 0x00, 0xD0, 0xDF, 0x00, 0x00, 0x00, 0xFF, 0x00, 0xFD, 0x0D, 0x00, 0x00, 0xF0, 0x0F,
  0xD0, 0xDF, 0x00, 0x00, 0x00, 0xFF, 0x00, 0xFD, 0x0D, 0x00, 0x00, 0xF0, 0x0F, 0xD0, 0xDF, 0x00,
  0x00, 0x00, 0xFF, 0x00, 0xFD, 0x0D, 0x00, 0x00, 0xF0, 0x0F, 0xD0, 0xDF, 0x00, 0x00, 0x00, 0xFF,
  0x00, 0xFD, 0x0D, 0x00, 0x00, 0xF0, 0x0F, 0xD0, 0xDF, 0x00, 0x00, 0x00, 0xFF, 0x00, 0xFB, 0x0D,
  0x00, 0x00, 0xFB, 0x0D, 0x00, 0xFF, 0x0B, 0x00, 0xF0, 0xBF, 0x00, 0xB0, 0xFF, 0xDF, 0xFF, 0xDF,
  0x00, 0x00, 0x00, 0xFD, 0xFF, 0xBD, 0x00, 0x00, 0xFB, 0x0F, 0x00, 0x00, 0x00, 0xFF, 0x00, 0xFF,
  0x00, 0x00, 0x00, 0xFB, 0x0F, 0xD0, 0xDF, 0x00, 0x00, 0xD0, 0xBF, 0x00, 0xF0, 0x0F, 0x00, 0x00,
  0xFF, 0x00, 0x00, 0xFF, 0x00, 0x00, 0xFB, 0x0D, 0x00, 0xD0, 0xDF, 0x00, 0xD0, 0xBF, 0x00, 0x00,
  0xF0, 0x0F, 0x00, 0xFF, 0x00, 0x00, 0x00, 0xFF, 0x00, 0xFB, 0x0D, 0x00, 0x00, 0xD0, 0xDF, 0xD0,
  0x0F, 0x00, 0x00, 0x00, 0xF0, 0x0F, 0xFF, 0x00, 0x00, 0x00, 0x00, 0xFD, 0xFD, 0x0D, 0x00, 0x00,
  0x00, 0xB0, 0xFF, 0x0F, 0x00, 0x00, 0x00, 0x00, 0xF0, 0xFF, 0x00, 0x00, 0x00, 0xFB, 0x0D, 0x00,
  0x00, 0xFF, 0x00, 0x00, 0xD0, 0xDF, 0xF0, 0x0F, 0x00, 0xD0, 0xFF, 0x0D, 0x00, 0xF0, 0x0F, 0xF0,
  0x0F, 0x00, 0xD0, 0xFF, 0x0F, 0x00, 0xF0, 0x0F, 0xD0, 0xDF, 0x00, 0xF0, 0xFF, 0x0F, 0x00, 0xFB,
  0x0D, 0xB0, 0xDF, 0x00, 0xF0, 0xDD, 0xBF, 0x00, 0xFD, 0x0B, 0x00, 0xFF, 0x00, 0xFD, 0xBB, 0xDF,
  0x00, 0xFF, 0x00, 0x00, 0xFF, 0x00, 0xFF, 0x00, 0xFF, 0x00, 0xFF, 0x00, 0x00, 0xFD, 0x0D, 0xFF,
  0x00, 0xFF, 0xB0, 0xDF, 0x00, 0x00, 0xF0, 0x0D, 0xDF, 0x00, 0xFD, 0xDB, 0x0F, 0x00, 0x00, 0xF0,
  0xDF, 0x0F, 0x00, 0xF0, 0xFD, 0x0F, 0x00, 0x00, 0xD0, 0xFF, 0x0F, 0x00, 0xF0, 0xFF, 0x0D, 0x00,
  0x00, 0xB0, 0xFF, 0x0D, 0x00, 0xD0, 0xFF, 0x0D, 0x00, 0x00, 0x00, 0xFF, 0x0D, 0x00, 0xB0, 0xFF,
  0x00, 0x00, 0xF0, 0xDF, 0x00, 0x00, 0xF0, 0xDF, 0x00, 0xF0, 0x0F, 0x00, 0xD0, 0xFF, 0x00, 0x00,
  0xFD, 0x0F, 0x00, 0xFF, 0x00, 0x00, 0x00, 0xFF, 0x0D, 0xFF, 0x0B, 0x00, 0x00, 0x00, 0xFF, 0xFD,
  0x0D, 0x00, 0x00, 0x00, 0xB0, 0xFF, 0x0F, 0x00, 0x00, 0x00, 0x00, 0xF0, 0xDF, 0x00, 0x00, 0x00,
  0x00, 0xD0, 0xFF, 0xBF, 0x00, 0x00, 0x00, 0xB0, 0xFF, 0xF0, 0x0F, 0x00, 0x00, 0x00, 0xFF, 0x00,
  0xFD, 0x0D, 0x00, 0x00, 0xFD, 0x0D, 0x00, 0xFF, 0x0B, 0x00, 0xFD, 0x0F, 0x00, 0x00, 0xFF, 0x00,
  0xF0, 0x0F, 0x00, 0x00, 0xD0, 0xFF, 0x00, 0xF0, 0x0F, 0x00, 0x00, 0xD0, 0xFF, 0x00, 0xFD, 0x0D,
  0x00, 0x00, 0xFF, 0x00, 0x00, 0xFF, 0x00, 0x00, 0xFD, 0x0D, 0x00, 0xB0, 0xFF, 0x00, 0xFB, 0x0F,
  0x00, 0x00, 0xF0, 0xBF, 0xF0, 0xBF, 0x00, 0x00, 0x00, 0xF0, 0xBF, 0xDF, 0x00, 0x00, 0x00, 0x00,
  0xFD, 0xFF, 0x00, 0x00, 0x00, 0x00, 0x00, 0xFF, 0x0D, 0x00, 0x00, 0x00, 0x00, 0xD0, 0xBF, 0x00,
  0x00, 0x00, 0x00, 0x00, 0xFD, 0x0B, 0x00, 0x00, 0x00, 0x00, 0xD0, 0xBF, 0x00, 0x00, 0x00, 0x00,
  0x00, 0xFD, 0x0B, 0x00, 0x00, 0x00, 0x00, 0xD0, 0xBF, 0x00, 0x00, 0x00, 0xF0, 0xFF, 0xFF, 0xFF,
  0xFF, 0x0D, 0xD0, 0xDD, 0xDD, 0xDD, 0xFF, 0x00, 0x00, 0x00, 0x00, 0xD0, 0xDF, 0x00, 0x00, 0x00,
  0x00, 0xF0, 0x0F, 0x00, 0x00, 0x00, 0x00, 0xFF, 0x00, 0x00, 0x00, 0x00, 0xD0, 0xDF, 0x00, 0x00,
  0x00, 0x00, 0xFB, 0x0F, 0x00, 0x00, 0x00, 0x00, 0xFF, 0x00, 0x00, 0x00, 0x00, 0xD0, 0xDF, 0x00,
  0x00, 0x00, 0x00, 0xFB, 0x0F, 0x00, 0x00, 0x00, 0x00, 0xFF, 0x00, 0x00, 0x00, 0x00, 0xD0, 0xFF,
  0xDD, 0xDD, 0xDD, 0x0B, 0xF0, 0xFF, 0xFF, 0xFF, 0xFF, 0x0D, 0x00, 0xDD, 0xBD, 0x00, 0xF0, 0xFF,
  0x0D, 0x00, 0xDF, 0x00, 0x00, 0xF0, 0x0D, 0x00, 0x00, 0xDF, 0x00, 0x00, 0xF0, 0x0D, 0x00, 0x00,
  0xDF, 0x00, 0x00, 0xF0, 0x0D, 0x00, 0x00, 0xDF, 0x00, 0x00, 0xF0, 0x0D, 0x00, 0x00, 0xDF, 0x00,
  0x00, 0xF0, 0x0D, 0x00, 0x00, 0xDF, 0x00, 0x00, 0xF0, 0x0D, 0x00, 0x00, 0xDF, 0x00, 0x00, 0xF0,
  0xDF, 0x0B, 0x00, 0xFF, 0xDF, 0x00, 0xDB, 0x00, 0x00, 0xB0, 0xBF, 0x00, 0x00, 0xF0, 0x0D, 0x00,
  0x00, 0xFF, 0x00, 0x00, 0xD0, 0x0F, 0x00, 0x00, 0xFB, 0x0D, 0x00, 0x00, 0xDF, 0x00, 0x00, 0xD0,
  0x0F, 0x00, 0x00, 0xFD, 0x00, 0x00, 0x00, 0xDF, 0x00, 0x00, 0xF0, 0x0F, 0x00, 0x00, 0xFD, 0x00,
  0x00, 0xB0, 0xBF, 0x00, 0x00, 0xF0, 0x0D, 0x00, 0x00, 0xFF, 0x00, 0x00, 0xD0, 0x0F, 0xD0, 0xDD,
  0x0D, 0x00, 0xFF, 0xFF, 0x00, 0x00, 0xF0, 0x0F, 0x00, 0x00, 0xFF, 0x00, 0x00, 0xF0, 0x0F, 0x00,
  0x00, 0xFF, 0x00, 0x00, 0xF0, 0x0F, 0x00, 0x00, 0xFF, 0x00, 0x00, 0xF0, 0x0F, 0x00, 0x00, 0xFF,
  0x00, 0x00, 0xF0, 0x0F, 0x00, 0x00, 0xFF, 0x00, 0x00, 0xF0, 0x0F, 0x00, 0x00, 0xFF, 0x00, 0x00,
  0xF0, 0x0F, 0x00, 0xDD, 0xFF, 0x00, 0xF0, 0xFF, 0x0F, 0x00, 0x00, 0xB0, 0x0D, 0x00, 0x00, 0x00,
  0xFF, 0x0D, 0x00, 0x00, 0xFD, 0xFD, 0x00, 0x00, 0xF0, 0x0D, 0xDF, 0x00, 0xD0, 0x0F, 0xD0, 0x0F,
  0x00, 0xDF, 0x00, 0xF0, 0x0D, 0x00, 0x00, 0x00, 0x00, 0x00, 0x00, 0x00, 0x00, 0x00, 0x00, 0x00,
  0x00, 0x00, 0x00, 0x00, 0x00, 0x00, 0x00, 0x00, 0x00, 0x00, 0x00, 0x00, 0x00, 0x00, 0x00, 0x00,
  0x00, 0x00, 0x00, 0x00, 0x00, 0xDD, 0xDD, 0xDD, 0xDD, 0xF0, 0xFF, 0xFF, 0xFF, 0xBF, 0xB0, 0xDF,
  0x00, 0x00, 0xFF, 0x00, 0x00, 0xF0, 0x0B, 0x00, 0x00, 0x00, 0x00, 0x00, 0x00, 0x00, 0x00, 0x00,
  0x00, 0x00, 0x00, 0x00, 0x00, 0x00, 0x00, 0x00, 0x00, 0x00, 0x00, 0x00, 0x00, 0x00, 0x00, 0x00,
  0x00, 0x00, 0x00, 0x00, 0x00, 0x00, 0x00, 0x00, 0x00, 0xDB, 0xFF, 0xBF, 0x00, 0xB0, 0xFF, 0xDD,
  0xFF, 0x0B, 0xD0, 0x0F, 0x00, 0xF0, 0x0F, 0x00, 0x00, 0x00, 0xF0, 0x0F, 0x00, 0xDB, 0xFF, 0xFF,
  0x0F, 0xD0, 0xFF, 0xDD, 0xFB, 0x0F, 0xF0, 0x0F, 0x00, 0xF0, 0x0F, 0xF0, 0x0F, 0x00, 0xFD, 0x0F,
  0xF0, 0xFF, 0xFD, 0xFF, 0x0F, 0x00, 0xFD, 0xDF, 0xF0, 0x0F, 0xD0, 0x0F, 0x00, 0x00, 0x00, 0x00,
  0xFD, 0x00, 0x00, 0x00, 0x00, 0xD0, 0x0F, 0x00, 0x00, 0x00, 0x00, 0xFD, 0xD0, 0xFF, 0x0D, 0x00,
  0xD0, 0xDF, 0xDF, 0xFF, 0x0F, 0x00, 0xFD, 0x0F, 0x00, 0xFD, 0x0F, 0xD0, 0xDF, 0x00, 0x00, 0xFF,
  0x00, 0xFD, 0x00, 0x00, 0xD0, 0x0F, 0xD0, 0x0F, 0x00, 0x00, 0xFD, 0x00, 0xFD, 0x0D, 0x00, 0xF0,
  0x0F, 0xD0, 0xFF, 0x00, 0xD0, 0xFF, 0x00, 0xFD, 0xFD, 0xFD, 0xFF, 0x00, 0xD0, 0x0F, 0xFD, 0xFF,
  0x00, 0x00, 0x00, 0xD0, 0xFF, 0xDF, 0x00, 0x00, 0xFF, 0xDF, 0xFF, 0x0F, 0xD0, 0xDF, 0x00, 0xD0,
  0xBF, 0xF0, 0x0F, 0x00, 0x00, 0x00, 0xF0, 0x0F, 0x00, 0x00, 0x00, 0xF0, 0x0F, 0x00, 0x00, 0x00,
  0xF0, 0x0F, 0x00, 0x00, 0x00, 0xD0, 0xDF, 0x00, 0xD0, 0xBF, 0x00, 0xFF, 0xDF, 0xFF, 0x0F, 0x00,
  0xD0, 0xFF, 0xDF, 0x00, 0x00, 0x00, 0x00, 0x00, 0xFF, 0x00, 0x00, 0x00, 0x00, 0xF0, 0x0F, 0x00,
  0x00, 0x00, 0x00, 0xFF, 0x00, 0x00, 0xFD, 0xDF, 0xF0, 0x0F, 0x00, 0xFF, 0xDF, 0xDF, 0xFF, 0x00,
  0xFD, 0x0D, 0x00, 0xFF, 0x0F, 0xF0, 0x0F, 0x00, 0xB0, 0xFF, 0x00, 0xFF, 0x00, 0x00, 0xF0, 0x0F,
  0xF0, 0x0F, 0x00, 0x00, 0xFF, 0x00, 0xFF, 0x00, 0x00, 0xFB, 0x0F, 0xD0, 0xDF, 0x00, 0xF0, 0xFF,
  0x00, 0xF0, 0xFF, 0xFD, 0xFD, 0x0F, 0x00, 0xD0, 0xFF, 0x0D, 0xFF, 0x00, 0x00, 0xD0, 0xFF, 0xDF,
  0x00, 0x00, 0xF0, 0xFF, 0xFD, 0xDF, 0x00, 0xD0, 0xDF, 0x00, 0xF0, 0x0F, 0x00, 0xFF, 0x00, 0x00,
  0xF0, 0x0D, 0xF0, 0xFF, 0xFF, 0xFF, 0xDF, 0x00, 0xFF, 0xDD, 0xDD, 0xDD, 0x0D, 0xF0, 0x0F, 0x00,
  0x00, 0x00, 0x00, 0xFD, 0x0D, 0x00, 0xFD, 0x0B, 0x00, 0xFF, 0xDF, 0xFF, 0x0F, 0x00, 0x00, 0xFD,
  0xFF, 0x0D, 0x00, 0x00, 0xD0, 0xFF, 0x0B, 0xF0, 0xFF, 0x0D, 0x00, 0xFF, 0x00, 0xF0, 0xFF, 0xFF,
  0x0F, 0xDD, 0xFF, 0xDD, 0x00, 0xF0, 0x0F, 0x00, 0x00, 0xFF, 0x00, 0x00, 0xF0, 0x0F, 0x00, 0x00,
  0xFF, 0x00, 0x00, 0xF0, 0x0F, 0x00, 0x00, 0xFF, 0x00, 0x00, 0xF0, 0x0F, 0x00, 0x00, 0xFF, 0x00,
  0x00, 0x00, 0xD0, 0xFF, 0x0D, 0xFF, 0x00, 0xF0, 0xFF, 0xFD, 0xFD, 0x0F, 0xD0, 0xDF, 0x00, 0xF0,
  0xFF, 0x00, 0xFF, 0x00, 0x00, 0xFB, 0x0F, 0xF0, 0x0F, 0x00, 0x00, 0xFF, 0x00, 0xFF, 0x00, 0x00,
  0xF0, 0x0F, 0xF0, 0x0F, 0x00, 0xB0, 0xFF, 0x00, 0xFD, 0x0D, 0x00, 0xFF, 0x0F, 0x00, 0xFF, 0xDF,
  0xDF, 0xFF, 0x00, 0x00, 0xFD, 0xDF, 0xF0, 0x0F, 0x00, 0x00, 0x00, 0x00, 0xFF, 0x00, 0xD0, 0x00,
  0x00, 0xFD, 0x0D, 0xB0, 0xFF, 0xDF, 0xFF, 0x0F, 0x00, 0x00, 0xFD, 0xFF, 0x0D, 0x00, 0xD0, 0x0F,
  0x00, 0x00, 0x00, 0x00, 0xFD, 0x00, 0x00, 0x00, 0x00, 0xD0, 0x0F, 0x00, 0x00, 0x00, 0x00, 0xFD,
  0xD0, 0xFF, 0x0D, 0x00, 0xD0, 0xDF, 0xDF, 0xFF, 0x0F, 0x00, 0xFD, 0x0F, 0x00, 0xFF, 0x0B, 0xD0,
  0xBF, 0x00, 0xD0, 0xDF, 0x00, 0xFD, 0x00, 0x00, 0xFB, 0x0D, 0xD0, 0x0F, 0x00, 0xB0, 0xDF, 0x00,
  0xFD, 0x00, 0x00, 0xFB, 0x0D, 0xD0, 0x0F, 0x00, 0xB0, 0xDF, 0x00, 0xFD, 0x00, 0x00, 0xFB, 0x0D,
  0xD0, 0x0F, 0x00, 0xB0, 0xDF, 0x00, 0x00, 0x00, 0x00, 0xFF, 0x0B, 0xD0, 0x0F, 0x00, 0x00, 0x00,
  0xD0, 0x0F, 0x00, 0xFD, 0x00, 0xD0, 0x0F, 0x00, 0xFD, 0x00, 0xD0, 0x0F, 0x00, 0xFD, 0x00, 0xD0,
  0x0F, 0x00, 0xFD, 0x00, 0xD0, 0x0F, 0x00, 0xFD, 0x00, 0x00, 0x00, 0x00, 0x00, 0xFF, 0x0B, 0x00,
  0xFD, 0x00, 0x00, 0x00, 0x00, 0x00, 0xFD, 0x00, 0x00, 0xFD, 0x00, 0x00, 0xFD, 0x00, 0x00, 0xFD,
  0x00, 0x00, 0xFD, 0x00, 0x00, 0xFD, 0x00, 0x00, 0xFD, 0x00, 0x00, 0xFD, 0x00, 0x00, 0xFD, 0x00,
  0x00, 0xFD, 0x00, 0x00, 0xFD, 0x00, 0x00, 0xFF, 0x00, 0xF0, 0xFF, 0x00, 0xFB, 0x0D, 0x00, 0xD0,
  0x0F, 0x00, 0x00, 0x00, 0xD0, 0x0F, 0x00, 0x00, 0x00, 0xD0, 0x0F, 0x00, 0x00, 0x00, 0xD0, 0x0F,
  0x00, 0xF0, 0x0F, 0xD0, 0x0F, 0x00, 0xFF, 0x00, 0xD0, 0x0F, 0xF0, 0xBF, 0x00, 0xD0, 0xBF, 0xFF,
  0x0D, 0x00, 0xD0, 0xFF, 0xFF, 0x00, 0x00, 0xD0, 0xFF, 0xFF, 0x0D, 0x00, 0xD0, 0xBF, 0xF0, 0x0F,
  0x00, 0xD0, 0x0F, 0xB0, 0xFF, 0x00, 0xD0, 0x0F, 0x00, 0xFD, 0x0D, 0xD0, 0x0F, 0x00, 0xF0, 0xDF,
  0xD0, 0x0F, 0x00, 0xFD, 0x00, 0xD0, 0x0F, 0x00, 0xFD, 0x00, 0xD0, 0x0F, 0x00, 0xFD, 0x00, 0xD0,
  0x0F, 0x00, 0xFD, 0x00, 0xD0, 0x0F, 0x00, 0xFD, 0x00, 0xD0, 0x0F, 0x00, 0xFD, 0x00, 0xD0, 0x0F,
  0x00, 0xD0, 0x0F, 0xFD, 0xBF, 0xB0, 0xFF, 0xBF, 0x00, 0xD0, 0xDF, 0xDF, 0xFF, 0xFD, 0xFD, 0xFF,
  0x00, 0xD0, 0xDF, 0x00, 0xF0, 0xBF, 0x00, 0xFD, 0x0D, 0xD0, 0xBF, 0x00, 0xF0, 0x0F, 0x00, 0xF0,
  0x0D, 0xD0, 0x0F, 0x00, 0xF0, 0x0F, 0x00, 0xF0, 0x0D, 0xD0, 0x0F, 0x00, 0xF0, 0x0F, 0x00, 0xF0,
  0x0D, 0xD0, 0x0F, 0x00, 0xF0, 0x0F, 0x00, 0xF0, 0x0D, 0xD0, 0x0F, 0x00, 0xF0, 0x0F, 0x00, 0xF0,
  0x0D, 0xD0, 0x0F, 0x00, 0xF0, 0x0F, 0x00, 0xF0, 0x0D, 0xD0, 0x0F, 0x00, 0xF0, 0x0F, 0x00, 0xF0,
  0x0D, 0xD0, 0x0F, 0xFD, 0xDF, 0x00, 0x00, 0xFD, 0xFD, 0xFD, 0xFF, 0x00, 0xD0, 0xFF, 0x00, 0xF0,
  0xBF, 0x00, 0xFD, 0x0B, 0x00, 0xFD, 0x0D, 0xD0, 0x0F, 0x00, 0xB0, 0xDF, 0x00, 0xFD, 0x00, 0x00,
  0xFB, 0x0D, 0xD0, 0x0F, 0x00, 0xB0, 0xDF, 0x00, 0xFD, 0x00, 0x00, 0xFB, 0x0D, 0xD0, 0x0F, 0x00,
  0xB0, 0xDF, 0x00, 0xFD, 0x00, 0x00, 0xFB, 0x0D, 0x00, 0xD0, 0xFF, 0xDF, 0x00, 0x00, 0xF0, 0xFF,
  0xFD, 0xFF, 0x00, 0xD0, 0xDF, 0x00, 0xD0, 0xDF, 0x00, 0xFF, 0x00, 0x00, 0xF0, 0x0F, 0xF0, 0x0F,
  0x00, 0x00, 0xFF, 0x00, 0xFF, 0x00, 0x00, 0xF0, 0x0F, 0xF0, 0x0F, 0x00, 0x00, 0xFF, 0x00, 0xFD,
  0x0D, 0x00, 0xFD, 0x0D, 0x00, 0xFF, 0xDF, 0xFF, 0x0F, 0x00, 0x00, 0xFD, 0xFF, 0x0D, 0x00, 0xD0,
  0x0F, 0xFD, 0xDF, 0x00, 0x00, 0xFD, 0xFD, 0xFD, 0xFF, 0x00, 0xD0, 0xFF, 0x00, 0xD0, 0xFF, 0x00,
  0xFD, 0x0D, 0x00, 0xF0, 0x0F, 0xD0, 0x0F, 0x00, 0x00, 0xFD, 0x00, 0xFD, 0x00, 0x00, 0xD0, 0x0F,
  0xD0, 0xDF, 0x00, 0x00, 0xFF, 0x00, 0xFD, 0x0F, 0x00, 0xFD, 0x0F, 0xD0, 0xDF, 0xDF, 0xFF, 0x0F,
  0x00, 0xFD, 0xD0, 0xFF, 0x0F, 0x00, 0xD0, 0x0F, 0x00, 0x00, 0x00, 0x00, 0xFD, 0x00, 0x00, 0x00,
  0x00, 0xD0, 0x0F, 0x00, 0x00, 0x00, 0x00, 0xFD, 0x00, 0x00, 0x00, 0x00, 0x00, 0xD0, 0xFF, 0x0D,
  0xFF, 0x00, 0xF0, 0xFF, 0xFD, 0xFD, 0x0F, 0xD0, 0xDF, 0x00, 0xF0, 0xFF, 0x00, 0xFF, 0x00, 0x00,
  0xFB, 0x0F, 0xF0, 0x0F, 0x00, 0x00, 0xFF, 0x00, 0xFF, 0x00, 0x00, 0xF0, 0x0F, 0xF0, 0x0F, 0x00,
  0xB0, 0xFF, 0x00, 0xFD, 0x0D, 0x00, 0xFF, 0x0F, 0x00, 0xFF, 0xDF, 0xDF, 0xFF, 0x00, 0x00, 0xFD,
  0xDF, 0xF0, 0x0F, 0x00, 0x00, 0x00, 0x00, 0xFF, 0x00, 0x00, 0x00, 0x00, 0xF0, 0x0F, 0x00, 0x00,
  0x00, 0x00, 0xFF, 0x00, 0x00, 0x00, 0x00, 0xF0, 0x0F, 0xD0, 0x0F, 0xFD, 0x0D, 0xFD, 0xFF, 0xBD,
  0xD0, 0xDF, 0x00, 0x00, 0xFD, 0x0B, 0x00, 0xD0, 0x0F, 0x00, 0x00, 0xFD, 0x00, 0x00, 0xD0, 0x0F,
  0x00, 0x00, 0xFD, 0x00, 0x00, 0xD0, 0x0F, 0x00, 0x00, 0xFD, 0x00, 0x00, 0x00, 0xFB, 0xFF, 0x0D,
  0x00, 0xB0, 0xFF, 0xDD, 0xFF, 0x00, 0xF0, 0x0F, 0x00, 0xFB, 0x0B, 0xD0, 0xBF, 0x00, 0x00, 0x00,
  0x00, 0xFF, 0xDF, 0x0B, 0x00, 0x00, 0xB0, 0xFD, 0xFF, 0x00, 0x00, 0x00, 0x00, 0xFB, 0x0F, 0xF0,
  0x0F, 0x00, 0xFB, 0x0F, 0xD0, 0xFF, 0xDD, 0xFF, 0x0B, 0x00, 0xFD, 0xFF, 0xBD, 0x00, 0x00, 0x0D,
  0x00, 0xB0, 0xDF, 0x00, 0xB0, 0xDF, 0x00, 0xFF, 0xFF, 0xDF, 0xFD, 0xFF, 0xBD, 0xB0, 0xDF, 0x00,
  0xB0, 0xDF, 0x00, 0xB0, 0xDF, 0x00, 0xB0, 0xDF, 0x00, 0xB0, 0xDF, 0x00, 0xB0, 0xDF, 0x00, 0x00,
  0xFF, 0xBD, 0x00, 0xFB, 0xDF, 0xD0, 0x0F, 0x00, 0xB0, 0xDF, 0x00, 0xFD, 0x00, 0x00, 0xFB, 0x0D,
  0xD0, 0x0F, 0x00, 0xB0, 0xDF, 0x00, 0xFD, 0x00, 0x00, 0xFB, 0x0D, 0xD0, 0x0F, 0x00, 0xB0, 0xDF,
  0x00, 0xFD, 0x00, 0x00, 0xFB, 0x0D, 0xD0, 0xBF, 0x00, 0xD0, 0xDF, 0x00, 0xFD, 0x0D, 0x00, 0xFF,
  0x0D, 0x00, 0xFF, 0xDF, 0xDF, 0xDF, 0x00, 0x00, 0xFF, 0xBF, 0xFB, 0x0D, 0xFB, 0x0D, 0x00, 0xB0,
  0xDF, 0xF0, 0x0F, 0x00, 0xD0, 0xBF, 0xD0, 0xBF, 0x00, 0xF0, 0x0F, 0xB0, 0xDF, 0x00, 0xFB, 0x0D,
  0x00, 0xFF, 0x00, 0xFD, 0x00, 0x00, 0xFD, 0x0B, 0xFF, 0x00, 0x00, 0xF0, 0xBD, 0xDF, 0x00, 0x00,
  0xF0, 0xDF, 0x0F, 0x00, 0x00, 0xD0, 0xFF, 0x0F, 0x00, 0x00, 0x00, 0xFF, 0x0B, 0x00, 0xFB, 0x0D,
  0x00, 0xFD, 0x0D, 0x00, 0xFF, 0x00, 0xFF, 0x00, 0xF0, 0xFF, 0x00, 0xF0, 0x0F, 0xF0, 0x0F, 0x00,
  0xFF, 0x0F, 0xB0, 0xDF, 0x00, 0xFD, 0x0D, 0xFB, 0xFD, 0x0B, 0xFD, 0x0B, 0x00, 0xDF, 0xD0, 0x0F,
  0xDF, 0xF0, 0x0F, 0x00, 0xF0, 0x0F, 0xDF, 0xF0, 0x0F, 0xFF, 0x00, 0x00, 0xFD, 0xFB, 0x0B, 0xFD,
  0xFB, 0x0D, 0x00, 0xB0, 0xFF, 0x0F, 0x00, 0xFF, 0x0F, 0x00, 0x00, 0xF0, 0xFF, 0x00, 0xF0, 0xFF,
  0x00, 0x00, 0x00, 0xFD, 0x0D, 0x00, 0xFD, 0x0D, 0x00, 0xF0, 0x0F, 0x00, 0xF0, 0x0F, 0xB0, 0xFF,
  0x00, 0xFD, 0x0B, 0x00, 0xFD, 0x0B, 0xFF, 0x00, 0x00, 0xF0, 0xFF, 0x0F, 0x00, 0x00, 0xB0, 0xFF,
  0x0D, 0x00, 0x00, 0xD0, 0xFF, 0x0D, 0x00, 0x00, 0xF0, 0xFF, 0x0F, 0x00, 0x00, 0xFF, 0x00, 0xFF,
  0x00, 0xD0, 0xDF, 0x00, 0xFD, 0x0D, 0xF0, 0x0F, 0x00, 0xF0, 0x0F, 0xFB, 0x0D, 0x00, 0xB0, 0xFF,
  0xF0, 0x0F, 0x00, 0xD0, 0xBF, 0xD0, 0xBF, 0x00, 0xF0, 0x0F, 0xB0, 0xDF, 0x00, 0xFB, 0x0D, 0x00,
  0xFF, 0x00, 0xFD, 0x0B, 0x00, 0xFD, 0x0B, 0xFF, 0x00, 0x00, 0xF0, 0xBD, 0xDF, 0x00, 0x00, 0xF0,
  0xDF, 0x0F, 0x00, 0x00, 0xD0, 0xFF, 0x0F, 0x00, 0x00, 0x00, 0xFF, 0x0B, 0x00, 0x00, 0x00, 0xFF,
  0x00, 0x00, 0x00, 0xB0, 0xDF, 0x00, 0x00, 0xB0, 0xFD, 0x0F, 0x00, 0x00, 0xD0, 0xFF, 0x0B, 0x00,
  0x00, 0xF0, 0xFF, 0xFF, 0xFF, 0x0F, 0xD0, 0xDD, 0xDD, 0xFF, 0x0D, 0x00, 0x00, 0x00, 0xFF, 0x00,
  0x00, 0x00, 0xF0, 0x0F, 0x00, 0x00, 0x00, 0xFD, 0x0D, 0x00, 0x00, 0xD0, 0xFF, 0x00, 0x00, 0x00,
  0xF0, 0x0F, 0x00, 0x00, 0x00, 0xFF, 0x0B, 0x00, 0x00, 0xD0, 0xFF, 0xDD, 0xDD, 0x0D, 0xF0, 0xFF,
  0xFF, 0xFF, 0x0F, 0x00, 0x00, 0xFB, 0x0F, 0x00, 0xB0, 0xFF, 0x0D, 0x00, 0xD0, 0x0F, 0x00, 0x00,
  0xF0, 0x0F, 0x00, 0x00, 0xF0, 0x0F, 0x00, 0x00, 0xF0, 0x0F, 0x00, 0x00, 0xF0, 0x0F, 0x00, 0xD0,
  0xFF, 0x0B, 0x00, 0xF0, 0xDF, 0x00, 0x00, 0x00, 0xFB, 0x0D, 0x00, 0x00, 0xF0, 0x0F, 0x00, 0x00,
  0xF0, 0x0F, 0x00, 0x00, 0xF0, 0x0F, 0x00, 0x00, 0xF0, 0x0F, 0x00, 0x00, 0xD0, 0xDF, 0x00, 0x00,
  0x00, 0xFF, 0x0F, 0x00, 0x00, 0xD0, 0x0D, 0x00, 0xDB, 0x00, 0x00, 0xFF, 0x00, 0x00, 0xFF, 0x00,
  0x00, 0xFF, 0x00, 0x00, 0xFF, 0x00, 0x00, 0xFF, 0x00, 0x00, 0xFF, 0x00, 0x00, 0xFF, 0x00, 0x00,
  0xFF, 0x00, 0x00, 0xFF, 0x00, 0x00, 0xFF, 0x00, 0x00, 0xFF, 0x00, 0x00, 0xFF, 0x00, 0x00, 0xFF,
  0x00, 0x00, 0xFF, 0x00, 0x00, 0xFF, 0x00, 0x00, 0xFF, 0x00, 0x00, 0xFF, 0x00, 0x00, 0xFF, 0x00,
  0x00, 0xFF, 0x00, 0x00, 0xFF, 0x00, 0x00, 0xFF, 0x00, 0xF0, 0xBF, 0x00, 0x00, 0xD0, 0xFF, 0x0B,
  0x00, 0x00, 0xFB, 0x0D, 0x00, 0x00, 0xF0, 0x0D, 0x00, 0x00, 0xF0, 0x0D, 0x00, 0x00, 0xF0, 0x0F,
  0x00, 0x00, 0xF0, 0x0F, 0x00, 0x00, 0xB0, 0xFF, 0x0D, 0x00, 0x00, 0xFD, 0x0D, 0x00, 0xF0, 0xBF,
  0x00, 0x00, 0xF0, 0x0F, 0x00, 0x00, 0xF0, 0x0D, 0x00, 0x00, 0xF0, 0x0D, 0x00, 0x00, 0xF0, 0x0D,
  0x00, 0x00, 0xFD, 0x0D, 0x00, 0xF0, 0xFF, 0x00, 0x00, 0xD0, 0x0D, 0x00, 0x00, 0x00, 0xD0, 0x0D,
  0x00, 0xB0, 0x00, 0x00, 0xFF, 0xFF, 0x0B, 0xF0, 0x0D, 0xB0, 0xBF, 0xD0, 0xDF, 0xFF, 0x00, 0xB0,
  0x0D, 0x00, 0xFD, 0xBF, 0x00, 0x00, 0x00, 0x00, 0x00, 0x00, 0x00, 0x00, 0x00, 0x00, 0x00, 0x00,
  0x00, 0x00, 0x00, 0x00, 0x00, 0x00, 0x00,
};
static constexpr Font kQualificationMediumAa{kQualificationMediumAaGlyphs, kQualificationMediumAaBitmap, 18, 5, 23};
static constexpr Glyph kQualificationSemiboldAaGlyphs[] = {
  {0, 5, 0, 0, 0, 5},
  {0, 6, 14, 0, -14, 6},
  {42, 10, 14, 0, -14, 10},
  {112, 13, 14, 0, -14, 13},
  {203, 13, 18, 0, -16, 13},
  {320, 20, 14, 0, -14, 20},
  {460, 14, 14, 0, -14, 13},
  {558, 7, 14, 0, -14, 7},
  {607, 7, 18, 0, -15, 7},
  {670, 7, 18, 0, -15, 7},
  {733, 11, 14, 0, -14, 11},
  {810, 13, 11, 0, -11, 13},
  {882, 6, 6, 0, -3, 6},
  {900, 9, 8, 0, -8, 9},
  {936, 6, 3, 0, -3, 6},
  {945, 8, 18, 0, -16, 8},
  {1017, 13, 14, 0, -14, 13},
  {1108, 8, 14, 0, -14, 8},
  {1164, 12, 14, 0, -14, 12},
  {1248, 13, 14, 0, -14, 13},
  {1339, 13, 14, 0, -14, 13},
  {1430, 12, 14, 0, -14, 12},
  {1514, 13, 14, 0, -14, 13},
  {1605, 12, 14, 0, -14, 12},
  {1689, 13, 14, 0, -14, 13},
  {1780, 13, 14, 0, -14, 13},
  {1871, 6, 10, 0, -10, 6},
  {1901, 7, 13, 0, -10, 7},
  {1947, 13, 12, 0, -12, 13},
  {2025, 13, 9, 0, -9, 13},
  {2084, 13, 12, 0, -12, 13},
  {2162, 11, 14, 0, -14, 11},
  {2239, 20, 18, 0, -14, 20},
  {2419, 15, 14, 0, -14, 15},
  {2524, 13, 14, 0, -14, 13},
  {2615, 15, 14, 0, -14, 15},
  {2720, 14, 14, 0, -14, 14},
  {2818, 12, 14, 0, -14, 12},
  {2902, 12, 14, 0, -14, 12},
  {2986, 15, 14, 0, -14, 15},
  {3091, 15, 14, 0, -14, 15},
  {3196, 6, 14, 0, -14, 6},
  {3238, 12, 14, 0, -14, 12},
  {3322, 14, 14, 0, -14, 14},
  {3420, 11, 14, 0, -14, 11},
  {3497, 18, 14, 0, -14, 18},
  {3623, 15, 14, 0, -14, 15},
  {3728, 15, 14, 0, -14, 15},
  {3833, 13, 14, 0, -14, 13},
  {3924, 15, 15, 0, -14, 15},
  {4037, 13, 14, 0, -14, 13},
  {4128, 13, 14, 0, -14, 13},
  {4219, 13, 14, 0, -14, 13},
  {4310, 15, 14, 0, -14, 15},
  {4415, 15, 14, 0, -14, 15},
  {4520, 20, 14, 0, -14, 20},
  {4660, 14, 14, 0, -14, 14},
  {4758, 14, 14, 0, -14, 14},
  {4856, 13, 14, 0, -14, 13},
  {4947, 7, 19, 0, -16, 7},
  {5014, 8, 18, 0, -16, 8},
  {5086, 7, 19, 0, -16, 7},
  {5153, 10, 14, 0, -14, 10},
  {5223, 10, 3, 0, -1, 9},
  {5238, 7, 15, 0, -15, 7},
  {5291, 11, 11, 0, -11, 11},
  {5352, 12, 14, 0, -14, 12},
  {5436, 12, 11, 0, -11, 12},
  {5502, 12, 14, 0, -14, 12},
  {5586, 12, 11, 0, -11, 12},
  {5652, 8, 14, 0, -14, 8},
  {5708, 13, 15, 0, -11, 13},
  {5806, 12, 14, 0, -14, 12},
  {5890, 5, 15, 0, -15, 5},
  {5928, 6, 19, -1, -15, 5},
  {5985, 12, 14, 0, -14, 11},
  {6069, 5, 14, 0, -14, 5},
  {6104, 18, 11, 0, -11, 18},
  {6203, 12, 11, 0, -11, 12},
  {6269, 12, 11, 0, -11, 12},
  {6335, 12, 15, 0, -11, 12},
  {6425, 12, 15, 0, -11, 12},
  {6515, 8, 12, 0, -12, 8},
  {6563, 11, 11, 0, -11, 11},
  {6624, 7, 14, 0, -14, 7},
  {6673, 12, 11, 0, -11, 12},
  {6739, 12, 11, 0, -11, 12},
  {6805, 17, 11, 0, -11, 17},
  {6899, 11, 11, 0, -11, 11},
  {6960, 12, 15, 0, -11, 12},
  {7050, 11, 11, 0, -11, 11},
  {7111, 9, 19, 0, -14, 9},
  {7197, 7, 24, 0, -19, 7},
  {7281, 9, 19, 0, -14, 9},
  {7367, 13, 9, 0, -9, 13},
};
static constexpr uint8_t kQualificationSemiboldAaBitmap[] = {
  0x00, 0xFF, 0x0D, 0x00, 0xFF, 0x0D, 0x00, 0xFF, 0x0D, 0x00, 0xFF, 0x0D, 0x00, 0xFF, 0x0D, 0x00,
  0xFF, 0x0D, 0x00, 0xFF, 0x0D, 0x00, 0xFF, 0x0D, 0x00, 0xFF, 0x0B, 0x00, 0xFF, 0x0B, 0x00, 0x00,
  0x00, 0x00, 0xFF, 0x0B, 0xB0, 0xFF, 0x0F, 0x00, 0xFF, 0x0B, 0x00, 0xFF, 0x0D, 0xFF, 0x0D, 0x00,
  0xFF, 0x0D, 0xFF, 0x0B, 0x00, 0xFF, 0x0B, 0xFF, 0x0B, 0x00, 0xFF, 0x0B, 0xFF, 0x0B, 0x00, 0xFF,
  0x0B, 0xFF, 0x00, 0x00, 0xFF, 0x00, 0xFF, 0x00, 0x00, 0x00, 0x00, 0x00, 0x00, 0x00, 0x00, 0x00,
  0x00, 0x00, 0x00, 0x00, 0x00, 0x00, 0x00, 0x00, 0x00, 0x00, 0x00, 0x00, 0x00, 0x00, 0x00, 0x00,
  0x00, 0x00, 0x00, 0x00, 0x00, 0x00, 0x00, 0x00, 0x00, 0x00, 0x00, 0x00, 0x00, 0x00, 0x00, 0x00,
  0x00, 0x00, 0xFF, 0x00, 0xF0, 0x0F, 0x00, 0x00, 0xF0, 0x0D, 0x00, 0xFF, 0x00, 0x00, 0xB0, 0xDF,
  0x00, 0xFB, 0x0D, 0x00, 0xFD, 0xFF, 0xFF, 0xFF, 0xFF, 0xDF, 0xF0, 0xFF, 0xFF, 0xFF, 0xFF, 0xFF,
  0x0B, 0x00, 0xFF, 0x00, 0xF0, 0x0F, 0x00, 0x00, 0xF0, 0x0F, 0x00, 0xFF, 0x00, 0x00, 0x00, 0xDF,
  0x00, 0xF0, 0x0F, 0x00, 0xFD, 0xFF, 0xFF, 0xFF, 0xFF, 0xDF, 0xD0, 0xFF, 0xFF, 0xFF, 0xFF, 0xFF,
  0x0D, 0x00, 0xFF, 0x00, 0xD0, 0xBF, 0x00, 0x00, 0xF0, 0x0F, 0x00, 0xFF, 0x00, 0x00, 0x00, 0xFF,
  0x00, 0xF0, 0x0F, 0x00, 0x00, 0xF0, 0x0D, 0x00, 0xFF, 0x00, 0x00, 0x00, 0x00, 0x00, 0x0F, 0x00,
  0x00, 0x00, 0x00, 0x00, 0xF0, 0x00, 0x00, 0x00, 0x00, 0xB0, 0xFD, 0xFF, 0xDF, 0x00, 0x00, 0xD0,
  0xFF, 0xFF, 0xFF, 0xFF, 0x00, 0xB0, 0xFF, 0x0D, 0xBF, 0xFD, 0xDF, 0x00, 0xFD, 0x0F, 0xF0, 0x00,
  0xFD, 0x0D, 0xD0, 0xFF, 0x00, 0x0F, 0x00, 0x00, 0x00, 0xFB, 0xFF, 0xFD, 0x00, 0x00, 0x00, 0x00,
  0xFB, 0xFF, 0xFF, 0xBD, 0x00, 0x00, 0x00, 0xD0, 0xFF, 0xFF, 0xFF, 0x00, 0x00, 0x00, 0x00, 0xBF,
  0xFD, 0xDF, 0x00, 0x00, 0x00, 0xF0, 0x00, 0xFD, 0x0F, 0xF0, 0xDF, 0x00, 0x0F, 0xD0, 0xFF, 0x00,
  0xFD, 0xDF, 0xF0, 0xDB, 0xFF, 0x0F, 0x00, 0xFF, 0xFF, 0xFF, 0xFF, 0x0F, 0x00, 0x00, 0xFD, 0xFF,
  0xFF, 0x0D, 0x00, 0x00, 0x00, 0x00, 0x0F, 0x00, 0x00, 0x00, 0x00, 0x00, 0xF0, 0x00, 0x00, 0x00,
  0x00, 0xD0, 0xFF, 0x0D, 0x00, 0x00, 0xB0, 0xDF, 0x00, 0x00, 0x00, 0xFD, 0xFF, 0xFF, 0x00, 0x00,
  0xF0, 0x0F, 0x00, 0x00, 0x00, 0xFF, 0x00, 0xFF, 0x00, 0x00, 0xFD, 0x00, 0x00, 0x00, 0x00, 0xFF,
  0x00, 0xFF, 0x00, 0xD0, 0xDF, 0x00, 0x00, 0x00, 0x00, 0xFF, 0xFF, 0xFF, 0x00, 0xF0, 0x0D, 0x00,
  0x00, 0x00, 0x00, 0xD0, 0xFF, 0x0D, 0x00, 0xFF, 0x00, 0x00, 0x00, 0x00, 0x00, 0x00, 0x00, 0x00,
  0xD0, 0xBF, 0x00, 0x00, 0x00, 0x00, 0x00, 0x00, 0x00, 0x00, 0xFB, 0x0D, 0xD0, 0xFF, 0x0D, 0x00,
  0x00, 0x00, 0x00, 0x00, 0xFF, 0x00, 0xFD, 0xFF, 0xDF, 0x00, 0x00, 0x00, 0x00, 0xD0, 0x0F, 0x00,
  0xFF, 0x00, 0xFF, 0x00, 0x00, 0x00, 0x00, 0xFD, 0x0D, 0x00, 0xFF, 0x00, 0xFD, 0x00, 0x00, 0x00,
  0x00, 0xDF, 0x00, 0x00, 0xFF, 0x00, 0xFF, 0x00, 0x00, 0x00, 0xF0, 0x0F, 0x00, 0x00, 0xFD, 0xFF,
  0xDF, 0x00, 0x00, 0x00, 0xFD, 0x0B, 0x00, 0x00, 0xD0, 0xFF, 0x0D, 0x00, 0x00, 0xB0, 0xFF, 0xDF,
  0x00, 0x00, 0x00, 0x00, 0xFB, 0xFF, 0xFF, 0x0F, 0x00, 0x00, 0x00, 0xFF, 0x0F, 0xF0, 0xDF, 0x00,
  0x00, 0x00, 0xFF, 0x0B, 0xD0, 0xDF, 0x00, 0x00, 0x00, 0xFD, 0x0D, 0xF0, 0x0F, 0x00, 0x00, 0x00,
  0xF0, 0xDF, 0xFF, 0x00, 0x00, 0x00, 0x00, 0xD0, 0xFF, 0x0F, 0x00, 0x00, 0x00, 0x00, 0xFF, 0xFF,
  0xDF, 0x00, 0xFF, 0x00, 0xD0, 0xFF, 0xB0, 0xFF, 0x0D, 0xFF, 0x00, 0xF0, 0xDF, 0x00, 0xFD, 0xFF,
  0xFF, 0x00, 0xF0, 0xDF, 0x00, 0xD0, 0xFF, 0xDF, 0x00, 0xF0, 0xFF, 0x0B, 0xD0, 0xFF, 0x0F, 0x00,
  0x00, 0xFF, 0xFF, 0xFF, 0xFF, 0xFF, 0x00, 0x00, 0xD0, 0xFF, 0xDF, 0x0B, 0xFF, 0x0D, 0x00, 0xFF,
  0x0D, 0x00, 0xF0, 0xDF, 0x00, 0x00, 0xFF, 0x0B, 0x00, 0xF0, 0xBF, 0x00, 0x00, 0xFF, 0x0B, 0x00,
  0xF0, 0x0F, 0x00, 0x00, 0x00, 0x00, 0x00, 0x00, 0x00, 0x00, 0x00, 0x00, 0x00, 0x00, 0x00, 0x00,
  0x00, 0x00, 0x00, 0x00, 0x00, 0x00, 0x00, 0x00, 0x00, 0x00, 0x00, 0x00, 0x00, 0x00, 0x00, 0x00,
  0x00, 0xFF, 0x0D, 0x00, 0xFD, 0x0F, 0x00, 0xF0, 0xDF, 0x00, 0x00, 0xFF, 0x0B, 0x00, 0xFB, 0x0F,
  0x00, 0xD0, 0xFF, 0x00, 0x00, 0xFF, 0x0D, 0x00, 0xF0, 0xDF, 0x00, 0x00, 0xFF, 0x0B, 0x00, 0xF0,
  0xBF, 0x00, 0x00, 0xFF, 0x0D, 0x00, 0xF0, 0xDF, 0x00, 0x00, 0xFF, 0x0D, 0x00, 0xD0, 0xFF, 0x00,
  0x00, 0xF0, 0xBF, 0x00, 0x00, 0xFF, 0x0D, 0x00, 0xD0, 0xFF, 0x00, 0x00, 0xF0, 0xDF, 0xF0, 0xBF,
  0x00, 0x00, 0xFD, 0x0F, 0x00, 0x00, 0xFF, 0x0B, 0x00, 0xF0, 0xDF, 0x00, 0x00, 0xFD, 0x0F, 0x00,
  0xB0, 0xFF, 0x00, 0x00, 0xF0, 0xBF, 0x00, 0x00, 0xFF, 0x0D, 0x00, 0xF0, 0xDF, 0x00, 0x00, 0xFF,
  0x0D, 0x00, 0xF0, 0xDF, 0x00, 0x00, 0xFF, 0x0D, 0x00, 0xFB, 0xBF, 0x00, 0xD0, 0xFF, 0x00, 0x00,
  0xFF, 0x0D, 0x00, 0xF0, 0xBF, 0x00, 0xD0, 0xFF, 0x00, 0x00, 0xFF, 0x0B, 0x00, 0x00, 0x00, 0xFD,
  0x00, 0x00, 0x00, 0xD0, 0xB0, 0x0F, 0xD0, 0x00, 0xB0, 0xFF, 0xFD, 0xFD, 0x0F, 0x00, 0x00, 0xFF,
  0xFF, 0x0D, 0x00, 0x00, 0xD0, 0xFF, 0xDF, 0x00, 0x00, 0xFB, 0xDF, 0xDF, 0xFF, 0x00, 0x00, 0x0D,
  0xFB, 0x00, 0x0D, 0x00, 0x00, 0xD0, 0x0F, 0x00, 0x00, 0x00, 0x00, 0x00, 0x00, 0x00, 0x00, 0x00,
  0x00, 0x00, 0x00, 0x00, 0x00, 0x00, 0x00, 0x00, 0x00, 0x00, 0x00, 0x00, 0x00, 0x00, 0x00, 0x00,
  0x00, 0x00, 0x00, 0x00, 0x00, 0x00, 0x00, 0x00, 0x00, 0x00, 0x00, 0x00, 0xB0, 0xFF, 0x00, 0x00,
  0x00, 0x00, 0x00, 0xFB, 0x0F, 0x00, 0x00, 0x00, 0x00, 0xB0, 0xFF, 0x00, 0x00, 0x00, 0x00, 0x00,
  0xFB, 0x0F, 0x00, 0x00, 0x00, 0xFF, 0xFF, 0xFF, 0xFF, 0xDF, 0x00, 0xF0, 0xFF, 0xFF, 0xFF, 0xFF,
  0x0D, 0x00, 0x00, 0xB0, 0xFF, 0x00, 0x00, 0x00, 0x00, 0x00, 0xFB, 0x0F, 0x00, 0x00, 0x00, 0x00,
  0xB0, 0xFF, 0x00, 0x00, 0x00, 0x00, 0x00, 0xFB, 0x0F, 0x00, 0x00, 0x00, 0x00, 0x00, 0x00, 0x00,
  0x00, 0x00, 0x00, 0xFF, 0x0D, 0x00, 0xFF, 0x00, 0xB0, 0xFF, 0x00, 0xD0, 0xDF, 0x00, 0xD0, 0xBF,
  0x00, 0xD0, 0x0F, 0x00, 0x00, 0x00, 0x00, 0x00, 0x00, 0xFD, 0xFF, 0xFF, 0x0F, 0xD0, 0xFF, 0xFF,
  0xFF, 0x00, 0x00, 0x00, 0x00, 0x00, 0x00, 0x00, 0x00, 0x00, 0x00, 0x00, 0x00, 0x00, 0x00, 0x00,
  0x00, 0x00, 0x00, 0x00, 0x00, 0x00, 0x00, 0x00, 0x00, 0xFF, 0x0B, 0xB0, 0xFF, 0x0D, 0x00, 0xFF,
  0x0B, 0x00, 0x00, 0xD0, 0x0D, 0x00, 0x00, 0xF0, 0x0F, 0x00, 0x00, 0xFD, 0x0D, 0x00, 0x00, 0xFF,
  0x0D, 0x00, 0x00, 0xFF, 0x00, 0x00, 0xB0, 0xFF, 0x00, 0x00, 0xD0, 0xDF, 0x00, 0x00, 0xF0, 0xBF,
  0x00, 0x00, 0xF0, 0x0F, 0x00, 0x00, 0xFB, 0x0F, 0x00, 0x00, 0xFD, 0x0D, 0x00, 0x00, 0xFF, 0x0B,
  0x00, 0x00, 0xFF, 0x00, 0x00, 0xD0, 0xFF, 0x00, 0x00, 0xD0, 0xDF, 0x00, 0x00, 0xF0, 0x0F, 0x00,
  0x00, 0xF0, 0x0F, 0x00, 0x00, 0xFD, 0x0D, 0x00, 0x00, 0x00, 0x00, 0xFD, 0xFF, 0x0D, 0x00, 0x00,
  0x00, 0xFF, 0xFF, 0xFF, 0xBF, 0x00, 0x00, 0xFF, 0xBF, 0x00, 0xFF, 0x0F, 0x00, 0xFB, 0xBF, 0x00,
  0x00, 0xFF, 0x0D, 0xD0, 0xFF, 0x00, 0x00, 0xF0, 0xFF, 0x00, 0xFF, 0x0D, 0x00, 0x00, 0xFD, 0x0F,
  0xF0, 0xDF, 0x00, 0x00, 0xD0, 0xFF, 0x00, 0xFF, 0x0D, 0x00, 0x00, 0xFD, 0x0F, 0xF0, 0xDF, 0x00,
  0x00, 0xD0, 0xFF, 0x00, 0xFD, 0x0F, 0x00, 0x00, 0xFD, 0x0F, 0xB0, 0xFF, 0x0B, 0x00, 0xF0, 0xDF,
  0x00, 0xF0, 0xFF, 0x0B, 0xF0, 0xFF, 0x00, 0x00, 0xF0, 0xFF, 0xFF, 0xFF, 0x0B, 0x00, 0x00, 0xD0,
  0xFF, 0xDF, 0x00, 0x00, 0x00, 0xD0, 0xFF, 0x0F, 0x00, 0xFF, 0xFF, 0x0F, 0xF0, 0xFF, 0xFF, 0x0F,
  0xF0, 0x0D, 0xFD, 0x0F, 0xB0, 0x00, 0xFD, 0x0F, 0x00, 0x00, 0xFD, 0x0F, 0x00, 0x00, 0xFD, 0x0F,
  0x00, 0x00, 0xFD, 0x0F, 0x00, 0x00, 0xFD, 0x0F, 0x00, 0x00, 0xFD, 0x0F, 0x00, 0x00, 0xFD, 0x0F,
  0x00, 0x00, 0xFD, 0x0F, 0x00, 0x00, 0xFD, 0x0F, 0x00, 0x00, 0xFD, 0x0F, 0x00, 0xB0, 0xFF, 0xFF,
  0x0D, 0x00, 0x00, 0xFD, 0xFF, 0xFF, 0xFF, 0x00, 0xB0, 0xFF, 0x0D, 0xD0, 0xFF, 0x0D, 0xD0, 0xFF,
  0x00, 0x00, 0xFD, 0x0F, 0x00, 0x0B, 0x00, 0x00, 0xFD, 0x0F, 0x00, 0x00, 0x00, 0x00, 0xFF, 0x0D,
  0x00, 0x00, 0x00, 0xD0, 0xFF, 0x00, 0x00, 0x00, 0x00, 0xFD, 0xBF, 0x00, 0x00, 0x00, 0xD0, 0xFF,
  0x0D, 0x00, 0x00, 0x00, 0xFD, 0xBF, 0x00, 0x00, 0x00, 0xD0, 0xFF, 0x0B, 0x00, 0x00, 0x00, 0xFF,
  0xDF, 0x00, 0x00, 0x00, 0xD0, 0xFF, 0xFF, 0xFF, 0xFF, 0x0F, 0xD0, 0xFF, 0xFF, 0xFF, 0xFF, 0x0F,
  0x00, 0xB0, 0xFD, 0xFF, 0x0D, 0x00, 0x00, 0xD0, 0xFF, 0xFF, 0xFF, 0xBF, 0x00, 0xB0, 0xFF, 0x0D,
  0x00, 0xFF, 0x0F, 0x00, 0xD0, 0x0B, 0x00, 0xB0, 0xFF, 0x00, 0x00, 0x00, 0x00, 0x00, 0xFF, 0x0F,
  0x00, 0x00, 0x00, 0xFF, 0xFF, 0x0D, 0x00, 0x00, 0x00, 0xF0, 0xFF, 0xDF, 0x00, 0x00, 0x00, 0x00,
  0x00, 0xFB, 0xFF, 0x00, 0x00, 0x00, 0x00, 0x00, 0xF0, 0xDF, 0x00, 0x00, 0x00, 0x00, 0x00, 0xFF,
  0x0D, 0xF0, 0xFF, 0x00, 0x00, 0xF0, 0xDF, 0x00, 0xFD, 0xDF, 0x00, 0xFB, 0xFF, 0x00, 0x00, 0xFD,
  0xFF, 0xFF, 0xFF, 0x0B, 0x00, 0x00, 0xDB, 0xFF, 0xDF, 0x00, 0x00, 0x00, 0x00, 0x00, 0xF0, 0xFF,
  0x0D, 0x00, 0x00, 0x00, 0xF0, 0xFF, 0xDF, 0x00, 0x00, 0x00, 0xD0, 0xFF, 0xFF, 0x0D, 0x00, 0x00,
  0x00, 0xFF, 0xFD, 0xDF, 0x00, 0x00, 0x00, 0xFF, 0x0F, 0xFF, 0x0D, 0x00, 0x00, 0xFD, 0x0F, 0xF0,
  0xDF, 0x00, 0x00, 0xF0, 0xBF, 0x00, 0xFF, 0x0D, 0x00, 0xF0, 0xDF, 0x00, 0xF0, 0xDF, 0x00, 0xD0,
  0xFF, 0x00, 0x00, 0xFF, 0x0D, 0x00, 0xFF, 0xFF, 0xFF, 0xFF, 0xFF, 0xBF, 0xF0, 0xFF, 0xFF, 0xFF,
  0xFF, 0xFF, 0x0B, 0x00, 0x00, 0x00, 0xF0, 0xDF, 0x00, 0x00, 0x00, 0x00, 0x00, 0xFF, 0x0D, 0x00,
  0x00, 0x00, 0x00, 0xF0, 0xDF, 0x00, 0x00, 0xFF, 0xFF, 0xFF, 0xFF, 0x0D, 0x00, 0xFF, 0xFF, 0xFF,
  0xFF, 0x0D, 0x00, 0xFF, 0x00, 0x00, 0x00, 0x00, 0xB0, 0xFF, 0x00, 0x00, 0x00, 0x00, 0xD0, 0xFF,
  0xFB, 0xFF, 0x0D, 0x00, 0xD0, 0xFF, 0xFF, 0xFF, 0xFF, 0x00, 0xD0, 0xFF, 0x0D, 0xD0, 0xFF, 0x0D,
  0x00, 0x00, 0x00, 0x00, 0xFD, 0x0F, 0x00, 0x00, 0x00, 0x00, 0xFB, 0x0F, 0x00, 0x00, 0x00, 0x00,
  0xFB, 0x0F, 0xF0, 0xFF, 0x00, 0x00, 0xFD, 0x0F, 0xD0, 0xFF, 0x0D, 0xD0, 0xFF, 0x0D, 0x00, 0xFF,
  0xFF, 0xFF, 0xDF, 0x00, 0x00, 0xB0, 0xFF, 0xFF, 0x0B, 0x00, 0x00, 0x00, 0xFD, 0xFF, 0xBD, 0x00,
  0x00, 0x00, 0xFF, 0xFF, 0xFF, 0xDF, 0x00, 0x00, 0xFF, 0xBF, 0x00, 0xFD, 0xBF, 0x00, 0xFB, 0x0F,
  0x00, 0x00, 0x00, 0x00, 0xD0, 0xFF, 0xD0, 0xFF, 0xBF, 0x00, 0x00, 0xFF, 0xFD, 0xFF, 0xFF, 0xDF,
  0x00, 0xF0, 0xFF, 0xBF, 0x00, 0xFF, 0x0F, 0x00, 0xFF, 0x0F, 0x00, 0x00, 0xFF, 0x0D, 0xF0, 0xFF,
  0x00, 0x00, 0xF0, 0xDF, 0x00, 0xFF, 0x0F, 0x00, 0x00, 0xFF, 0x0D, 0xD0, 0xFF, 0x00, 0x00, 0xF0,
  0xDF, 0x00, 0xF0, 0xFF, 0x0B, 0xF0, 0xFF, 0x00, 0x00, 0xFB, 0xFF, 0xFF, 0xFF, 0x0B, 0x00, 0x00,
  0xD0, 0xFF, 0xDF, 0x00, 0x00, 0xF0, 0xFF, 0xFF, 0xFF, 0xFF, 0x0D, 0xF0, 0xFF, 0xFF, 0xFF, 0xFF,
  0x0D, 0x00, 0x00, 0x00, 0xB0, 0xFF, 0x0D, 0x00, 0x00, 0x00, 0xD0, 0xFF, 0x00, 0x00, 0x00, 0x00,
  0xF0, 0xDF, 0x00, 0x00, 0x00, 0x00, 0xFF, 0x0F, 0x00, 0x00, 0x00, 0xB0, 0xFF, 0x0B, 0x00, 0x00,
  0x00, 0xF0, 0xFF, 0x00, 0x00, 0x00, 0x00, 0xFB, 0xBF, 0x00, 0x00, 0x00, 0x00, 0xFF, 0x0F, 0x00,
  0x00, 0x00, 0xB0, 0xFF, 0x0B, 0x00, 0x00, 0x00, 0xF0, 0xFF, 0x00, 0x00, 0x00, 0x00, 0xFB, 0xBF,
  0x00, 0x00, 0x00, 0x00, 0xFF, 0x0F, 0x00, 0x00, 0x00, 0x00, 0xB0, 0xFD, 0xFF, 0x0D, 0x00, 0x00,
  0xD0, 0xFF, 0xFF, 0xFF, 0xDF, 0x00, 0xB0, 0xFF, 0x0D, 0x00, 0xFF, 0x0F, 0x00, 0xFB, 0x0F, 0x00,
  0xB0, 0xFF, 0x00, 0x00, 0xFF, 0x0D, 0x00, 0xFF, 0x0F, 0x00, 0x00, 0xFD, 0xFF, 0xFF, 0x0D, 0x00,
  0x00, 0xFB, 0xFF, 0xFF, 0xFF, 0x00, 0x00, 0xF0, 0xFF, 0x00, 0xFB, 0xFF, 0x00, 0xF0, 0xFF, 0x00,
  0x00, 0xF0, 0xDF, 0x00, 0xFF, 0x0D, 0x00, 0x00, 0xFF, 0x0F, 0xF0, 0xFF, 0x00, 0x00, 0xF0, 0xDF,
  0x00, 0xFD, 0xDF, 0x00, 0xF0, 0xFF, 0x0B, 0x00, 0xFD, 0xFF, 0xFF, 0xFF, 0x0D, 0x00, 0x00, 0xDB,
  0xFF, 0xDF, 0x00, 0x00, 0x00, 0xB0, 0xFD, 0xFF, 0x0D, 0x00, 0x00, 0xD0, 0xFF, 0xFF, 0xFF, 0x0F,
  0x00, 0xB0, 0xFF, 0x0D, 0xB0, 0xFF, 0x0F, 0x00, 0xFF, 0x0F, 0x00, 0xB0, 0xFF, 0x0B, 0xF0, 0xDF,
  0x00, 0x00, 0xF0, 0xDF, 0x00, 0xFF, 0x0F, 0x00, 0xB0, 0xFF, 0x0D, 0xD0, 0xFF, 0x0D, 0xB0, 0xFF,
  0xFF, 0x00, 0xF0, 0xFF, 0xFF, 0xDF, 0xFF, 0x0D, 0x00, 0xD0, 0xFF, 0xDF, 0xF0, 0xDF, 0x00, 0x00,
  0x00, 0x00, 0x00, 0xFF, 0x0B, 0xD0, 0xFF, 0x00, 0x00, 0xFD, 0x0F, 0x00, 0xFB, 0xDF, 0x00, 0xFD,
  0xDF, 0x00, 0x00, 0xFD, 0xFF, 0xFF, 0xDF, 0x00, 0x00, 0x00, 0xFB, 0xFF, 0xBF, 0x00, 0x00, 0x00,
  0xFF, 0x0B, 0xB0, 0xFF, 0x0D, 0x00, 0xFF, 0x0B, 0x00, 0x00, 0x00, 0x00, 0x00, 0x00, 0x00, 0x00,
  0x00, 0x00, 0x00, 0x00, 0x00, 0xFF, 0x0B, 0xB0, 0xFF, 0x0D, 0x00, 0xFF, 0x0B, 0x00, 0xFD, 0x0D,
  0x00, 0xF0, 0xFF, 0x00, 0x00, 0xFD, 0x0D, 0x00, 0x00, 0x00, 0x00, 0x00, 0x00, 0x00, 0x00, 0x00,
  0x00, 0x00, 0x00, 0x00, 0x00, 0x00, 0xF0, 0xDF, 0x00, 0x00, 0xFF, 0x00, 0x00, 0xFB, 0x0F, 0x00,
  0xD0, 0xDF, 0x00, 0x00, 0xFD, 0x0B, 0x00, 0xD0, 0x0F, 0x00, 0x00, 0x00, 0x00, 0x00, 0x00, 0x00,
  0x00, 0x00, 0x00, 0x00, 0x00, 0x00, 0xFB, 0x0B, 0x00, 0x00, 0x00, 0xD0, 0xFF, 0xBF, 0x00, 0x00,
  0x00, 0xFD, 0xFF, 0xDF, 0x00, 0x00, 0xD0, 0xFF, 0xFF, 0x0D, 0x00, 0x00, 0xFB, 0xFF, 0xBF, 0x00,
  0x00, 0x00, 0xB0, 0xFF, 0xBF, 0x00, 0x00, 0x00, 0x00, 0xD0, 0xFF, 0xFF, 0x0B, 0x00, 0x00, 0x00,
  0x00, 0xFD, 0xFF, 0xDF, 0x00, 0x00, 0x00, 0x00, 0xD0, 0xFF, 0xFF, 0x0B, 0x00, 0x00, 0x00, 0x00,
  0xFB, 0xBF, 0x00, 0x00, 0x00, 0x00, 0x00, 0xB0, 0x00, 0x00, 0xFF, 0xFF, 0xFF, 0xFF, 0xDF, 0x00,
  0xF0, 0xFF, 0xFF, 0xFF, 0xFF, 0x0D, 0x00, 0x00, 0x00, 0x00, 0x00, 0x00, 0x00, 0x00, 0x00, 0x00,
  0x00, 0x00, 0x00, 0x00, 0x00, 0x00, 0x00, 0x00, 0x00, 0x00, 0xF0, 0xFF, 0xFF, 0xFF, 0xFF, 0x0D,
  0x00, 0xFF, 0xFF, 0xFF, 0xFF, 0xDF, 0x00, 0x00, 0x00, 0x00, 0x00, 0x00, 0x00, 0x00, 0x00, 0x00,
  0x00, 0x00, 0x00, 0x00, 0x00, 0x00, 0x00, 0x00, 0x00, 0x00, 0x00, 0xF0, 0x0D, 0x00, 0x00, 0x00,
  0x00, 0x00, 0xFF, 0xDF, 0x00, 0x00, 0x00, 0x00, 0xB0, 0xFF, 0xFF, 0xBF, 0x00, 0x00, 0x00, 0x00,
  0xD0, 0xFF, 0xFF, 0x0B, 0x00, 0x00, 0x00, 0x00, 0xFD, 0xFF, 0x0F, 0x00, 0x00, 0x00, 0x00, 0xFD,
  0xFF, 0x00, 0x00, 0x00, 0xD0, 0xFF, 0xFF, 0x0B, 0x00, 0xB0, 0xFF, 0xFF, 0xBF, 0x00, 0x00, 0xF0,
  0xFF, 0xDF, 0x00, 0x00, 0x00, 0x00, 0xFF, 0x0D, 0x00, 0x00, 0x00, 0x00, 0xD0, 0x00, 0x00, 0x00,
  0x00, 0x00, 0x00, 0xD0, 0xFF, 0xDF, 0x00, 0x00, 0xFB, 0xFF, 0xFF, 0xFF, 0x00, 0xF0, 0xFF, 0x00,
  0xFB, 0xDF, 0x00, 0xFF, 0x0B, 0x00, 0xFF, 0x0F, 0x00, 0x00, 0x00, 0xF0, 0xFF, 0x00, 0x00, 0x00,
  0xD0, 0xFF, 0x0B, 0x00, 0x00, 0xF0, 0xFF, 0x0B, 0x00, 0x00, 0xF0, 0xFF, 0x00, 0x00, 0x00, 0x00,
  0xFF, 0x00, 0x00, 0x00, 0x00, 0xD0, 0x0D, 0x00, 0x00, 0x00, 0x00, 0x00, 0x00, 0x00, 0x00, 0x00,
  0xF0, 0x0F, 0x00, 0x00, 0x00, 0xD0, 0xFF, 0x0D, 0x00, 0x00, 0x00, 0xF0, 0x0F, 0x00, 0x00, 0x00,
  0x00, 0x00, 0xDB, 0xFF, 0xFF, 0xDD, 0x00, 0x00, 0x00, 0x00, 0x00, 0xFB, 0xFF, 0xFF, 0xFF, 0xFF,
  0xDF, 0x00, 0x00, 0x00, 0xD0, 0xFF, 0xDF, 0x00, 0x00, 0xDB, 0xFF, 0x0D, 0x00, 0x00, 0xFB, 0xDF,
  0x00, 0x00, 0x00, 0x00, 0xF0, 0xDF, 0x00, 0x00, 0xFF, 0x0D, 0xB0, 0xFF, 0xDF, 0xFD, 0x00, 0xFF,
  0x00, 0xB0, 0xFF, 0x00, 0xFB, 0xFF, 0xFF, 0xFF, 0x00, 0xFD, 0x0D, 0xD0, 0xDF, 0x00, 0xFF, 0x0D,
  0xD0, 0xFF, 0x00, 0xFB, 0x0F, 0xF0, 0xBF, 0xB0, 0xDF, 0x00, 0x00, 0xFF, 0x00, 0xF0, 0x0F, 0xF0,
  0x0F, 0xD0, 0xDF, 0x00, 0x00, 0xFF, 0x00, 0xF0, 0x0F, 0xF0, 0x0F, 0xD0, 0xDF, 0x00, 0x00, 0xFF,
  0x00, 0xF0, 0x0F, 0xF0, 0xBF, 0xB0, 0xFF, 0x00, 0x00, 0xFF, 0x00, 0xFB, 0x0D, 0xF0, 0xDF, 0x00,
  0xFF, 0x0D, 0xD0, 0xFF, 0x0D, 0xFF, 0x0D, 0xD0, 0xFF, 0x00, 0xFD, 0xFF, 0xFF, 0xFD, 0xFF, 0xFF,
  0x00, 0x00, 0xFF, 0x0D, 0xB0, 0xFF, 0xBF, 0xD0, 0xFF, 0x0D, 0x00, 0x00, 0xFD, 0xDF, 0x00, 0x00,
  0x00, 0x00, 0x00, 0x00, 0x00, 0x00, 0xD0, 0xFF, 0xDF, 0x00, 0x00, 0xD0, 0x00, 0x00, 0x00, 0x00,
  0x00, 0xFB, 0xFF, 0xFF, 0xFF, 0xFF, 0x0F, 0x00, 0x00, 0x00, 0x00, 0x00, 0xDD, 0xFF, 0xFF, 0xDF,
  0x00, 0x00, 0x00, 0x00, 0x00, 0xD0, 0xFF, 0x0F, 0x00, 0x00, 0x00, 0x00, 0x00, 0xFF, 0xFF, 0x0B,
  0x00, 0x00, 0x00, 0x00, 0xFB, 0xDF, 0xFF, 0x00, 0x00, 0x00, 0x00, 0xD0, 0xDF, 0xFB, 0x0F, 0x00,
  0x00, 0x00, 0x00, 0xFF, 0x0B, 0xFF, 0x0D, 0x00, 0x00, 0x00, 0xFB, 0x0F, 0xD0, 0xFF, 0x00, 0x00,
  0x00, 0xF0, 0xFF, 0x00, 0xFB, 0xBF, 0x00, 0x00, 0x00, 0xFF, 0x0B, 0x00, 0xFF, 0x0D, 0x00, 0x00,
  0xFD, 0xFF, 0xFF, 0xFF, 0xFF, 0x00, 0x00, 0xF0, 0xFF, 0xFF, 0xFF, 0xFF, 0xBF, 0x00, 0x00, 0xFF,
  0x0D, 0x00, 0x00, 0xFF, 0x0F, 0x00, 0xFD, 0x0F, 0x00, 0x00, 0xD0, 0xFF, 0x00, 0xF0, 0xFF, 0x00,
  0x00, 0x00, 0xF0, 0xDF, 0xB0, 0xFF, 0x0D, 0x00, 0x00, 0x00, 0xFF, 0x0F, 0xD0, 0xFF, 0xFF, 0xFF,
  0xDF, 0x00, 0x00, 0xFD, 0xFF, 0xFF, 0xFF, 0xFF, 0x00, 0xD0, 0xFF, 0x00, 0x00, 0xFD, 0xDF, 0x00,
  0xFD, 0x0F, 0x00, 0x00, 0xFF, 0x0D, 0xD0, 0xFF, 0x00, 0x00, 0xF0, 0xDF, 0x00, 0xFD, 0x0F, 0x00,
  0xD0, 0xFF, 0x00, 0xD0, 0xFF, 0xFF, 0xFF, 0xDF, 0x00, 0x00, 0xFD, 0xFF, 0xFF, 0xFF, 0xFF, 0x00,
  0xD0, 0xFF, 0x00, 0x00, 0xFB, 0xFF, 0x00, 0xFD, 0x0F, 0x00, 0x00, 0xFD, 0x0F, 0xD0, 0xFF, 0x00,
  0x00, 0xD0, 0xFF, 0x00, 0xFD, 0x0F, 0x00, 0xB0, 0xFF, 0x0F, 0xD0, 0xFF, 0xFF, 0xFF, 0xFF, 0xBF,
  0x00, 0xFD, 0xFF, 0xFF, 0xFF, 0x0D, 0x00, 0x00, 0x00, 0xD0, 0xFF, 0xFF, 0x0D, 0x00, 0x00, 0x00,
  0xFD, 0xFF, 0xFF, 0xFF, 0x0F, 0x00, 0x00, 0xFD, 0xDF, 0x00, 0xD0, 0xFF, 0x0F, 0x00, 0xF0, 0xDF,
  0x00, 0x00, 0xB0, 0xFF, 0x0D, 0xD0, 0xFF, 0x00, 0x00, 0x00, 0xD0, 0xDD, 0x00, 0xFF, 0x0F, 0x00,
  0x00, 0x00, 0x00, 0x00, 0xF0, 0xDF, 0x00, 0x00, 0x00, 0x00, 0x00, 0x00, 0xFF, 0x0D, 0x00, 0x00,
  0x00, 0x00, 0x00, 0xF0, 0xFF, 0x00, 0x00, 0x00, 0x00, 0x00, 0x00, 0xFD, 0x0F, 0x00, 0x00, 0x00,
  0xDD, 0x0D, 0x00, 0xFF, 0x0D, 0x00, 0x00, 0xFB, 0xDF, 0x00, 0xD0, 0xFF, 0x0D, 0x00, 0xFD, 0xFF,
  0x00, 0x00, 0xD0, 0xFF, 0xFF, 0xFF, 0xFF, 0x00, 0x00, 0x00, 0x00, 0xFD, 0xFF, 0xBF, 0x00, 0x00,
  0xD0, 0xFF, 0xFF, 0xFF, 0xBF, 0x00, 0x00, 0xD0, 0xFF, 0xFF, 0xFF, 0xFF, 0x0F, 0x00, 0xD0, 0xFF,
  0x00, 0x00, 0xFD, 0xFF, 0x00, 0xD0, 0xFF, 0x00, 0x00, 0x00, 0xFF, 0x0D, 0xD0, 0xFF, 0x00, 0x00,
  0x00, 0xFD, 0x0F, 0xD0, 0xFF, 0x00, 0x00, 0x00, 0xFB, 0x0F, 0xD0, 0xFF, 0x00, 0x00, 0x00, 0xF0,
  0xBF, 0xD0, 0xFF, 0x00, 0x00, 0x00, 0xF0, 0xBF, 0xD0, 0xFF, 0x00, 0x00, 0x00, 0xFB, 0x0F, 0xD0,
  0xFF, 0x00, 0x00, 0x00, 0xFD, 0x0F, 0xD0, 0xFF, 0x00, 0x00, 0x00, 0xFF, 0x0D, 0xD0, 0xFF, 0x00,
  0x00, 0xFD, 0xFF, 0x00, 0xD0, 0xFF, 0xFF, 0xFF, 0xFF, 0x0F, 0x00, 0xD0, 0xFF, 0xFF, 0xFF, 0xBD,
  0x00, 0x00, 0xD0, 0xFF, 0xFF, 0xFF, 0xFF, 0x0F, 0xD0, 0xFF, 0xFF, 0xFF, 0xFF, 0x0F, 0xD0, 0xFF,
  0x00, 0x00, 0x00, 0x00, 0xD0, 0xFF, 0x00, 0x00, 0x00, 0x00, 0xD0, 0xFF, 0x00, 0x00, 0x00, 0x00,
  0xD0, 0xFF, 0x00, 0x00, 0x00, 0x00, 0xD0, 0xFF, 0xFF, 0xFF, 0xFF, 0x0B, 0xD0, 0xFF, 0xFF, 0xFF,
  0xFF, 0x0B, 0xD0, 0xFF, 0x00, 0x00, 0x00, 0x00, 0xD0, 0xFF, 0x00, 0x00, 0x00, 0x00, 0xD0, 0xFF,
  0x00, 0x00, 0x00, 0x00, 0xD0, 0xFF, 0x00, 0x00, 0x00, 0x00, 0xD0, 0xFF, 0xFF, 0xFF, 0xFF, 0x0F,
  0xD0, 0xFF, 0xFF, 0xFF, 0xFF, 0x0F, 0xD0, 0xFF, 0xFF, 0xFF, 0xFF, 0x0F, 0xD0, 0xFF, 0xFF, 0xFF,
  0xFF, 0x0F, 0xD0, 0xFF, 0x00, 0x00, 0x00, 0x00, 0xD0, 0xFF, 0x00, 0x00, 0x00, 0x00, 0xD0, 0xFF,
  0x00, 0x00, 0x00, 0x00, 0xD0, 0xFF, 0x00, 0x00, 0x00, 0x00, 0xD0, 0xFF, 0xFF, 0xFF, 0xFF, 0x00,
  0xD0, 0xFF, 0xFF, 0xFF, 0xFF, 0x00, 0xD0, 0xFF, 0x00, 0x00, 0x00, 0x00, 0xD0, 0xFF, 0x00, 0x00,
  0x00, 0x00, 0xD0, 0xFF, 0x00, 0x00, 0x00, 0x00, 0xD0, 0xFF, 0x00, 0x00, 0x00, 0x00, 0xD0, 0xFF,
  0x00, 0x00, 0x00, 0x00, 0xD0, 0xFF, 0x00, 0x00, 0x00, 0x00, 0x00, 0x00, 0xD0, 0xFF, 0xFF, 0x0D,
  0x00, 0x00, 0x00, 0xFD, 0xFF, 0xFF, 0xFF, 0x0F, 0x00, 0x00, 0xFD, 0xDF, 0x00, 0xD0, 0xFF, 0x0F,
  0x00, 0xF0, 0xDF, 0x00, 0x00, 0x00, 0xFF, 0x0D, 0xD0, 0xFF, 0x00, 0x00, 0x00, 0x00, 0x00, 0x00,
  0xFF, 0x0F, 0x00, 0x00, 0x00, 0x00, 0x00, 0xF0, 0xDF, 0x00, 0x00, 0xFF, 0xFF, 0xFF, 0x00, 0xFF,
  0x0D, 0x00, 0xF0, 0xFF, 0xFF, 0x0F, 0xF0, 0xFF, 0x00, 0x00, 0x00, 0xD0, 0xFF, 0x00, 0xFD, 0x0F,
  0x00, 0x00, 0x00, 0xFF, 0x0D, 0x00, 0xFF, 0x0D, 0x00, 0x00, 0xFB, 0xBF, 0x00, 0xD0, 0xFF, 0x0D,
  0x00, 0xFD, 0xFF, 0x00, 0x00, 0xD0, 0xFF, 0xFF, 0xFF, 0xFF, 0x00, 0x00, 0x00, 0x00, 0xFD, 0xFF,
  0xBF, 0x00, 0x00, 0xD0, 0xFF, 0x00, 0x00, 0x00, 0xF0, 0xDF, 0x00, 0xFD, 0x0F, 0x00, 0x00, 0x00,
  0xFF, 0x0D, 0xD0, 0xFF, 0x00, 0x00, 0x00, 0xF0, 0xDF, 0x00, 0xFD, 0x0F, 0x00, 0x00, 0x00, 0xFF,
  0x0D, 0xD0, 0xFF, 0x00, 0x00, 0x00, 0xF0, 0xDF, 0x00, 0xFD, 0x0F, 0x00, 0x00, 0x00, 0xFF, 0x0D,
  0xD0, 0xFF, 0xFF, 0xFF, 0xFF, 0xFF, 0xDF, 0x00, 0xFD, 0xFF, 0xFF, 0xFF, 0xFF, 0xFF, 0x0D, 0xD0,
  0xFF, 0x00, 0x00, 0x00, 0xF0, 0xDF, 0x00, 0xFD, 0x0F, 0x00, 0x00, 0x00, 0xFF, 0x0D, 0xD0, 0xFF,
  0x00, 0x00, 0x00, 0xF0, 0xDF, 0x00, 0xFD, 0x0F, 0x00, 0x00, 0x00, 0xFF, 0x0D, 0xD0, 0xFF, 0x00,
  0x00, 0x00, 0xF0, 0xDF, 0x00, 0xFD, 0x0F, 0x00, 0x00, 0x00, 0xFF, 0x0D, 0xD0, 0xFF, 0x00, 0xD0,
  0xFF, 0x00, 0xD0, 0xFF, 0x00, 0xD0, 0xFF, 0x00, 0xD0, 0xFF, 0x00, 0xD0, 0xFF, 0x00, 0xD0, 0xFF,
  0x00, 0xD0, 0xFF, 0x00, 0xD0, 0xFF, 0x00, 0xD0, 0xFF, 0x00, 0xD0, 0xFF, 0x00, 0xD0, 0xFF, 0x00,
  0xD0, 0xFF, 0x00, 0xD0, 0xFF, 0x00, 0x00, 0x00, 0x00, 0xD0, 0xFF, 0x00, 0x00, 0x00, 0x00, 0xD0,
  0xFF, 0x00, 0x00, 0x00, 0x00, 0xD0, 0xFF, 0x00, 0x00, 0x00, 0x00, 0xD0, 0xFF, 0x00, 0x00, 0x00,
  0x00, 0xD0, 0xFF, 0x00, 0x00, 0x00, 0x00, 0xD0, 0xFF, 0x00, 0x00, 0x00, 0x00, 0xD0, 0xFF, 0x00,
  0x00, 0x00, 0x00, 0xD0, 0xFF, 0x00, 0x00, 0x00, 0x00, 0xD0, 0xFF, 0x00, 0xF0, 0xBF, 0x00, 0xD0,
  0xFF, 0x00, 0xF0, 0xDF, 0x00, 0xD0, 0xFF, 0x00, 0xF0, 0xFF, 0x0B, 0xFB, 0xFF, 0x00, 0xB0, 0xFF,
  0xFF, 0xFF, 0x0F, 0x00, 0x00, 0xD0, 0xFF, 0xDF, 0x00, 0x00, 0xD0, 0xFF, 0x00, 0x00, 0x00, 0xFF,
  0x0F, 0xD0, 0xFF, 0x00, 0x00, 0xF0, 0xFF, 0x00, 0xD0, 0xFF, 0x00, 0x00, 0xFF, 0x0F, 0x00, 0xD0,
  0xFF, 0x00, 0xF0, 0xFF, 0x0B, 0x00, 0xD0, 0xFF, 0x00, 0xFF, 0xBF, 0x00, 0x00, 0xD0, 0xFF, 0xD0,
  0xFF, 0x0D, 0x00, 0x00, 0xD0, 0xFF, 0xFD, 0xFF, 0x00, 0x00, 0x00, 0xD0, 0xFF, 0xFF, 0xFF, 0x0F,
  0x00, 0x00, 0xD0, 0xFF, 0xBF, 0xFD, 0xDF, 0x00, 0x00, 0xD0, 0xFF, 0x0B, 0xD0, 0xFF, 0x0B, 0x00,
  0xD0, 0xFF, 0x00, 0x00, 0xFF, 0x0F, 0x00, 0xD0, 0xFF, 0x00, 0x00, 0xFB, 0xDF, 0x00, 0xD0, 0xFF,
  0x00, 0x00, 0xD0, 0xFF, 0x0D, 0xD0, 0xFF, 0x00, 0x00, 0x00, 0xFF, 0x0F, 0xD0, 0xFF, 0x00, 0x00,
  0x00, 0x00, 0xFD, 0x0F, 0x00, 0x00, 0x00, 0xD0, 0xFF, 0x00, 0x00, 0x00, 0x00, 0xFD, 0x0F, 0x00,
  0x00, 0x00, 0xD0, 0xFF, 0x00, 0x00, 0x00, 0x00, 0xFD, 0x0F, 0x00, 0x00, 0x00, 0xD0, 0xFF, 0x00,
  0x00, 0x00, 0x00, 0xFD, 0x0F, 0x00, 0x00, 0x00, 0xD0, 0xFF, 0x00, 0x00, 0x00, 0x00, 0xFD, 0x0F,
  0x00, 0x00, 0x00, 0xD0, 0xFF, 0x00, 0x00, 0x00, 0x00, 0xFD, 0x0F, 0x00, 0x00, 0x00, 0xD0, 0xFF,
  0xFF, 0xFF, 0xFF, 0x0D, 0xFD, 0xFF, 0xFF, 0xFF, 0xDF, 0xD0, 0xFF, 0xDF, 0x00, 0x00, 0x00, 0xF0,
  0xFF, 0x0F, 0xD0, 0xFF, 0xFF, 0x00, 0x00, 0x00, 0xFD, 0xFF, 0x0F, 0xD0, 0xFF, 0xFF, 0x0B, 0x00,
  0x00, 0xFF, 0xFF, 0x0F, 0xD0, 0xFF, 0xFF, 0x0D, 0x00, 0x00, 0xFF, 0xFD, 0x0F, 0xD0, 0xFF, 0xFD,
  0x0F, 0x00, 0xD0, 0xFF, 0xFD, 0x0F, 0xD0, 0xFF, 0xF0, 0xDF, 0x00, 0xF0, 0xDF, 0xFD, 0x0F, 0xD0,
  0xFF, 0xF0, 0xFF, 0x00, 0xFB, 0x0F, 0xFD, 0x0F, 0xD0, 0xFF, 0xB0, 0xFF, 0x00, 0xFF, 0x0F, 0xFD,
  0x0F, 0xD0, 0xFF, 0x00, 0xFF, 0x0D, 0xFF, 0x0D, 0xFD, 0x0F, 0xD0, 0xFF, 0x00, 0xFD, 0xBF, 0xFF,
  0x00, 0xFD, 0x0F, 0xD0, 0xFF, 0x00, 0xF0, 0xDF, 0xDF, 0x00, 0xFD, 0x0F, 0xD0, 0xFF, 0x00, 0xF0,
  0xFF, 0xBF, 0x00, 0xFD, 0x0F, 0xD0, 0xFF, 0x00, 0xD0, 0xFF, 0x0F, 0x00, 0xFD, 0x0F, 0xD0, 0xFF,
  0x00, 0x00, 0xFF, 0x0D, 0x00, 0xFD, 0x0F, 0xD0, 0xFF, 0x0D, 0x00, 0x00, 0xF0, 0xDF, 0x00, 0xFD,
  0xFF, 0x0B, 0x00, 0x00, 0xFF, 0x0D, 0xD0, 0xFF, 0xFF, 0x00, 0x00, 0xF0, 0xDF, 0x00, 0xFD, 0xFF,
  0xDF, 0x00, 0x00, 0xFF, 0x0D, 0xD0, 0xFF, 0xFB, 0xBF, 0x00, 0xF0, 0xDF, 0x00, 0xFD, 0x0F, 0xFF,
  0x0F, 0x00, 0xFF, 0x0D, 0xD0, 0xFF, 0x00, 0xFF, 0x0D, 0xF0, 0xDF, 0x00, 0xFD, 0x0F, 0xD0, 0xFF,
  0x00, 0xFF, 0x0D, 0xD0, 0xFF, 0x00, 0xF0, 0xFF, 0xF0, 0xDF, 0x00, 0xFD, 0x0F, 0x00, 0xF0, 0xDF,
  0xFF, 0x0D, 0xD0, 0xFF, 0x00, 0x00, 0xFD, 0xFF, 0xDF, 0x00, 0xFD, 0x0F, 0x00, 0x00, 0xFF, 0xFF,
  0x0D, 0xD0, 0xFF, 0x00, 0x00, 0x00, 0xFF, 0xDF, 0x00, 0xFD, 0x0F, 0x00, 0x00, 0xD0, 0xFF, 0x0D,
  0x00, 0x00, 0xD0, 0xFF, 0xFF, 0x0B, 0x00, 0x00, 0x00, 0xFD, 0xFF, 0xFF, 0xFF, 0x0F, 0x00, 0x00,
  0xFD, 0xDF, 0x00, 0xD0, 0xFF, 0x0F, 0x00, 0xF0, 0xDF, 0x00, 0x00, 0xB0, 0xFF, 0x0D, 0xD0, 0xFF,
  0x00, 0x00, 0x00, 0xD0, 0xFF, 0x00, 0xFF, 0x0F, 0x00, 0x00, 0x00, 0xFB, 0x0F, 0xF0, 0xDF, 0x00,
  0x00, 0x00, 0xB0, 0xFF, 0x0B, 0xFF, 0x0D, 0x00, 0x00, 0x00, 0xFB, 0xBF, 0xF0, 0xFF, 0x00, 0x00,
  0x00, 0xB0, 0xFF, 0x00, 0xFD, 0x0F, 0x00, 0x00, 0x00, 0xFD, 0x0F, 0x00, 0xFF, 0x0D, 0x00, 0x00,
  0xFB, 0xDF, 0x00, 0xD0, 0xFF, 0x0D, 0x00, 0xFD, 0xFF, 0x00, 0x00, 0xD0, 0xFF, 0xFF, 0xFF, 0xFF,
  0x00, 0x00, 0x00, 0x00, 0xFD, 0xFF, 0xBF, 0x00, 0x00, 0xD0, 0xFF, 0xFF, 0xFF, 0xDF, 0x00, 0x00,
  0xFD, 0xFF, 0xFF, 0xFF, 0xFF, 0x00, 0xD0, 0xFF, 0x00, 0x00, 0xFD, 0xDF, 0x00, 0xFD, 0x0F, 0x00,
  0x00, 0xFF, 0x0F, 0xD0, 0xFF, 0x00, 0x00, 0xD0, 0xFF, 0x00, 0xFD, 0x0F, 0x00, 0x00, 0xFF, 0x0F,
  0xD0, 0xFF, 0x00, 0x00, 0xFD, 0xDF, 0x00, 0xFD, 0xFF, 0xFF, 0xFF, 0xFF, 0x00, 0xD0, 0xFF, 0xFF,
  0xFF, 0xDF, 0x00, 0x00, 0xFD, 0x0F, 0x00, 0x00, 0x00, 0x00, 0xD0, 0xFF, 0x00, 0x00, 0x00, 0x00,
  0x00, 0xFD, 0x0F, 0x00, 0x00, 0x00, 0x00, 0xD0, 0xFF, 0x00, 0x00, 0x00, 0x00, 0x00, 0xFD, 0x0F,
  0x00, 0x00, 0x00, 0x00, 0x00, 0x00, 0xD0, 0xFF, 0xFF, 0x0B, 0x00, 0x00, 0x00, 0xFD, 0xFF, 0xFF,
  0xFF, 0x0F, 0x00, 0x00, 0xFD, 0xFF, 0xBD, 0xFB, 0xFF, 0x0F, 0x00, 0xF0, 0xFF, 0x00, 0x00, 0xD0,
  0xFF, 0x0D, 0xD0, 0xFF, 0x00, 0x00, 0x00, 0xF0, 0xFF, 0x00, 0xFF, 0x0F, 0x00, 0x00, 0x00, 0xFD,
  0x0F, 0xF0, 0xDF, 0x00, 0x00, 0x00, 0xB0, 0xFF, 0x0B, 0xFF, 0x0D, 0x00, 0x00, 0x00, 0xFB, 0xBF,
  0xF0, 0xFF, 0x00, 0x00, 0x00, 0xD0, 0xFF, 0x00, 0xFD, 0x0F, 0x00, 0xFD, 0x0D, 0xFF, 0x0F, 0x00,
  0xFF, 0x0F, 0x00, 0xFF, 0xFD, 0xDF, 0x00, 0xD0, 0xFF, 0xDF, 0xDB, 0xFF, 0xFF, 0x00, 0x00, 0xD0,
  0xFF, 0xFF, 0xFF, 0xFF, 0x00, 0x00, 0x00, 0x00, 0xFD, 0xFF, 0xFD, 0xFF, 0x00, 0x00, 0x00, 0x00,
  0x00, 0x00, 0xF0, 0xDF, 0x00, 0xD0, 0xFF, 0xFF, 0xFF, 0xDF, 0x00, 0x00, 0xFD, 0xFF, 0xFF, 0xFF,
  0xFF, 0x00, 0xD0, 0xFF, 0x00, 0x00, 0xFD, 0xDF, 0x00, 0xFD, 0x0F, 0x00, 0x00, 0xFF, 0x0F, 0xD0,
  0xFF, 0x00, 0x00, 0xD0, 0xFF, 0x00, 0xFD, 0x0F, 0x00, 0x00, 0xFF, 0x0F, 0xD0, 0xFF, 0x00, 0x00,
  0xFD, 0xDF, 0x00, 0xFD, 0xFF, 0xFF, 0xFF, 0xFF, 0x00, 0xD0, 0xFF, 0xFF, 0xFF, 0xDF, 0x00, 0x00,
  0xFD, 0x0F, 0x00, 0xFF, 0x0F, 0x00, 0xD0, 0xFF, 0x00, 0xB0, 0xFF, 0x0D, 0x00, 0xFD, 0x0F, 0x00,
  0xF0, 0xFF, 0x00, 0xD0, 0xFF, 0x00, 0x00, 0xF0, 0xDF, 0x00, 0xFD, 0x0F, 0x00, 0x00, 0xFD, 0x0F,
  0x00, 0x00, 0xFD, 0xFF, 0xBF, 0x00, 0x00, 0xD0, 0xFF, 0xFF, 0xFF, 0xFF, 0x00, 0xB0, 0xFF, 0x0F,
  0x00, 0xFD, 0xDF, 0x00, 0xFD, 0x0F, 0x00, 0x00, 0xFD, 0x0D, 0xD0, 0xFF, 0x00, 0x00, 0x00, 0x00,
  0x00, 0xFB, 0xFF, 0x0D, 0x00, 0x00, 0x00, 0x00, 0xFB, 0xFF, 0xFF, 0xBD, 0x00, 0x00, 0x00, 0xD0,
  0xFD, 0xFF, 0xFF, 0x00, 0x00, 0x00, 0x00, 0x00, 0xFD, 0xDF, 0x00, 0x00, 0x00, 0x00, 0x00, 0xFD,
  0x0F, 0xF0, 0xDF, 0x00, 0x00, 0xD0, 0xFF, 0x00, 0xFD, 0xDF, 0x00, 0xD0, 0xFF, 0x0D, 0x00, 0xFF,
  0xFF, 0xFF, 0xFF, 0x0F, 0x00, 0x00, 0xFB, 0xFF, 0xFF, 0x0D, 0x00, 0xF0, 0xFF, 0xFF, 0xFF, 0xFF,
  0xFF, 0x0B, 0xFF, 0xFF, 0xFF, 0xFF, 0xFF, 0xBF, 0x00, 0x00, 0xD0, 0xFF, 0x00, 0x00, 0x00, 0x00,
  0x00, 0xFD, 0x0F, 0x00, 0x00, 0x00, 0x00, 0xD0, 0xFF, 0x00, 0x00, 0x00, 0x00, 0x00, 0xFD, 0x0F,
  0x00, 0x00, 0x00, 0x00, 0xD0, 0xFF, 0x00, 0x00, 0x00, 0x00, 0x00, 0xFD, 0x0F, 0x00, 0x00, 0x00,
  0x00, 0xD0, 0xFF, 0x00, 0x00, 0x00, 0x00, 0x00, 0xFD, 0x0F, 0x00, 0x00, 0x00, 0x00, 0xD0, 0xFF,
  0x00, 0x00, 0x00, 0x00, 0x00, 0xFD, 0x0F, 0x00, 0x00, 0x00, 0x00, 0xD0, 0xFF, 0x00, 0x00, 0x00,
  0x00, 0x00, 0xFD, 0x0F, 0x00, 0x00, 0xD0, 0xFF, 0x00, 0x00, 0x00, 0xFB, 0x0F, 0x00, 0xFD, 0x0F,
  0x00, 0x00, 0xB0, 0xFF, 0x00, 0xD0, 0xFF, 0x00, 0x00, 0x00, 0xFB, 0x0F, 0x00, 0xFD, 0x0F, 0x00,
  0x00, 0xB0, 0xFF, 0x00, 0xD0, 0xFF, 0x00, 0x00, 0x00, 0xFB, 0x0F, 0x00, 0xFD, 0x0F, 0x00, 0x00,
  0xB0, 0xFF, 0x00, 0xD0, 0xFF, 0x00, 0x00, 0x00, 0xFB, 0x0F, 0x00, 0xFD, 0x0F, 0x00, 0x00, 0xB0,
  0xFF, 0x00, 0xD0, 0xFF, 0x00, 0x00, 0x00, 0xFB, 0x0F, 0x00, 0xFD, 0x0F, 0x00, 0x00, 0xD0, 0xFF,
  0x00, 0x00, 0xFF, 0x0D, 0x00, 0x00, 0xFF, 0x0F, 0x00, 0xF0, 0xFF, 0x0D, 0x00, 0xFD, 0xDF, 0x00,
  0x00, 0xF0, 0xFF, 0xFF, 0xFF, 0xDF, 0x00, 0x00, 0x00, 0xD0, 0xFF, 0xFF, 0xBD, 0x00, 0x00, 0xFB,
  0xDF, 0x00, 0x00, 0x00, 0xF0, 0xFF, 0x00, 0xFF, 0x0F, 0x00, 0x00, 0xB0, 0xFF, 0x0D, 0xD0, 0xFF,
  0x00, 0x00, 0x00, 0xFD, 0x0F, 0x00, 0xF0, 0xDF, 0x00, 0x00, 0xF0, 0xFF, 0x00, 0x00, 0xFF, 0x0F,
  0x00, 0xB0, 0xFF, 0x0B, 0x00, 0xD0, 0xFF, 0x0B, 0x00, 0xFD, 0x0F, 0x00, 0x00, 0xF0, 0xDF, 0x00,
  0xF0, 0xDF, 0x00, 0x00, 0x00, 0xFD, 0x0F, 0xB0, 0xFF, 0x0B, 0x00, 0x00, 0xB0, 0xFF, 0x0B, 0xFD,
  0x0F, 0x00, 0x00, 0x00, 0xF0, 0xDF, 0xF0, 0xDF, 0x00, 0x00, 0x00, 0x00, 0xFD, 0x0F, 0xFF, 0x00,
  0x00, 0x00, 0x00, 0x00, 0xFF, 0xFD, 0x0F, 0x00, 0x00, 0x00, 0x00, 0xF0, 0xFF, 0xDF, 0x00, 0x00,
  0x00, 0x00, 0x00, 0xFD, 0xFF, 0x00, 0x00, 0x00, 0xFB, 0xBF, 0x00, 0x00, 0xFB, 0xDF, 0x00, 0x00,
  0xF0, 0xFF, 0xF0, 0xDF, 0x00, 0x00, 0xFD, 0xFF, 0x00, 0x00, 0xFB, 0xDF, 0xF0, 0xFF, 0x00, 0x00,
  0xFF, 0xFF, 0x00, 0x00, 0xFD, 0x0F, 0xD0, 0xFF, 0x00, 0x00, 0xFF, 0xFF, 0x0D, 0x00, 0xFF, 0x0F,
  0x00, 0xFF, 0x0B, 0xB0, 0xFF, 0xFD, 0x0F, 0x00, 0xFF, 0x0D, 0x00, 0xFF, 0x0D, 0xD0, 0xDF, 0xFB,
  0x0F, 0xB0, 0xFF, 0x0B, 0x00, 0xFD, 0x0F, 0xF0, 0xDF, 0xF0, 0xBF, 0xD0, 0xFF, 0x00, 0x00, 0xFB,
  0x0F, 0xF0, 0x0F, 0xF0, 0xDF, 0xF0, 0xFF, 0x00, 0x00, 0xF0, 0xBF, 0xFB, 0x0F, 0xD0, 0xFF, 0xF0,
  0xDF, 0x00, 0x00, 0xF0, 0xDF, 0xFD, 0x0D, 0x00, 0xFF, 0xF0, 0x0F, 0x00, 0x00, 0xD0, 0xFF, 0xFF,
  0x0B, 0x00, 0xFF, 0xFD, 0x0F, 0x00, 0x00, 0xB0, 0xFF, 0xFF, 0x00, 0x00, 0xFD, 0xFF, 0x0D, 0x00,
  0x00, 0x00, 0xFF, 0xFF, 0x00, 0x00, 0xFB, 0xFF, 0x0B, 0x00, 0x00, 0x00, 0xFD, 0xDF, 0x00, 0x00,
  0xF0, 0xFF, 0x00, 0x00, 0xD0, 0xFF, 0x0B, 0x00, 0x00, 0xFF, 0x0F, 0x00, 0xFF, 0x0F, 0x00, 0xD0,
  0xFF, 0x0D, 0x00, 0xFB, 0xDF, 0x00, 0xF0, 0xDF, 0x00, 0x00, 0xD0, 0xFF, 0x00, 0xFF, 0x0F, 0x00,
  0x00, 0x00, 0xFF, 0xBF, 0xFF, 0x0B, 0x00, 0x00, 0x00, 0xF0, 0xFF, 0xDF, 0x00, 0x00, 0x00, 0x00,
  0xD0, 0xFF, 0x0F, 0x00, 0x00, 0x00, 0x00, 0xD0, 0xFF, 0x0F, 0x00, 0x00, 0x00, 0x00, 0xFB, 0xFF,
  0xFF, 0x00, 0x00, 0x00, 0x00, 0xFF, 0xBD, 0xFF, 0x0D, 0x00, 0x00, 0xF0, 0xFF, 0x00, 0xFD, 0xBF,
  0x00, 0x00, 0xFD, 0xBF, 0x00, 0xF0, 0xFF, 0x00, 0xB0, 0xFF, 0x0D, 0x00, 0x00, 0xFF, 0x0F, 0xF0,
  0xFF, 0x00, 0x00, 0x00, 0xFD, 0xDF, 0xF0, 0xFF, 0x00, 0x00, 0x00, 0xFD, 0xDF, 0xD0, 0xFF, 0x0B,
  0x00, 0x00, 0xFF, 0x0F, 0x00, 0xFF, 0x0F, 0x00, 0xD0, 0xFF, 0x00, 0x00, 0xFB, 0xDF, 0x00, 0xF0,
  0xDF, 0x00, 0x00, 0xD0, 0xFF, 0x00, 0xFF, 0x0F, 0x00, 0x00, 0x00, 0xFF, 0xBD, 0xFF, 0x0B, 0x00,
  0x00, 0x00, 0xFD, 0xFF, 0xFF, 0x00, 0x00, 0x00, 0x00, 0xF0, 0xFF, 0x0F, 0x00, 0x00, 0x00, 0x00,
  0x00, 0xFF, 0x0D, 0x00, 0x00, 0x00, 0x00, 0x00, 0xFF, 0x0D, 0x00, 0x00, 0x00, 0x00, 0x00, 0xFF,
  0x0D, 0x00, 0x00, 0x00, 0x00, 0x00, 0xFF, 0x0D, 0x00, 0x00, 0x00, 0x00, 0x00, 0xFF, 0x0D, 0x00,
  0x00, 0x00, 0x00, 0x00, 0xFF, 0x0D, 0x00, 0x00, 0xF0, 0xFF, 0xFF, 0xFF, 0xFF, 0xFF, 0x00, 0xFF,
  0xFF, 0xFF, 0xFF, 0xFF, 0x0F, 0x00, 0x00, 0x00, 0x00, 0xFD, 0x0F, 0x00, 0x00, 0x00, 0x00, 0xFB,
  0xDF, 0x00, 0x00, 0x00, 0x00, 0xF0, 0xDF, 0x00, 0x00, 0x00, 0x00, 0xF0, 0xFF, 0x00, 0x00, 0x00,
  0x00, 0xD0, 0xFF, 0x0B, 0x00, 0x00, 0x00, 0x00, 0xFF, 0x0D, 0x00, 0x00, 0x00, 0x00, 0xFF, 0x0F,
  0x00, 0x00, 0x00, 0x00, 0xFD, 0x0F, 0x00, 0x00, 0x00, 0x00, 0xFB, 0xBF, 0x00, 0x00, 0x00, 0x00,
  0xF0, 0xDF, 0x00, 0x00, 0x00, 0x00, 0xD0, 0xFF, 0xFF, 0xFF, 0xFF, 0xFF, 0x00, 0xFF, 0xFF, 0xFF,
  0xFF, 0xFF, 0x0F, 0x00, 0x00, 0x00, 0x00, 0xF0, 0xFF, 0xBF, 0x00, 0xFF, 0xFF, 0x0B, 0xF0, 0xBF,
  0x00, 0x00, 0xFF, 0x0B, 0x00, 0xF0, 0xBF, 0x00, 0x00, 0xFF, 0x0B, 0x00, 0xF0, 0xBF, 0x00, 0x00,
  0xFF, 0x0B, 0x00, 0xF0, 0xBF, 0x00, 0x00, 0xFF, 0x0B, 0x00, 0xF0, 0xBF, 0x00, 0x00, 0xFF, 0x0B,
  0x00, 0xF0, 0xBF, 0x00, 0x00, 0xFF, 0x0B, 0x00, 0xF0, 0xBF, 0x00, 0x00, 0xFF, 0x0B, 0x00, 0xF0,
  0xFF, 0xBF, 0x00, 0xFF, 0xFF, 0x0B, 0xDB, 0x0B, 0x00, 0x00, 0xFB, 0x0F, 0x00, 0x00, 0xF0, 0x0F,
  0x00, 0x00, 0xF0, 0xBF, 0x00, 0x00, 0xD0, 0xDF, 0x00, 0x00, 0xB0, 0xFF, 0x00, 0x00, 0x00, 0xFF,
  0x00, 0x00, 0x00, 0xFF, 0x0B, 0x00, 0x00, 0xFD, 0x0D, 0x00, 0x00, 0xF0, 0x0F, 0x00, 0x00, 0xF0,
  0x0F, 0x00, 0x00, 0xD0, 0xDF, 0x00, 0x00, 0xD0, 0xFF, 0x00, 0x00, 0x00, 0xFF, 0x00, 0x00, 0x00,
  0xFF, 0x0B, 0x00, 0x00, 0xFD, 0x0D, 0x00, 0x00, 0xFB, 0x0F, 0x00, 0x00, 0xF0, 0x0F, 0x00, 0x00,
  0x00, 0x00, 0xFF, 0xFF, 0x0D, 0xF0, 0xFF, 0xDF, 0x00, 0x00, 0xFF, 0x0D, 0x00, 0xF0, 0xDF, 0x00,
  0x00, 0xFF, 0x0D, 0x00, 0xF0, 0xDF, 0x00, 0x00, 0xFF, 0x0D, 0x00, 0xF0, 0xDF, 0x00, 0x00, 0xFF,
  0x0D, 0x00, 0xF0, 0xDF, 0x00, 0x00, 0xFF, 0x0D, 0x00, 0xF0, 0xDF, 0x00, 0x00, 0xFF, 0x0D, 0x00,
  0xF0, 0xDF, 0x00, 0x00, 0xFF, 0x0D, 0x00, 0xF0, 0xDF, 0x00, 0xFF, 0xFF, 0x0D, 0xF0, 0xFF, 0xDF,
  0x00, 0x00, 0xD0, 0xFF, 0x00, 0x00, 0x00, 0xF0, 0xFF, 0x0D, 0x00, 0x00, 0xFD, 0xFB, 0x0F, 0x00,
  0x00, 0xFF, 0xB0, 0xDF, 0x00, 0xD0, 0xDF, 0x00, 0xFF, 0x00, 0xF0, 0x0F, 0x00, 0xFB, 0x0D, 0x00,
  0x00, 0x00, 0x00, 0x00, 0x00, 0x00, 0x00, 0x00, 0x00, 0x00, 0x00, 0x00, 0x00, 0x00, 0x00, 0x00,
  0x00, 0x00, 0x00, 0x00, 0x00, 0x00, 0x00, 0x00, 0x00, 0x00, 0x00, 0x00, 0x00, 0x00, 0x00, 0x00,
  0x00, 0x00, 0x00, 0x00, 0x00, 0x00, 0x00, 0x00, 0x00, 0x00, 0x00, 0x00, 0xFF, 0xFF, 0xFF, 0xFF,
  0xBF, 0xFF, 0xFF, 0xFF, 0xFF, 0xBF, 0x00, 0xFF, 0x00, 0x00, 0xD0, 0xDF, 0x00, 0x00, 0xF0, 0x0F,
  0x00, 0x00, 0x00, 0x00, 0x00, 0x00, 0x00, 0x00, 0x00, 0x00, 0x00, 0x00, 0x00, 0x00, 0x00, 0x00,
  0x00, 0x00, 0x00, 0x00, 0x00, 0x00, 0x00, 0x00, 0x00, 0x00, 0x00, 0x00, 0x00, 0x00, 0x00, 0x00,
  0x00, 0x00, 0x00, 0x00, 0x00, 0x00, 0x00, 0x00, 0x00, 0x00, 0x00, 0x00, 0xD0, 0xFF, 0xDF, 0x00,
  0x00, 0xF0, 0xFF, 0xFF, 0xFF, 0x0B, 0xD0, 0xFF, 0x0B, 0xF0, 0xFF, 0x00, 0x00, 0x00, 0x00, 0xFD,
  0x0F, 0x00, 0x00, 0xB0, 0xFD, 0xFF, 0x00, 0xF0, 0xFF, 0xFF, 0xFF, 0x0F, 0xF0, 0xFF, 0x0B, 0xB0,
  0xFF, 0x00, 0xFF, 0x00, 0x00, 0xFD, 0x0F, 0xF0, 0xDF, 0x00, 0xFD, 0xFF, 0x00, 0xFF, 0xFF, 0xFF,
  0xFD, 0x0F, 0x00, 0xFD, 0xFF, 0xBB, 0xFF, 0x00, 0xD0, 0xFF, 0x00, 0x00, 0x00, 0x00, 0xD0, 0xFF,
  0x00, 0x00, 0x00, 0x00, 0xD0, 0xFF, 0x00, 0x00, 0x00, 0x00, 0xD0, 0xFF, 0xD0, 0xFF, 0x0D, 0x00,
  0xD0, 0xFF, 0xFD, 0xFF, 0xFF, 0x0B, 0xD0, 0xFF, 0xBF, 0xB0, 0xFF, 0x0F, 0xD0, 0xFF, 0x00, 0x00,
  0xFB, 0xBF, 0xD0, 0xFF, 0x00, 0x00, 0xF0, 0xDF, 0xD0, 0xFF, 0x00, 0x00, 0xF0, 0xDF, 0xD0, 0xFF,
  0x00, 0x00, 0xF0, 0xDF, 0xD0, 0xFF, 0x0B, 0x00, 0xFD, 0xBF, 0xD0, 0xFF, 0xBF, 0xB0, 0xFF, 0x0F,
  0xD0, 0xFF, 0xFD, 0xFF, 0xFF, 0x0B, 0xD0, 0xFF, 0xD0, 0xFF, 0x0F, 0x00, 0x00, 0xB0, 0xFF, 0xFF,
  0x0B, 0x00, 0x00, 0xFD, 0xFF, 0xFF, 0xDF, 0x00, 0xB0, 0xFF, 0x0D, 0xD0, 0xFF, 0x0B, 0xF0, 0xFF,
  0x00, 0x00, 0xDD, 0x0B, 0xF0, 0xDF, 0x00, 0x00, 0x00, 0x00, 0xF0, 0xDF, 0x00, 0x00, 0x00, 0x00,
  0xF0, 0xDF, 0x00, 0x00, 0x00, 0x00, 0xF0, 0xFF, 0x00, 0x00, 0xDD, 0x0B, 0xB0, 0xFF, 0x0D, 0xD0,
  0xFF, 0x0D, 0x00, 0xFD, 0xFF, 0xFF, 0xDF, 0x00, 0x00, 0xB0, 0xFF, 0xFF, 0x0B, 0x00, 0x00, 0x00,
  0x00, 0x00, 0xFB, 0x0F, 0x00, 0x00, 0x00, 0x00, 0xFB, 0x0F, 0x00, 0x00, 0x00, 0x00, 0xFB, 0x0F,
  0x00, 0xD0, 0xFF, 0xBF, 0xFB, 0x0F, 0x00, 0xFF, 0xFF, 0xFF, 0xFD, 0x0F, 0xD0, 0xFF, 0x0D, 0xD0,
  0xFF, 0x0F, 0xF0, 0xFF, 0x00, 0x00, 0xFF, 0x0F, 0xF0, 0xDF, 0x00, 0x00, 0xFD, 0x0F, 0xF0, 0xDF,
  0x00, 0x00, 0xFB, 0x0F, 0xF0, 0xDF, 0x00, 0x00, 0xFD, 0x0F, 0xF0, 0xFF, 0x00, 0x00, 0xFF, 0x0F,
  0xD0, 0xFF, 0x0D, 0xD0, 0xFF, 0x0F, 0x00, 0xFF, 0xFF, 0xFF, 0xFD, 0x0F, 0x00, 0xD0, 0xFF, 0x0F,
  0xFB, 0x0F, 0x00, 0xB0, 0xFF, 0xFF, 0x0B, 0x00, 0x00, 0xFD, 0xFF, 0xFF, 0xDF, 0x00, 0xB0, 0xFF,
  0x0D, 0xD0, 0xFF, 0x0B, 0xF0, 0xDF, 0x00, 0x00, 0xFD, 0x0F, 0xF0, 0xFF, 0xFF, 0xFF, 0xFF, 0x0F,
  0xF0, 0xFF, 0xFF, 0xFF, 0xFF, 0x0F, 0xF0, 0xDF, 0x00, 0x00, 0x00, 0x00, 0xF0, 0xFF, 0x00, 0x00,
  0x00, 0x00, 0xB0, 0xFF, 0x0D, 0xB0, 0xFF, 0x0D, 0x00, 0xFD, 0xFF, 0xFF, 0xFF, 0x00, 0x00, 0xB0,
  0xFF, 0xFF, 0x0D, 0x00, 0x00, 0xD0, 0xFF, 0xBF, 0x00, 0xFD, 0xFF, 0x0F, 0x00, 0xFF, 0x0F, 0x00,
  0xFF, 0xFF, 0xFF, 0x0F, 0xFF, 0xFF, 0xFF, 0x0F, 0x00, 0xFF, 0x0F, 0x00, 0x00, 0xFF, 0x0D, 0x00,
  0x00, 0xFF, 0x0D, 0x00, 0x00, 0xFF, 0x0D, 0x00, 0x00, 0xFF, 0x0D, 0x00, 0x00, 0xFF, 0x0D, 0x00,
  0x00, 0xFF, 0x0D, 0x00, 0x00, 0xFF, 0x0D, 0x00, 0x00, 0xFF, 0x0D, 0x00, 0x00, 0xD0, 0xFF, 0x0F,
  0xFB, 0x0F, 0x00, 0xF0, 0xFF, 0xFF, 0xDF, 0xFF, 0x00, 0xD0, 0xFF, 0x0D, 0xD0, 0xFF, 0x0F, 0x00,
  0xFF, 0x0F, 0x00, 0xF0, 0xFF, 0x00, 0xF0, 0xDF, 0x00, 0x00, 0xFD, 0x0F, 0x00, 0xFF, 0x0D, 0x00,
  0xB0, 0xFF, 0x00, 0xF0, 0xDF, 0x00, 0x00, 0xFD, 0x0F, 0x00, 0xFF, 0x0F, 0x00, 0xF0, 0xFF, 0x00,
  0xD0, 0xFF, 0x0D, 0xD0, 0xFF, 0x0F, 0x00, 0xF0, 0xFF, 0xFF, 0xDF, 0xFF, 0x00, 0x00, 0xD0, 0xFF,
  0xBF, 0xFB, 0x0F, 0x00, 0x00, 0x00, 0x00, 0xD0, 0xFF, 0x00, 0xB0, 0xFF, 0x0B, 0xB0, 0xFF, 0x0F,
  0x00, 0xF0, 0xFF, 0xFF, 0xFF, 0x0F, 0x00, 0x00, 0xD0, 0xFF, 0xFF, 0x0D, 0x00, 0x00, 0xD0, 0xFF,
  0x00, 0x00, 0x00, 0x00, 0xD0, 0xFF, 0x00, 0x00, 0x00, 0x00, 0xD0, 0xFF, 0x00, 0x00, 0x00, 0x00,
  0xD0, 0xFF, 0xD0, 0xFF, 0x0F, 0x00, 0xD0, 0xFF, 0xFF, 0xFF, 0xFF, 0x00, 0xD0, 0xFF, 0x0F, 0xD0,
  0xFF, 0x0D, 0xD0, 0xFF, 0x00, 0x00, 0xFF, 0x0F, 0xD0, 0xFF, 0x00, 0x00, 0xFD, 0x0F, 0xD0, 0xFF,
  0x00, 0x00, 0xFD, 0x0F, 0xD0, 0xFF, 0x00, 0x00, 0xFD, 0x0F, 0xD0, 0xFF, 0x00, 0x00, 0xFD, 0x0F,
  0xD0, 0xFF, 0x00, 0x00, 0xFD, 0x0F, 0xD0, 0xFF, 0x00, 0x00, 0xFD, 0x0F, 0xD0, 0xFF, 0x00, 0x00,
  0xFD, 0x0F, 0xB0, 0xDF, 0x00, 0xFF, 0x0F, 0xB0, 0xDF, 0x00, 0x00, 0x00, 0xD0, 0xFF, 0x00, 0xFD,
  0x0F, 0xD0, 0xFF, 0x00, 0xFD, 0x0F, 0xD0, 0xFF, 0x00, 0xFD, 0x0F, 0xD0, 0xFF, 0x00, 0xFD, 0x0F,
  0xD0, 0xFF, 0x00, 0xFD, 0x0F, 0xD0, 0xFF, 0x00, 0x00, 0xFB, 0x0D, 0x00, 0xFF, 0x0F, 0x00, 0xFD,
  0x0D, 0x00, 0x00, 0x00, 0x00, 0xFD, 0x0F, 0x00, 0xFD, 0x0F, 0x00, 0xFD, 0x0F, 0x00, 0xFD, 0x0F,
  0x00, 0xFD, 0x0F, 0x00, 0xFD, 0x0F, 0x00, 0xFD, 0x0F, 0x00, 0xFD, 0x0F, 0x00, 0xFD, 0x0F, 0x00,
  0xFD, 0x0F, 0x00, 0xFD, 0x0F, 0x00, 0xFD, 0x0F, 0x00, 0xFF, 0x0D, 0xFB, 0xFF, 0x0B, 0xFB, 0xBF,
  0x00, 0xD0, 0xFF, 0x00, 0x00, 0x00, 0x00, 0xD0, 0xFF, 0x00, 0x00, 0x00, 0x00, 0xD0, 0xFF, 0x00,
  0x00, 0x00, 0x00, 0xD0, 0xFF, 0x00, 0xB0, 0xFF, 0x0D, 0xD0, 0xFF, 0x00, 0xFB, 0xDF, 0x00, 0xD0,
  0xFF, 0x00, 0xFF, 0x0F, 0x00, 0xD0, 0xFF, 0xF0, 0xFF, 0x00, 0x00, 0xD0, 0xFF, 0xFF, 0x0F, 0x00,
  0x00, 0xD0, 0xFF, 0xFF, 0x0F, 0x00, 0x00, 0xD0, 0xFF, 0xFD, 0xFF, 0x00, 0x00, 0xD0, 0xFF, 0xB0,
  0xFF, 0x0D, 0x00, 0xD0, 0xFF, 0x00, 0xFD, 0xBF, 0x00, 0xD0, 0xFF, 0x00, 0xF0, 0xFF, 0x00, 0xD0,
  0xFF, 0x00, 0x00, 0xFF, 0x0F, 0xD0, 0xFF, 0x00, 0xFD, 0x0F, 0xD0, 0xFF, 0x00, 0xFD, 0x0F, 0xD0,
  0xFF, 0x00, 0xFD, 0x0F, 0xD0, 0xFF, 0x00, 0xFD, 0x0F, 0xD0, 0xFF, 0x00, 0xFD, 0x0F, 0xD0, 0xFF,
  0x00, 0xFD, 0x0F, 0xD0, 0xFF, 0x00, 0xFD, 0x0F, 0xD0, 0xFF, 0xD0, 0xFF, 0x0D, 0xD0, 0xFF, 0x0D,
  0x00, 0xD0, 0xFF, 0xFF, 0xFF, 0xBF, 0xFF, 0xFF, 0xFF, 0x00, 0xD0, 0xFF, 0x0D, 0xF0, 0xFF, 0x0F,
  0xD0, 0xFF, 0x0D, 0xD0, 0xFF, 0x00, 0xB0, 0xFF, 0x0B, 0x00, 0xFF, 0x0D, 0xD0, 0xFF, 0x00, 0x00,
  0xFF, 0x00, 0x00, 0xFF, 0x0D, 0xD0, 0xFF, 0x00, 0x00, 0xFF, 0x00, 0x00, 0xFF, 0x0D, 0xD0, 0xFF,
  0x00, 0x00, 0xFF, 0x00, 0x00, 0xFF, 0x0D, 0xD0, 0xFF, 0x00, 0x00, 0xFF, 0x00, 0x00, 0xFF, 0x0D,
  0xD0, 0xFF, 0x00, 0x00, 0xFF, 0x00, 0x00, 0xFF, 0x0D, 0xD0, 0xFF, 0x00, 0x00, 0xFF, 0x00, 0x00,
  0xFF, 0x0D, 0xD0, 0xFF, 0x00, 0x00, 0xFF, 0x00, 0x00, 0xFF, 0x0D, 0xD0, 0xFF, 0xD0, 0xFF, 0x0F,
  0x00, 0xD0, 0xFF, 0xFD, 0xFF, 0xFF, 0x00, 0xD0, 0xFF, 0x0F, 0xD0, 0xFF, 0x0D, 0xD0, 0xFF, 0x00,
  0x00, 0xFF, 0x0F, 0xD0, 0xFF, 0x00, 0x00, 0xFD, 0x0F, 0xD0, 0xFF, 0x00, 0x00, 0xFD, 0x0F, 0xD0,
  0xFF, 0x00, 0x00, 0xFD, 0x0F, 0xD0, 0xFF, 0x00, 0x00, 0xFD, 0x0F, 0xD0, 0xFF, 0x00, 0x00, 0xFD,
  0x0F, 0xD0, 0xFF, 0x00, 0x00, 0xFD, 0x0F, 0xD0, 0xFF, 0x00, 0x00, 0xFD, 0x0F, 0x00, 0xB0, 0xFF,
  0xFF, 0x0D, 0x00, 0x00, 0xFD, 0xFF, 0xFF, 0xFF, 0x00, 0xB0, 0xFF, 0x0D, 0xD0, 0xFF, 0x0D, 0xF0,
  0xFF, 0x00, 0x00, 0xFD, 0x0F, 0xF0, 0xDF, 0x00, 0x00, 0xFB, 0x0F, 0xF0, 0xDF, 0x00, 0x00, 0xFB,
  0xBF, 0xF0, 0xDF, 0x00, 0x00, 0xFB, 0x0F, 0xF0, 0xFF, 0x00, 0x00, 0xFD, 0x0F, 0xB0, 0xFF, 0x0D,
  0xD0, 0xFF, 0x0D, 0x00, 0xFD, 0xFF, 0xFF, 0xFF, 0x00, 0x00, 0xB0, 0xFF, 0xFF, 0x0D, 0x00, 0xD0,
  0xFF, 0xD0, 0xFF, 0x0D, 0x00, 0xD0, 0xFF, 0xFD, 0xFF, 0xFF, 0x0B, 0xD0, 0xFF, 0xBF, 0xB0, 0xFF,
  0x0F, 0xD0, 0xFF, 0x00, 0x00, 0xFB, 0xBF, 0xD0, 0xFF, 0x00, 0x00, 0xF0, 0xDF, 0xD0, 0xFF, 0x00,
  0x00, 0xF0, 0xDF, 0xD0, 0xFF, 0x00, 0x00, 0xF0, 0xDF, 0xD0, 0xFF, 0x0B, 0x00, 0xFD, 0xBF, 0xD0,
  0xFF, 0xBF, 0xB0, 0xFF, 0x0F, 0xD0, 0xFF, 0xFD, 0xFF, 0xFF, 0x0B, 0xD0, 0xFF, 0xD0, 0xFF, 0x0F,
  0x00, 0xD0, 0xFF, 0x00, 0x00, 0x00, 0x00, 0xD0, 0xFF, 0x00, 0x00, 0x00, 0x00, 0xD0, 0xFF, 0x00,
  0x00, 0x00, 0x00, 0xD0, 0xFF, 0x00, 0x00, 0x00, 0x00, 0x00, 0xD0, 0xFF, 0xBF, 0xFB, 0x0F, 0x00,
  0xFF, 0xFF, 0xFF, 0xFD, 0x0F, 0xD0, 0xFF, 0x0D, 0xD0, 0xFF, 0x0F, 0xF0, 0xFF, 0x00, 0x00, 0xFF,
  0x0F, 0xF0, 0xDF, 0x00, 0x00, 0xFD, 0x0F, 0xF0, 0xDF, 0x00, 0x00, 0xFB, 0x0F, 0xF0, 0xDF, 0x00,
  0x00, 0xFD, 0x0F, 0xF0, 0xFF, 0x00, 0x00, 0xFF, 0x0F, 0xD0, 0xFF, 0x0D, 0xD0, 0xFF, 0x0F, 0x00,
  0xFF, 0xFF, 0xFF, 0xFD, 0x0F, 0x00, 0xD0, 0xFF, 0x0F, 0xFB, 0x0F, 0x00, 0x00, 0x00, 0x00, 0xFB,
  0x0F, 0x00, 0x00, 0x00, 0x00, 0xFB, 0x0F, 0x00, 0x00, 0x00, 0x00, 0xFB, 0x0F, 0x00, 0x00, 0x00,
  0x00, 0xFB, 0x0F, 0x00, 0x00, 0x00, 0x00, 0xD0, 0xFF, 0xF0, 0xDF, 0xD0, 0xFF, 0xFF, 0xDF, 0xD0,
  0xFF, 0x0F, 0x00, 0xD0, 0xFF, 0x00, 0x00, 0xD0, 0xFF, 0x00, 0x00, 0xD0, 0xFF, 0x00, 0x00, 0xD0,
  0xFF, 0x00, 0x00, 0xD0, 0xFF, 0x00, 0x00, 0xD0, 0xFF, 0x00, 0x00, 0xD0, 0xFF, 0x00, 0x00, 0xD0,
  0xFF, 0x00, 0x00, 0x00, 0xD0, 0xFF, 0xDF, 0x00, 0x00, 0xF0, 0xFF, 0xFF, 0xFF, 0x00, 0xD0, 0xFF,
  0x0B, 0xF0, 0xDF, 0x00, 0xFF, 0x0F, 0x00, 0x00, 0x00, 0xD0, 0xFF, 0xDF, 0x00, 0x00, 0x00, 0xB0,
  0xFF, 0xFF, 0xDF, 0x00, 0x00, 0x00, 0xB0, 0xFD, 0xFF, 0x00, 0xB0, 0x00, 0x00, 0xFD, 0x0F, 0xF0,
  0xFF, 0x00, 0xF0, 0xFF, 0x00, 0xFB, 0xFF, 0xFF, 0xFF, 0x0B, 0x00, 0xD0, 0xFF, 0xDF, 0x00, 0x00,
  0x00, 0xDD, 0x00, 0x00, 0xF0, 0xBF, 0x00, 0x00, 0xFF, 0x0B, 0xF0, 0xFF, 0xFF, 0xBF, 0xFF, 0xFF,
  0xFF, 0x0B, 0xFB, 0xBF, 0x00, 0x00, 0xFF, 0x0B, 0x00, 0xF0, 0xBF, 0x00, 0x00, 0xFF, 0x0B, 0x00,
  0xF0, 0xBF, 0x00, 0x00, 0xFF, 0x0B, 0x00, 0xF0, 0xDF, 0x00, 0x00, 0xFF, 0xFF, 0x0B, 0x00, 0xFD,
  0xDF, 0xD0, 0xFF, 0x00, 0x00, 0xFD, 0x0F, 0xD0, 0xFF, 0x00, 0x00, 0xFD, 0x0F, 0xD0, 0xFF, 0x00,
  0x00, 0xFD, 0x0F, 0xD0, 0xFF, 0x00, 0x00, 0xFD, 0x0F, 0xD0, 0xFF, 0x00, 0x00, 0xFD, 0x0F, 0xD0,
  0xFF, 0x00, 0x00, 0xFD, 0x0F, 0xD0, 0xFF, 0x00, 0x00, 0xFD, 0x0F, 0xD0, 0xFF, 0x00, 0x00, 0xFF,
  0x0F, 0xB0, 0xFF, 0x0F, 0xD0, 0xFF, 0x0F, 0x00, 0xFF, 0xFF, 0xFF, 0xFD, 0x0F, 0x00, 0xD0, 0xFF,
  0x0D, 0xFD, 0x0F, 0xFD, 0x0F, 0x00, 0x00, 0xFD, 0x0F, 0xF0, 0xDF, 0x00, 0x00, 0xFF, 0x0F, 0xD0,
  0xFF, 0x00, 0x00, 0xFF, 0x0D, 0xB0, 0xFF, 0x00, 0xD0, 0xFF, 0x00, 0x00, 0xFF, 0x0D, 0xF0, 0xDF,
  0x00, 0x00, 0xFD, 0x0F, 0xF0, 0xBF, 0x00, 0x00, 0xF0, 0x0F, 0xFD, 0x0F, 0x00, 0x00, 0xF0, 0xDF,
  0xFD, 0x0D, 0x00, 0x00, 0xD0, 0xFF, 0xFF, 0x00, 0x00, 0x00, 0x00, 0xFF, 0xFF, 0x00, 0x00, 0x00,
  0x00, 0xFD, 0xDF, 0x00, 0x00, 0xFB, 0x0F, 0x00, 0xF0, 0xDF, 0x00, 0xD0, 0xFF, 0x00, 0xFF, 0x0D,
  0x00, 0xFF, 0x0F, 0x00, 0xFD, 0x0F, 0xF0, 0xDF, 0x00, 0xFD, 0xFF, 0x00, 0xF0, 0xDF, 0x00, 0xFD,
  0x0F, 0xD0, 0xFF, 0xDF, 0x00, 0xFF, 0x0B, 0x00, 0xFF, 0x00, 0xFF, 0xFB, 0x0D, 0xFD, 0x0F, 0x00,
  0xF0, 0xDF, 0xF0, 0x0F, 0xFF, 0xD0, 0xDF, 0x00, 0x00, 0xFD, 0xBD, 0xDF, 0xF0, 0x0F, 0xFF, 0x0B,
  0x00, 0xB0, 0xFF, 0xFD, 0x00, 0xFD, 0xFD, 0x0F, 0x00, 0x00, 0xF0, 0xFF, 0x0F, 0x00, 0xFF, 0xFF,
  0x00, 0x00, 0x00, 0xFF, 0xDF, 0x00, 0xF0, 0xFF, 0x0D, 0x00, 0x00, 0xD0, 0xFF, 0x0B, 0x00, 0xFD,
  0x0F, 0x00, 0x00, 0xF0, 0xFF, 0x00, 0xB0, 0xFF, 0x0B, 0xFB, 0xBF, 0x00, 0xFF, 0x0F, 0x00, 0xFD,
  0x0F, 0xFD, 0x0F, 0x00, 0x00, 0xFF, 0xFD, 0xDF, 0x00, 0x00, 0xD0, 0xFF, 0xFF, 0x00, 0x00, 0x00,
  0xF0, 0xFF, 0x0B, 0x00, 0x00, 0xD0, 0xFF, 0xFF, 0x00, 0x00, 0x00, 0xFF, 0xFB, 0xDF, 0x00, 0x00,
  0xFF, 0x0F, 0xFB, 0x0F, 0x00, 0xFD, 0x0F, 0x00, 0xFF, 0x0F, 0xF0, 0xDF, 0x00, 0x00, 0xFF, 0x0D,
  0xFD, 0x0F, 0x00, 0x00, 0xFD, 0x0F, 0xF0, 0xDF, 0x00, 0x00, 0xFF, 0x0F, 0xD0, 0xFF, 0x00, 0x00,
  0xFF, 0x0B, 0xB0, 0xFF, 0x00, 0xD0, 0xFF, 0x00, 0x00, 0xFF, 0x0D, 0xF0, 0xDF, 0x00, 0x00, 0xFD,
  0x0F, 0xF0, 0xBF, 0x00, 0x00, 0xF0, 0x0F, 0xFD, 0x0F, 0x00, 0x00, 0xF0, 0xDF, 0xFF, 0x0D, 0x00,
  0x00, 0xB0, 0xFF, 0xFF, 0x00, 0x00, 0x00, 0x00, 0xFF, 0xFF, 0x00, 0x00, 0x00, 0x00, 0xFD, 0xBF,
  0x00, 0x00, 0x00, 0x00, 0xFD, 0x0F, 0x00, 0x00, 0x00, 0x00, 0xFF, 0x0D, 0x00, 0x00, 0xB0, 0xFF,
  0xFF, 0x00, 0x00, 0x00, 0xD0, 0xFF, 0x0D, 0x00, 0x00, 0x00, 0xD0, 0xFF, 0xFF, 0xFF, 0xFF, 0x00,
  0xFD, 0xFF, 0xFF, 0xFF, 0x0F, 0x00, 0x00, 0x00, 0xFD, 0xBF, 0x00, 0x00, 0x00, 0xF0, 0xDF, 0x00,
  0x00, 0x00, 0xF0, 0xFF, 0x00, 0x00, 0x00, 0xF0, 0xFF, 0x00, 0x00, 0x00, 0xD0, 0xFF, 0x0B, 0x00,
  0x00, 0xB0, 0xFF, 0x0D, 0x00, 0x00, 0x00, 0xFF, 0x0F, 0x00, 0x00, 0x00, 0xFD, 0xFF, 0xFF, 0xFF,
  0x0F, 0xF0, 0xFF, 0xFF, 0xFF, 0xFF, 0x00, 0x00, 0x00, 0xD0, 0xFF, 0x00, 0x00, 0xF0, 0xFF, 0x0F,
  0x00, 0xB0, 0xFF, 0x0D, 0x00, 0x00, 0xFB, 0x0F, 0x00, 0x00, 0xD0, 0xFF, 0x00, 0x00, 0x00, 0xFD,
  0x0F, 0x00, 0x00, 0xD0, 0xFF, 0x00, 0x00, 0x00, 0xFF, 0x0D, 0x00, 0xD0, 0xFF, 0x0D, 0x00, 0x00,
  0xFD, 0xDF, 0x00, 0x00, 0x00, 0xF0, 0xDF, 0x00, 0x00, 0x00, 0xFD, 0x0F, 0x00, 0x00, 0xD0, 0xFF,
  0x00, 0x00, 0x00, 0xFD, 0x0F, 0x00, 0x00, 0xB0, 0xFF, 0x00, 0x00, 0x00, 0xFB, 0xDF, 0x00, 0x00,
  0x00, 0xFF, 0xFF, 0x00, 0x00, 0x00, 0xFD, 0x0F, 0x00, 0x00, 0x00, 0x00, 0x00, 0x00, 0xFD, 0x0F,
  0x00, 0xD0, 0xFF, 0x00, 0x00, 0xFD, 0x0F, 0x00, 0xD0, 0xFF, 0x00, 0x00, 0xFD, 0x0F, 0x00, 0xD0,
  0xFF, 0x00, 0x00, 0xFD, 0x0F, 0x00, 0xD0, 0xFF, 0x00, 0x00, 0xFD, 0x0F, 0x00, 0xD0, 0xFF, 0x00,
  0x00, 0xFD, 0x0F, 0x00, 0xD0, 0xFF, 0x00, 0x00, 0xFD, 0x0F, 0x00, 0xD0, 0xFF, 0x00, 0x00, 0xFD,
  0x0F, 0x00, 0xD0, 0xFF, 0x00, 0x00, 0xFD, 0x0F, 0x00, 0xD0, 0xFF, 0x00, 0x00, 0xFD, 0x0F, 0x00,
  0xD0, 0xFF, 0x00, 0x00, 0xFD, 0x0F, 0x00, 0xD0, 0xFF, 0x00, 0x00, 0xFD, 0x0F, 0x00, 0xD0, 0xFF,
  0x00, 0xF0, 0xDF, 0x00, 0x00, 0x00, 0xFF, 0xFF, 0x00, 0x00, 0x00, 0xFD, 0xBF, 0x00, 0x00, 0x00,
  0xFF, 0x0D, 0x00, 0x00, 0xF0, 0xDF, 0x00, 0x00, 0x00, 0xFF, 0x0D, 0x00, 0x00, 0xF0, 0xDF, 0x00,
  0x00, 0x00, 0xFD, 0x0F, 0x00, 0x00, 0x00, 0xFD, 0xDF, 0x00, 0x00, 0xD0, 0xFF, 0x0D, 0x00, 0xD0,
  0xFF, 0x0B, 0x00, 0x00, 0xFF, 0x0D, 0x00, 0x00, 0xF0, 0xDF, 0x00, 0x00, 0x00, 0xFF, 0x0D, 0x00,
  0x00, 0xF0, 0xDF, 0x00, 0x00, 0xB0, 0xFF, 0x0B, 0x00, 0xF0, 0xFF, 0x0F, 0x00, 0x00, 0xFF, 0x0D,
  0x00, 0x00, 0x00, 0x00, 0x00, 0x00, 0x00, 0x00, 0x00, 0x00, 0x00, 0x00, 0x00, 0x00, 0x00, 0xFF,
  0xDF, 0x00, 0xF0, 0x0D, 0x00, 0xFF, 0xFF, 0xDF, 0xD0, 0xDF, 0x00, 0xFB, 0x0F, 0xF0, 0xFF, 0xFF,
  0x0B, 0x00, 0xBD, 0x00, 0xD0, 0xFF, 0x0D, 0x00, 0x00, 0x00, 0x00, 0x00, 0x00, 0x00, 0x00, 0x00,
  0x00, 0x00, 0x00, 0x00, 0x00, 0x00, 0x00, 0x00, 0x00, 0x00, 0x00, 0x00, 0x00, 0x00, 0x00, 0x00,
  0x00, 0x00,
};
static constexpr Font kQualificationSemiboldAa{kQualificationSemiboldAaGlyphs, kQualificationSemiboldAaBitmap, 20, 5, 25};
static constexpr Glyph kQualificationBoldMonoGlyphs[] = {
  {0, 5, 0, 0, 0, 5},
  {0, 7, 14, 0, -14, 7},
  {49, 11, 14, 0, -14, 11},
  {126, 13, 14, 0, -14, 13},
  {217, 13, 18, 0, -16, 13},
  {334, 20, 14, 0, -14, 20},
  {474, 14, 14, 0, -14, 13},
  {572, 7, 14, 0, -14, 7},
  {621, 8, 18, 0, -15, 8},
  {693, 8, 18, 0, -15, 8},
  {765, 11, 14, 0, -14, 11},
  {842, 14, 11, 0, -11, 14},
  {919, 7, 6, 0, -2, 7},
  {940, 9, 8, 0, -8, 9},
  {976, 7, 3, 0, -3, 7},
  {987, 8, 18, 0, -16, 8},
  {1059, 13, 14, 0, -14, 13},
  {1150, 9, 14, 0, -14, 9},
  {1213, 13, 14, 0, -14, 13},
  {1304, 13, 14, 0, -14, 13},
  {1395, 14, 14, 0, -14, 14},
  {1493, 12, 14, 0, -14, 12},
  {1577, 13, 14, 0, -14, 13},
  {1668, 12, 14, 0, -14, 12},
  {1752, 13, 14, 0, -14, 13},
  {1843, 13, 14, 0, -14, 13},
  {1934, 7, 10, 0, -10, 7},
  {1969, 7, 14, 0, -10, 7},
  {2018, 14, 12, 0, -12, 14},
  {2102, 14, 9, 0, -9, 14},
  {2165, 14, 12, 0, -12, 14},
  {2249, 11, 14, 0, -14, 11},
  {2326, 20, 18, 0, -14, 20},
  {2506, 15, 14, 0, -14, 15},
  {2611, 13, 14, 0, -14, 13},
  {2702, 15, 14, 0, -14, 15},
  {2807, 14, 14, 0, -14, 14},
  {2905, 12, 14, 0, -14, 12},
  {2989, 12, 14, 0, -14, 12},
  {3073, 15, 14, 0, -14, 15},
  {3178, 15, 14, 0, -14, 15},
  {3283, 6, 14, 0, -14, 6},
  {3325, 12, 14, 0, -14, 12},
  {3409, 14, 14, 0, -14, 14},
  {3507, 11, 14, 0, -14, 11},
  {3584, 19, 14, 0, -14, 19},
  {3717, 15, 14, 0, -14, 15},
  {3822, 15, 14, 0, -14, 15},
  {3927, 13, 14, 0, -14, 13},
  {4018, 16, 15, 0, -14, 16},
  {4138, 13, 14, 0, -14, 13},
  {4229, 13, 14, 0, -14, 13},
  {4320, 13, 14, 0, -14, 13},
  {4411, 15, 14, 0, -14, 15},
  {4516, 15, 14, 0, -14, 15},
  {4621, 21, 14, 0, -14, 21},
  {4768, 15, 14, 0, -14, 15},
  {4873, 15, 14, 0, -14, 15},
  {4978, 13, 14, 0, -14, 13},
  {5069, 8, 18, 0, -15, 8},
  {5141, 8, 18, 0, -16, 8},
  {5213, 8, 18, 0, -15, 8},
  {5285, 10, 14, 0, -14, 10},
  {5355, 10, 3, 0, -1, 10},
  {5370, 7, 15, 0, -15, 7},
  {5423, 12, 11, 0, -11, 12},
  {5489, 13, 14, 0, -14, 13},
  {5580, 12, 11, 0, -11, 12},
  {5646, 13, 14, 0, -14, 13},
  {5737, 12, 11, 0, -11, 12},
  {5803, 8, 14, 0, -14, 8},
  {5859, 13, 15, 0, -11, 13},
  {5957, 12, 14, 0, -14, 12},
  {6041, 5, 15, 0, -15, 5},
  {6079, 6, 19, -1, -15, 5},
  {6136, 12, 14, 0, -14, 12},
  {6220, 5, 14, 0, -14, 5},
  {6255, 18, 11, 0, -11, 18},
  {6354, 12, 11, 0, -11, 12},
  {6420, 12, 11, 0, -11, 12},
  {6486, 13, 15, 0, -11, 13},
  {6584, 13, 15, 0, -11, 13},
  {6682, 8, 12, 0, -12, 8},
  {6730, 11, 11, 0, -11, 11},
  {6791, 7, 14, 0, -14, 7},
  {6840, 12, 11, 0, -11, 12},
  {6906, 12, 11, 0, -11, 12},
  {6972, 17, 11, 0, -11, 17},
  {7066, 12, 11, 0, -11, 12},
  {7132, 12, 15, 0, -11, 12},
  {7222, 11, 11, 0, -11, 11},
  {7283, 9, 19, 0, -14, 9},
  {7369, 7, 24, 0, -19, 7},
  {7453, 9, 19, 0, -14, 9},
  {7539, 14, 9, 0, -9, 14},
};
static constexpr uint8_t kQualificationBoldMonoBitmap[] = {
  0x00, 0xFF, 0x0F, 0x00, 0xF0, 0xFF, 0x00, 0x00, 0xFF, 0x0F, 0x00, 0xF0, 0xFF, 0x00, 0x00, 0xFF,
  0x0F, 0x00, 0xF0, 0xFF, 0x00, 0x00, 0xFF, 0x0F, 0x00, 0xF0, 0xFF, 0x00, 0x00, 0xFF, 0x0F, 0x00,
  0xF0, 0xFF, 0x00, 0x00, 0x00, 0x00, 0x00, 0xF0, 0xFF, 0x00, 0x00, 0xFF, 0x0F, 0x00, 0xF0, 0xFF,
  0x00, 0x00, 0xFF, 0x0F, 0xFF, 0x0F, 0x00, 0xF0, 0xFF, 0xF0, 0xFF, 0x00, 0x00, 0xFF, 0x0F, 0xFF,
  0x0F, 0x00, 0xF0, 0xFF, 0xF0, 0xFF, 0x00, 0x00, 0xFF, 0x0F, 0xFF, 0x0F, 0x00, 0xF0, 0xFF, 0xF0,
  0xFF, 0x00, 0x00, 0x00, 0x00, 0x00, 0x00, 0x00, 0x00, 0x00, 0x00, 0x00, 0x00, 0x00, 0x00, 0x00,
  0x00, 0x00, 0x00, 0x00, 0x00, 0x00, 0x00, 0x00, 0x00, 0x00, 0x00, 0x00, 0x00, 0x00, 0x00, 0x00,
  0x00, 0x00, 0x00, 0x00, 0x00, 0x00, 0x00, 0x00, 0x00, 0x00, 0x00, 0x00, 0x00, 0x00, 0x00, 0x00,
  0xFF, 0x00, 0xF0, 0x0F, 0x00, 0x00, 0xF0, 0x0F, 0x00, 0xFF, 0x00, 0x00, 0xF0, 0xFF, 0x00, 0xF0,
  0x0F, 0x00, 0xFF, 0xFF, 0xFF, 0xFF, 0xFF, 0xFF, 0xF0, 0xFF, 0xFF, 0xFF, 0xFF, 0xFF, 0x0F, 0x00,
  0xFF, 0x0F, 0xF0, 0xFF, 0x00, 0x00, 0xF0, 0x0F, 0x00, 0xFF, 0x00, 0x00, 0x00, 0xFF, 0x00, 0xF0,
  0x0F, 0x00, 0xFF, 0xFF, 0xFF, 0xFF, 0xFF, 0xFF, 0xF0, 0xFF, 0xFF, 0xFF, 0xFF, 0xFF, 0x0F, 0x00,
  0xFF, 0x0F, 0xF0, 0xFF, 0x00, 0x00, 0xF0, 0x0F, 0x00, 0xFF, 0x00, 0x00, 0x00, 0xFF, 0x00, 0xF0,
  0x0F, 0x00, 0x00, 0xF0, 0x0F, 0x00, 0xFF, 0x00, 0x00, 0x00, 0x00, 0x00, 0x0F, 0x00, 0x00, 0x00,
  0x00, 0x00, 0xF0, 0x00, 0x00, 0x00, 0x00, 0x00, 0xFF, 0xFF, 0xFF, 0x00, 0x00, 0xF0, 0xFF, 0xFF,
  0xFF, 0xFF, 0x00, 0x00, 0xFF, 0xFF, 0xFF, 0xFF, 0xFF, 0x00, 0xFF, 0x0F, 0xF0, 0x00, 0xFF, 0x0F,
  0xF0, 0xFF, 0x0F, 0x0F, 0x00, 0x00, 0x00, 0xFF, 0xFF, 0xFF, 0x00, 0x00, 0x00, 0x00, 0xFF, 0xFF,
  0xFF, 0xFF, 0x00, 0x00, 0x00, 0xF0, 0xFF, 0xFF, 0xFF, 0x00, 0x00, 0x00, 0x00, 0xFF, 0xFF, 0xFF,
  0x00, 0x00, 0x00, 0xF0, 0x00, 0xFF, 0x0F, 0xF0, 0xFF, 0x00, 0x0F, 0xF0, 0xFF, 0x00, 0xFF, 0xFF,
  0xF0, 0xFF, 0xFF, 0x0F, 0x00, 0xFF, 0xFF, 0xFF, 0xFF, 0x0F, 0x00, 0x00, 0xFF, 0xFF, 0xFF, 0x0F,
  0x00, 0x00, 0x00, 0x00, 0x0F, 0x00, 0x00, 0x00, 0x00, 0x00, 0xF0, 0x00, 0x00, 0x00, 0x00, 0xF0,
  0xFF, 0x0F, 0x00, 0x00, 0x00, 0xFF, 0x00, 0x00, 0x00, 0xFF, 0xFF, 0xFF, 0x00, 0x00, 0xF0, 0x0F,
  0x00, 0x00, 0x00, 0xFF, 0x00, 0xFF, 0x00, 0x00, 0xFF, 0x00, 0x00, 0x00, 0x00, 0xFF, 0x00, 0xFF,
  0x00, 0x00, 0xFF, 0x00, 0x00, 0x00, 0x00, 0xFF, 0xFF, 0xFF, 0x00, 0xF0, 0x0F, 0x00, 0x00, 0x00,
  0x00, 0xF0, 0xFF, 0x0F, 0x00, 0xFF, 0x00, 0x00, 0x00, 0x00, 0x00, 0x00, 0x00, 0x00, 0xF0, 0xFF,
  0x00, 0x00, 0x00, 0x00, 0x00, 0x00, 0x00, 0x00, 0xF0, 0x0F, 0xF0, 0xFF, 0xFF, 0x00, 0x00, 0x00,
  0x00, 0x00, 0xFF, 0x00, 0xFF, 0xFF, 0xFF, 0x00, 0x00, 0x00, 0x00, 0xF0, 0x0F, 0x00, 0xFF, 0x0F,
  0xFF, 0x0F, 0x00, 0x00, 0x00, 0xF0, 0x0F, 0x00, 0xFF, 0x00, 0xFF, 0x0F, 0x00, 0x00, 0x00, 0xFF,
  0x00, 0x00, 0xFF, 0x0F, 0xFF, 0x00, 0x00, 0x00, 0xF0, 0x0F, 0x00, 0x00, 0xF0, 0xFF, 0xFF, 0x00,
  0x00, 0x00, 0xFF, 0x0F, 0x00, 0x00, 0xF0, 0xFF, 0x0F, 0x00, 0x00, 0x00, 0xFF, 0xFF, 0x00, 0x00,
  0x00, 0x00, 0xF0, 0xFF, 0xFF, 0x0F, 0x00, 0x00, 0x00, 0xFF, 0xFF, 0xF0, 0xFF, 0x00, 0x00, 0x00,
  0xFF, 0x0F, 0xF0, 0xFF, 0x00, 0x00, 0x00, 0xFF, 0x0F, 0xF0, 0x0F, 0x00, 0x00, 0x00, 0xF0, 0xFF,
  0xFF, 0x0F, 0x00, 0x00, 0x00, 0xF0, 0xFF, 0x0F, 0x00, 0x00, 0x00, 0x00, 0xFF, 0xFF, 0xFF, 0x00,
  0xFF, 0x0F, 0xF0, 0xFF, 0xFF, 0xFF, 0x0F, 0xFF, 0x00, 0xF0, 0xFF, 0x00, 0xFF, 0xFF, 0xFF, 0x00,
  0xF0, 0xFF, 0x00, 0xF0, 0xFF, 0xFF, 0x00, 0xF0, 0xFF, 0x0F, 0xF0, 0xFF, 0x0F, 0x00, 0x00, 0xFF,
  0xFF, 0xFF, 0xFF, 0xFF, 0x00, 0x00, 0xF0, 0xFF, 0xFF, 0x00, 0xFF, 0x0F, 0x00, 0xFF, 0x0F, 0x00,
  0xF0, 0xFF, 0x00, 0x00, 0xFF, 0x0F, 0x00, 0xF0, 0xFF, 0x00, 0x00, 0xFF, 0x0F, 0x00, 0xF0, 0xFF,
  0x00, 0x00, 0x00, 0x00, 0x00, 0x00, 0x00, 0x00, 0x00, 0x00, 0x00, 0x00, 0x00, 0x00, 0x00, 0x00,
  0x00, 0x00, 0x00, 0x00, 0x00, 0x00, 0x00, 0x00, 0x00, 0x00, 0x00, 0x00, 0x00, 0x00, 0x00, 0xFF,
  0x0F, 0x00, 0xF0, 0xFF, 0x00, 0x00, 0xF0, 0xFF, 0x00, 0x00, 0xF0, 0xFF, 0x00, 0x00, 0xFF, 0x0F,
  0x00, 0x00, 0xFF, 0x0F, 0x00, 0x00, 0xFF, 0x0F, 0x00, 0x00, 0xFF, 0x0F, 0x00, 0x00, 0xFF, 0x0F,
  0x00, 0x00, 0xFF, 0x0F, 0x00, 0x00, 0xFF, 0x0F, 0x00, 0x00, 0xFF, 0x0F, 0x00, 0x00, 0xFF, 0x0F,
  0x00, 0x00, 0xFF, 0x0F, 0x00, 0x00, 0xFF, 0xFF, 0x00, 0x00, 0xF0, 0xFF, 0x00, 0x00, 0xF0, 0xFF,
  0x00, 0x00, 0x00, 0xFF, 0x0F, 0xF0, 0xFF, 0x00, 0x00, 0xF0, 0xFF, 0x00, 0x00, 0x00, 0xFF, 0x0F,
  0x00, 0x00, 0xFF, 0x0F, 0x00, 0x00, 0xFF, 0x0F, 0x00, 0x00, 0xFF, 0x0F, 0x00, 0x00, 0xF0, 0xFF,
  0x00, 0x00, 0xF0, 0xFF, 0x00, 0x00, 0xF0, 0xFF, 0x00, 0x00, 0xF0, 0xFF, 0x00, 0x00, 0xF0, 0xFF,
  0x00, 0x00, 0xF0, 0xFF, 0x00, 0x00, 0xFF, 0xFF, 0x00, 0x00, 0xFF, 0x0F, 0x00, 0x00, 0xFF, 0x0F,
  0x00, 0x00, 0xFF, 0x0F, 0x00, 0xF0, 0xFF, 0x00, 0x00, 0xF0, 0xFF, 0x00, 0x00, 0x00, 0x00, 0xF0,
  0x0F, 0x00, 0x00, 0xF0, 0x00, 0x0F, 0xF0, 0x00, 0x00, 0xFF, 0xFF, 0xFF, 0x0F, 0x00, 0x00, 0xFF,
  0xFF, 0x0F, 0x00, 0x00, 0xF0, 0xFF, 0xFF, 0x00, 0x00, 0xF0, 0xFF, 0xFF, 0xFF, 0x00, 0x00, 0x0F,
  0xF0, 0x00, 0x0F, 0x00, 0x00, 0x00, 0xFF, 0x00, 0x00, 0x00, 0x00, 0x00, 0x00, 0x00, 0x00, 0x00,
  0x00, 0x00, 0x00, 0x00, 0x00, 0x00, 0x00, 0x00, 0x00, 0x00, 0x00, 0x00, 0x00, 0x00, 0x00, 0x00,
  0x00, 0x00, 0x00, 0x00, 0x00, 0x00, 0x00, 0x00, 0x00, 0x00, 0x00, 0x00, 0xF0, 0xFF, 0x00, 0x00,
  0x00, 0x00, 0x00, 0xF0, 0xFF, 0x00, 0x00, 0x00, 0x00, 0x00, 0xF0, 0xFF, 0x00, 0x00, 0x00, 0x00,
  0x00, 0xF0, 0xFF, 0x00, 0x00, 0x00, 0x00, 0xFF, 0xFF, 0xFF, 0xFF, 0xFF, 0x00, 0x00, 0xFF, 0xFF,
  0xFF, 0xFF, 0xFF, 0x00, 0x00, 0x00, 0xF0, 0xFF, 0x00, 0x00, 0x00, 0x00, 0x00, 0xF0, 0xFF, 0x00,
  0x00, 0x00, 0x00, 0x00, 0xF0, 0xFF, 0x00, 0x00, 0x00, 0x00, 0x00, 0xF0, 0xFF, 0x00, 0x00, 0x00,
  0x00, 0x00, 0x00, 0x00, 0x00, 0x00, 0x00, 0x00, 0xFF, 0x0F, 0x00, 0xF0, 0xFF, 0x00, 0x00, 0xFF,
  0x00, 0x00, 0xFF, 0x0F, 0x00, 0xF0, 0xFF, 0x00, 0x00, 0xFF, 0x00, 0x00, 0x00, 0x00, 0x00, 0x00,
  0x00, 0xFF, 0xFF, 0xFF, 0x0F, 0xF0, 0xFF, 0xFF, 0xFF, 0x00, 0x00, 0x00, 0x00, 0x00, 0x00, 0x00,
  0x00, 0x00, 0x00, 0x00, 0x00, 0x00, 0x00, 0x00, 0x00, 0x00, 0x00, 0x00, 0x00, 0x00, 0x00, 0x00,
  0x00, 0xFF, 0x0F, 0x00, 0xF0, 0xFF, 0x00, 0x00, 0xFF, 0x0F, 0x00, 0x00, 0x00, 0xF0, 0x0F, 0x00,
  0x00, 0xF0, 0x0F, 0x00, 0x00, 0xFF, 0x0F, 0x00, 0x00, 0xFF, 0x0F, 0x00, 0x00, 0xFF, 0x00, 0x00,
  0x00, 0xFF, 0x00, 0x00, 0xF0, 0xFF, 0x00, 0x00, 0xF0, 0xFF, 0x00, 0x00, 0xF0, 0x0F, 0x00, 0x00,
  0xFF, 0x0F, 0x00, 0x00, 0xFF, 0x0F, 0x00, 0x00, 0xFF, 0x0F, 0x00, 0x00, 0xFF, 0x00, 0x00, 0xF0,
  0xFF, 0x00, 0x00, 0xF0, 0xFF, 0x00, 0x00, 0xF0, 0xFF, 0x00, 0x00, 0xF0, 0x0F, 0x00, 0x00, 0xFF,
  0x0F, 0x00, 0x00, 0x00, 0x00, 0xFF, 0xFF, 0x0F, 0x00, 0x00, 0x00, 0xFF, 0xFF, 0xFF, 0xFF, 0x00,
  0x00, 0xFF, 0xFF, 0xF0, 0xFF, 0xFF, 0x00, 0xFF, 0xFF, 0x00, 0x00, 0xFF, 0x0F, 0xF0, 0xFF, 0x00,
  0x00, 0xF0, 0xFF, 0x00, 0xFF, 0x0F, 0x00, 0x00, 0xFF, 0xFF, 0xF0, 0xFF, 0x00, 0x00, 0xF0, 0xFF,
  0x0F, 0xFF, 0x0F, 0x00, 0x00, 0xFF, 0xFF, 0xF0, 0xFF, 0x00, 0x00, 0xF0, 0xFF, 0x0F, 0xFF, 0x0F,
  0x00, 0x00, 0xFF, 0x0F, 0xF0, 0xFF, 0x0F, 0x00, 0xF0, 0xFF, 0x00, 0xF0, 0xFF, 0x0F, 0xFF, 0xFF,
  0x0F, 0x00, 0xF0, 0xFF, 0xFF, 0xFF, 0x0F, 0x00, 0x00, 0xF0, 0xFF, 0xFF, 0x00, 0x00, 0x00, 0xF0,
  0xFF, 0x0F, 0x00, 0xF0, 0xFF, 0xFF, 0x00, 0xF0, 0xFF, 0xFF, 0x0F, 0x00, 0xFF, 0xF0, 0xFF, 0x00,
  0xF0, 0x00, 0xFF, 0x0F, 0x00, 0x00, 0xF0, 0xFF, 0x00, 0x00, 0x00, 0xFF, 0x0F, 0x00, 0x00, 0xF0,
  0xFF, 0x00, 0x00, 0x00, 0xFF, 0x0F, 0x00, 0x00, 0xF0, 0xFF, 0x00, 0x00, 0x00, 0xFF, 0x0F, 0x00,
  0x00, 0xF0, 0xFF, 0x00, 0x00, 0x00, 0xFF, 0x0F, 0x00, 0x00, 0xF0, 0xFF, 0x00, 0x00, 0x00, 0xFF,
  0xFF, 0x0F, 0x00, 0x00, 0xF0, 0xFF, 0xFF, 0xFF, 0x0F, 0x00, 0xF0, 0xFF, 0x0F, 0xF0, 0xFF, 0x0F,
  0x00, 0xFF, 0x0F, 0x00, 0xF0, 0xFF, 0x00, 0x00, 0x0F, 0x00, 0x00, 0xFF, 0x0F, 0x00, 0x00, 0x00,
  0x00, 0xF0, 0xFF, 0x00, 0x00, 0x00, 0x00, 0xF0, 0xFF, 0x0F, 0x00, 0x00, 0x00, 0xF0, 0xFF, 0x0F,
  0x00, 0x00, 0x00, 0xF0, 0xFF, 0x0F, 0x00, 0x00, 0x00, 0xF0, 0xFF, 0x0F, 0x00, 0x00, 0x00, 0xF0,
  0xFF, 0x0F, 0x00, 0x00, 0x00, 0xF0, 0xFF, 0x0F, 0x00, 0x00, 0x00, 0xF0, 0xFF, 0xFF, 0xFF, 0xFF,
  0xFF, 0x00, 0xFF, 0xFF, 0xFF, 0xFF, 0xFF, 0x0F, 0x00, 0x00, 0xFF, 0xFF, 0x0F, 0x00, 0x00, 0xF0,
  0xFF, 0xFF, 0xFF, 0xFF, 0x00, 0xF0, 0xFF, 0xFF, 0xF0, 0xFF, 0x0F, 0x00, 0xF0, 0x0F, 0x00, 0xF0,
  0xFF, 0x00, 0x00, 0x00, 0x00, 0x00, 0xFF, 0x0F, 0x00, 0x00, 0x00, 0xFF, 0xFF, 0x0F, 0x00, 0x00,
  0x00, 0xF0, 0xFF, 0xFF, 0x00, 0x00, 0x00, 0x00, 0x00, 0xFF, 0xFF, 0x00, 0x00, 0x00, 0x00, 0x00,
  0xFF, 0xFF, 0x00, 0x00, 0x00, 0x00, 0x00, 0xFF, 0x0F, 0xF0, 0xFF, 0x00, 0x00, 0xF0, 0xFF, 0x00,
  0xFF, 0xFF, 0x0F, 0xFF, 0xFF, 0x0F, 0x00, 0xFF, 0xFF, 0xFF, 0xFF, 0x0F, 0x00, 0x00, 0xF0, 0xFF,
  0xFF, 0x00, 0x00, 0x00, 0x00, 0x00, 0xF0, 0xFF, 0x0F, 0x00, 0x00, 0x00, 0x00, 0xFF, 0xFF, 0x0F,
  0x00, 0x00, 0x00, 0xF0, 0xFF, 0xFF, 0x0F, 0x00, 0x00, 0x00, 0xF0, 0xFF, 0xFF, 0x0F, 0x00, 0x00,
  0x00, 0xFF, 0x0F, 0xFF, 0x0F, 0x00, 0x00, 0xF0, 0xFF, 0x00, 0xFF, 0x0F, 0x00, 0x00, 0xF0, 0xFF,
  0x00, 0xFF, 0x0F, 0x00, 0x00, 0xFF, 0x0F, 0x00, 0xFF, 0x0F, 0x00, 0xF0, 0xFF, 0x00, 0x00, 0xFF,
  0x0F, 0x00, 0xF0, 0xFF, 0xFF, 0xFF, 0xFF, 0xFF, 0x0F, 0xF0, 0xFF, 0xFF, 0xFF, 0xFF, 0xFF, 0x0F,
  0x00, 0x00, 0x00, 0x00, 0xFF, 0x0F, 0x00, 0x00, 0x00, 0x00, 0x00, 0xFF, 0x0F, 0x00, 0x00, 0x00,
  0x00, 0x00, 0xFF, 0x0F, 0x00, 0x00, 0xFF, 0xFF, 0xFF, 0xFF, 0x0F, 0x00, 0xFF, 0xFF, 0xFF, 0xFF,
  0x0F, 0x00, 0xFF, 0x0F, 0x00, 0x00, 0x00, 0xF0, 0xFF, 0x00, 0x00, 0x00, 0x00, 0xF0, 0xFF, 0xF0,
  0xFF, 0x0F, 0x00, 0xF0, 0xFF, 0xFF, 0xFF, 0xFF, 0x00, 0xF0, 0xFF, 0x0F, 0xF0, 0xFF, 0x0F, 0x00,
  0x00, 0x00, 0x00, 0xFF, 0x0F, 0x00, 0x00, 0x00, 0x00, 0xFF, 0xFF, 0x00, 0x00, 0x00, 0x00, 0xFF,
  0xFF, 0xF0, 0xFF, 0x00, 0x00, 0xFF, 0x0F, 0xF0, 0xFF, 0x0F, 0xF0, 0xFF, 0x0F, 0x00, 0xFF, 0xFF,
  0xFF, 0xFF, 0x00, 0x00, 0x00, 0xFF, 0xFF, 0x0F, 0x00, 0x00, 0x00, 0xFF, 0xFF, 0xFF, 0x00, 0x00,
  0x00, 0xFF, 0xFF, 0xFF, 0xFF, 0x00, 0x00, 0xFF, 0xFF, 0x00, 0xFF, 0xFF, 0x00, 0xF0, 0xFF, 0x00,
  0x00, 0x00, 0x00, 0xF0, 0xFF, 0x00, 0xFF, 0xFF, 0x00, 0x00, 0xFF, 0xFF, 0xFF, 0xFF, 0xFF, 0x00,
  0xF0, 0xFF, 0xFF, 0xF0, 0xFF, 0xFF, 0x00, 0xFF, 0xFF, 0x00, 0x00, 0xFF, 0x0F, 0xF0, 0xFF, 0x00,
  0x00, 0xF0, 0xFF, 0x00, 0xFF, 0x0F, 0x00, 0x00, 0xFF, 0x0F, 0xF0, 0xFF, 0x0F, 0x00, 0xF0, 0xFF,
  0x00, 0xF0, 0xFF, 0x0F, 0xFF, 0xFF, 0x00, 0x00, 0xF0, 0xFF, 0xFF, 0xFF, 0x0F, 0x00, 0x00, 0xF0,
  0xFF, 0xFF, 0x00, 0x00, 0xF0, 0xFF, 0xFF, 0xFF, 0xFF, 0x0F, 0xF0, 0xFF, 0xFF, 0xFF, 0xFF, 0x0F,
  0x00, 0x00, 0x00, 0xF0, 0xFF, 0x0F, 0x00, 0x00, 0x00, 0xF0, 0xFF, 0x00, 0x00, 0x00, 0x00, 0xF0,
  0xFF, 0x00, 0x00, 0x00, 0x00, 0xFF, 0x0F, 0x00, 0x00, 0x00, 0x00, 0xFF, 0x0F, 0x00, 0x00, 0x00,
  0xF0, 0xFF, 0x00, 0x00, 0x00, 0x00, 0xF0, 0xFF, 0x00, 0x00, 0x00, 0x00, 0xFF, 0x0F, 0x00, 0x00,
  0x00, 0xF0, 0xFF, 0x0F, 0x00, 0x00, 0x00, 0xF0, 0xFF, 0x00, 0x00, 0x00, 0x00, 0xFF, 0xFF, 0x00,
  0x00, 0x00, 0x00, 0xFF, 0x0F, 0x00, 0x00, 0x00, 0x00, 0x00, 0xFF, 0xFF, 0x0F, 0x00, 0x00, 0xF0,
  0xFF, 0xFF, 0xFF, 0xFF, 0x00, 0x00, 0xFF, 0xFF, 0xF0, 0xFF, 0x0F, 0x00, 0xFF, 0xFF, 0x00, 0x00,
  0xFF, 0x0F, 0x00, 0xFF, 0x0F, 0x00, 0xFF, 0x0F, 0x00, 0x00, 0xFF, 0xFF, 0xFF, 0x0F, 0x00, 0x00,
  0xF0, 0xFF, 0xFF, 0xFF, 0x00, 0x00, 0xF0, 0xFF, 0x0F, 0xFF, 0xFF, 0x00, 0xF0, 0xFF, 0x00, 0x00,
  0xF0, 0xFF, 0x00, 0xFF, 0x0F, 0x00, 0x00, 0xFF, 0x0F, 0xF0, 0xFF, 0x00, 0x00, 0xF0, 0xFF, 0x00,
  0xFF, 0xFF, 0x0F, 0xFF, 0xFF, 0x0F, 0x00, 0xFF, 0xFF, 0xFF, 0xFF, 0x0F, 0x00, 0x00, 0xF0, 0xFF,
  0xFF, 0x00, 0x00, 0x00, 0x00, 0xFF, 0xFF, 0x0F, 0x00, 0x00, 0xF0, 0xFF, 0xFF, 0xFF, 0x0F, 0x00,
  0xF0, 0xFF, 0xFF, 0xF0, 0xFF, 0x0F, 0x00, 0xFF, 0x0F, 0x00, 0xF0, 0xFF, 0x0F, 0xF0, 0xFF, 0x00,
  0x00, 0xF0, 0xFF, 0x00, 0xFF, 0x0F, 0x00, 0xF0, 0xFF, 0x0F, 0xF0, 0xFF, 0xFF, 0xF0, 0xFF, 0xFF,
  0x00, 0xF0, 0xFF, 0xFF, 0xFF, 0xFF, 0x0F, 0x00, 0xF0, 0xFF, 0x0F, 0xF0, 0xFF, 0x00, 0x00, 0x00,
  0x00, 0x00, 0xFF, 0x0F, 0xF0, 0xFF, 0x00, 0x00, 0xFF, 0x0F, 0x00, 0xF0, 0xFF, 0x0F, 0xFF, 0xFF,
  0x00, 0x00, 0xFF, 0xFF, 0xFF, 0xFF, 0x00, 0x00, 0x00, 0xF0, 0xFF, 0xFF, 0x00, 0x00, 0x00, 0xFF,
  0x0F, 0x00, 0xF0, 0xFF, 0x00, 0x00, 0xFF, 0x0F, 0x00, 0x00, 0x00, 0x00, 0x00, 0x00, 0x00, 0x00,
  0x00, 0x00, 0x00, 0x00, 0x00, 0x00, 0x00, 0xF0, 0xFF, 0x00, 0x00, 0xFF, 0x0F, 0x00, 0xF0, 0xFF,
  0x00, 0x00, 0xFF, 0x0F, 0x00, 0xF0, 0xFF, 0x00, 0x00, 0xFF, 0x0F, 0x00, 0x00, 0x00, 0x00, 0x00,
  0x00, 0x00, 0x00, 0x00, 0x00, 0x00, 0x00, 0x00, 0x00, 0x00, 0x00, 0x00, 0x00, 0x00, 0xFF, 0x0F,
  0x00, 0xF0, 0xFF, 0x00, 0x00, 0xFF, 0x00, 0x00, 0xFF, 0x0F, 0x00, 0xF0, 0xFF, 0x00, 0x00, 0xFF,
  0x00, 0x00, 0x00, 0x00, 0x00, 0x00, 0x00, 0x00, 0x00, 0x00, 0x00, 0x00, 0x00, 0xF0, 0xFF, 0x00,
  0x00, 0x00, 0x00, 0xF0, 0xFF, 0xFF, 0x00, 0x00, 0x00, 0xF0, 0xFF, 0xFF, 0x0F, 0x00, 0x00, 0xF0,
  0xFF, 0xFF, 0x0F, 0x00, 0x00, 0x00, 0xFF, 0xFF, 0x0F, 0x00, 0x00, 0x00, 0x00, 0xFF, 0xFF, 0x00,
  0x00, 0x00, 0x00, 0x00, 0xFF, 0xFF, 0xFF, 0x00, 0x00, 0x00, 0x00, 0x00, 0xFF, 0xFF, 0xFF, 0x00,
  0x00, 0x00, 0x00, 0x00, 0xFF, 0xFF, 0xFF, 0x00, 0x00, 0x00, 0x00, 0x00, 0xFF, 0xFF, 0x00, 0x00,
  0x00, 0x00, 0x00, 0x00, 0x00, 0x00, 0x00, 0xFF, 0xFF, 0xFF, 0xFF, 0xFF, 0x00, 0x00, 0xFF, 0xFF,
  0xFF, 0xFF, 0xFF, 0x00, 0x00, 0x00, 0x00, 0x00, 0x00, 0x00, 0x00, 0x00, 0x00, 0x00, 0x00, 0x00,
  0x00, 0x00, 0x00, 0x00, 0x00, 0x00, 0x00, 0x00, 0x00, 0x00, 0xFF, 0xFF, 0xFF, 0xFF, 0xFF, 0x00,
  0x00, 0xFF, 0xFF, 0xFF, 0xFF, 0xFF, 0x00, 0x00, 0x00, 0x00, 0x00, 0x00, 0x00, 0x00, 0x00, 0x00,
  0x00, 0x00, 0x00, 0x00, 0x00, 0x00, 0x00, 0x00, 0x00, 0x00, 0x00, 0x00, 0x00, 0xFF, 0x00, 0x00,
  0x00, 0x00, 0x00, 0x00, 0xFF, 0xFF, 0x0F, 0x00, 0x00, 0x00, 0x00, 0xFF, 0xFF, 0xFF, 0x0F, 0x00,
  0x00, 0x00, 0x00, 0xF0, 0xFF, 0xFF, 0x0F, 0x00, 0x00, 0x00, 0x00, 0xF0, 0xFF, 0xFF, 0x00, 0x00,
  0x00, 0x00, 0x00, 0xFF, 0xFF, 0x00, 0x00, 0x00, 0x00, 0xFF, 0xFF, 0xFF, 0x00, 0x00, 0xF0, 0xFF,
  0xFF, 0xFF, 0x00, 0x00, 0x00, 0xFF, 0xFF, 0x0F, 0x00, 0x00, 0x00, 0x00, 0xFF, 0x0F, 0x00, 0x00,
  0x00, 0x00, 0x00, 0x0F, 0x00, 0x00, 0x00, 0x00, 0x00, 0x00, 0xF0, 0xFF, 0xFF, 0x00, 0x00, 0xF0,
  0xFF, 0xFF, 0xFF, 0x00, 0xF0, 0xFF, 0x0F, 0xFF, 0xFF, 0x00, 0xFF, 0x0F, 0x00, 0xFF, 0x0F, 0x00,
  0x00, 0x00, 0xF0, 0xFF, 0x00, 0x00, 0x00, 0xF0, 0xFF, 0x0F, 0x00, 0x00, 0xF0, 0xFF, 0x0F, 0x00,
  0x00, 0xF0, 0xFF, 0x00, 0x00, 0x00, 0x00, 0xFF, 0x0F, 0x00, 0x00, 0x00, 0xF0, 0x0F, 0x00, 0x00,
  0x00, 0x00, 0x00, 0x00, 0x00, 0x00, 0x00, 0xF0, 0x0F, 0x00, 0x00, 0x00, 0xF0, 0xFF, 0x0F, 0x00,
  0x00, 0x00, 0xF0, 0x0F, 0x00, 0x00, 0x00, 0x00, 0x00, 0xF0, 0xFF, 0xFF, 0xFF, 0x00, 0x00, 0x00,
  0x00, 0x00, 0xF0, 0xFF, 0xFF, 0xFF, 0xFF, 0xFF, 0x00, 0x00, 0x00, 0xF0, 0xFF, 0xFF, 0x0F, 0x00,
  0xFF, 0xFF, 0x0F, 0x00, 0x00, 0xF0, 0xFF, 0x00, 0x00, 0x00, 0x00, 0xFF, 0xFF, 0x00, 0x00, 0xFF,
  0x0F, 0xF0, 0xFF, 0xFF, 0xFF, 0x0F, 0xFF, 0x0F, 0xF0, 0xFF, 0x00, 0xFF, 0xFF, 0xFF, 0xFF, 0x0F,
  0xFF, 0x0F, 0xF0, 0xFF, 0x00, 0xFF, 0x0F, 0xF0, 0xFF, 0x0F, 0xF0, 0x0F, 0xF0, 0xFF, 0x00, 0xFF,
  0x00, 0x00, 0xFF, 0x0F, 0xF0, 0x0F, 0xF0, 0x0F, 0xF0, 0xFF, 0x00, 0x00, 0xFF, 0x0F, 0xF0, 0x0F,
  0xF0, 0x0F, 0x00, 0xFF, 0x00, 0x00, 0xFF, 0x0F, 0xF0, 0x0F, 0xF0, 0xFF, 0x00, 0xFF, 0x00, 0x00,
  0xFF, 0x0F, 0xF0, 0x0F, 0xF0, 0xFF, 0x00, 0xFF, 0x0F, 0xF0, 0xFF, 0x0F, 0xFF, 0x0F, 0xF0, 0xFF,
  0x00, 0xF0, 0xFF, 0xFF, 0xFF, 0xFF, 0xFF, 0x00, 0x00, 0xFF, 0x0F, 0x00, 0xFF, 0xFF, 0xF0, 0xFF,
  0x0F, 0x00, 0x00, 0xFF, 0xFF, 0x00, 0x00, 0x00, 0x00, 0x00, 0x00, 0x00, 0x00, 0xF0, 0xFF, 0xFF,
  0x0F, 0x00, 0xFF, 0x0F, 0x00, 0x00, 0x00, 0x00, 0xF0, 0xFF, 0xFF, 0xFF, 0xFF, 0x0F, 0x00, 0x00,
  0x00, 0x00, 0x00, 0xF0, 0xFF, 0xFF, 0xFF, 0x00, 0x00, 0x00, 0x00, 0x00, 0xF0, 0xFF, 0xFF, 0x00,
  0x00, 0x00, 0x00, 0x00, 0xFF, 0xFF, 0x0F, 0x00, 0x00, 0x00, 0x00, 0xF0, 0xFF, 0xFF, 0x00, 0x00,
  0x00, 0x00, 0xF0, 0xFF, 0xF0, 0xFF, 0x00, 0x00, 0x00, 0x00, 0xFF, 0x0F, 0xFF, 0x0F, 0x00, 0x00,
  0x00, 0xFF, 0x0F, 0xF0, 0xFF, 0x00, 0x00, 0x00, 0xF0, 0xFF, 0x00, 0xF0, 0xFF, 0x00, 0x00, 0x00,
  0xFF, 0x0F, 0x00, 0xFF, 0x0F, 0x00, 0x00, 0xFF, 0xFF, 0xFF, 0xFF, 0xFF, 0x0F, 0x00, 0xF0, 0xFF,
  0xFF, 0xFF, 0xFF, 0xFF, 0x00, 0x00, 0xFF, 0x0F, 0x00, 0x00, 0xFF, 0x0F, 0x00, 0xFF, 0xFF, 0x00,
  0x00, 0xF0, 0xFF, 0x0F, 0xF0, 0xFF, 0x00, 0x00, 0x00, 0xF0, 0xFF, 0x00, 0xFF, 0x0F, 0x00, 0x00,
  0x00, 0xFF, 0x0F, 0xF0, 0xFF, 0xFF, 0xFF, 0xFF, 0x00, 0x00, 0xFF, 0xFF, 0xFF, 0xFF, 0xFF, 0x00,
  0xF0, 0xFF, 0x0F, 0x00, 0xFF, 0xFF, 0x00, 0xFF, 0x0F, 0x00, 0x00, 0xFF, 0x0F, 0xF0, 0xFF, 0x00,
  0x00, 0xF0, 0xFF, 0x00, 0xFF, 0xFF, 0x00, 0xFF, 0xFF, 0x00, 0xF0, 0xFF, 0xFF, 0xFF, 0xFF, 0x00,
  0x00, 0xFF, 0xFF, 0xFF, 0xFF, 0xFF, 0x00, 0xF0, 0xFF, 0x00, 0x00, 0xFF, 0xFF, 0x00, 0xFF, 0x0F,
  0x00, 0x00, 0xFF, 0x0F, 0xF0, 0xFF, 0x00, 0x00, 0xF0, 0xFF, 0x00, 0xFF, 0xFF, 0x00, 0xF0, 0xFF,
  0x0F, 0xF0, 0xFF, 0xFF, 0xFF, 0xFF, 0xFF, 0x00, 0xFF, 0xFF, 0xFF, 0xFF, 0x0F, 0x00, 0x00, 0x00,
  0xF0, 0xFF, 0xFF, 0x0F, 0x00, 0x00, 0x00, 0xFF, 0xFF, 0xFF, 0xFF, 0x0F, 0x00, 0x00, 0xFF, 0xFF,
  0x0F, 0xF0, 0xFF, 0x0F, 0x00, 0xF0, 0xFF, 0x00, 0x00, 0xF0, 0xFF, 0x0F, 0xF0, 0xFF, 0x00, 0x00,
  0x00, 0xF0, 0xFF, 0x00, 0xFF, 0x0F, 0x00, 0x00, 0x00, 0x00, 0x00, 0xF0, 0xFF, 0x00, 0x00, 0x00,
  0x00, 0x00, 0x00, 0xFF, 0x0F, 0x00, 0x00, 0x00, 0x00, 0x00, 0xF0, 0xFF, 0x00, 0x00, 0x00, 0x00,
  0x00, 0x00, 0xFF, 0x0F, 0x00, 0x00, 0x00, 0xFF, 0x0F, 0x00, 0xFF, 0x0F, 0x00, 0x00, 0xFF, 0xFF,
  0x00, 0xF0, 0xFF, 0xFF, 0x00, 0xFF, 0xFF, 0x00, 0x00, 0xF0, 0xFF, 0xFF, 0xFF, 0xFF, 0x00, 0x00,
  0x00, 0x00, 0xFF, 0xFF, 0xFF, 0x00, 0x00, 0xF0, 0xFF, 0xFF, 0xFF, 0x0F, 0x00, 0x00, 0xF0, 0xFF,
  0xFF, 0xFF, 0xFF, 0x0F, 0x00, 0xF0, 0xFF, 0x0F, 0xF0, 0xFF, 0xFF, 0x00, 0xF0, 0xFF, 0x00, 0x00,
  0xF0, 0xFF, 0x0F, 0xF0, 0xFF, 0x00, 0x00, 0x00, 0xFF, 0x0F, 0xF0, 0xFF, 0x00, 0x00, 0x00, 0xFF,
  0x0F, 0xF0, 0xFF, 0x00, 0x00, 0x00, 0xFF, 0xFF, 0xF0, 0xFF, 0x00, 0x00, 0x00, 0xFF, 0xFF, 0xF0,
  0xFF, 0x00, 0x00, 0x00, 0xFF, 0x0F, 0xF0, 0xFF, 0x00, 0x00, 0x00, 0xFF, 0x0F, 0xF0, 0xFF, 0x00,
  0x00, 0xF0, 0xFF, 0x0F, 0xF0, 0xFF, 0x0F, 0xF0, 0xFF, 0xFF, 0x00, 0xF0, 0xFF, 0xFF, 0xFF, 0xFF,
  0x0F, 0x00, 0xF0, 0xFF, 0xFF, 0xFF, 0x0F, 0x00, 0x00, 0xF0, 0xFF, 0xFF, 0xFF, 0xFF, 0x0F, 0xF0,
  0xFF, 0xFF, 0xFF, 0xFF, 0x0F, 0xF0, 0xFF, 0x0F, 0x00, 0x00, 0x00, 0xF0, 0xFF, 0x00, 0x00, 0x00,
  0x00, 0xF0, 0xFF, 0x00, 0x00, 0x00, 0x00, 0xF0, 0xFF, 0x0F, 0x00, 0x00, 0x00, 0xF0, 0xFF, 0xFF,
  0xFF, 0xFF, 0x0F, 0xF0, 0xFF, 0xFF, 0xFF, 0xFF, 0x0F, 0xF0, 0xFF, 0x00, 0x00, 0x00, 0x00, 0xF0,
  0xFF, 0x00, 0x00, 0x00, 0x00, 0xF0, 0xFF, 0x00, 0x00, 0x00, 0x00, 0xF0, 0xFF, 0x0F, 0x00, 0x00,
  0x00, 0xF0, 0xFF, 0xFF, 0xFF, 0xFF, 0x0F, 0xF0, 0xFF, 0xFF, 0xFF, 0xFF, 0x0F, 0xF0, 0xFF, 0xFF,
  0xFF, 0xFF, 0x0F, 0xF0, 0xFF, 0xFF, 0xFF, 0xFF, 0x0F, 0xF0, 0xFF, 0x0F, 0x00, 0x00, 0x00, 0xF0,
  0xFF, 0x00, 0x00, 0x00, 0x00, 0xF0, 0xFF, 0x00, 0x00, 0x00, 0x00, 0xF0, 0xFF, 0x00, 0x00, 0x00,
  0x00, 0xF0, 0xFF, 0xFF, 0xFF, 0xFF, 0x00, 0xF0, 0xFF, 0xFF, 0xFF, 0xFF, 0x00, 0xF0, 0xFF, 0x0F,
  0x00, 0x00, 0x00, 0xF0, 0xFF, 0x00, 0x00, 0x00, 0x00, 0xF0, 0xFF, 0x00, 0x00, 0x00, 0x00, 0xF0,
  0xFF, 0x00, 0x00, 0x00, 0x00, 0xF0, 0xFF, 0x00, 0x00, 0x00, 0x00, 0xF0, 0xFF, 0x00, 0x00, 0x00,
  0x00, 0x00, 0x00, 0xF0, 0xFF, 0xFF, 0x0F, 0x00, 0x00, 0x00, 0xFF, 0xFF, 0xFF, 0xFF, 0x0F, 0x00,
  0x00, 0xFF, 0xFF, 0x0F, 0xF0, 0xFF, 0x0F, 0x00, 0xF0, 0xFF, 0x00, 0x00, 0xF0, 0xFF, 0x0F, 0xF0,
  0xFF, 0x00, 0x00, 0x00, 0x00, 0x00, 0x00, 0xFF, 0x0F, 0x00, 0x00, 0x00, 0x00, 0x00, 0xF0, 0xFF,
  0x00, 0x00, 0xFF, 0xFF, 0xFF, 0x00, 0xFF, 0x0F, 0x00, 0xF0, 0xFF, 0xFF, 0x0F, 0xF0, 0xFF, 0x00,
  0x00, 0x00, 0xF0, 0xFF, 0x00, 0xFF, 0x0F, 0x00, 0x00, 0x00, 0xFF, 0x0F, 0x00, 0xFF, 0x0F, 0x00,
  0x00, 0xFF, 0xFF, 0x00, 0xF0, 0xFF, 0xFF, 0x00, 0xFF, 0xFF, 0x00, 0x00, 0xF0, 0xFF, 0xFF, 0xFF,
  0xFF, 0x00, 0x00, 0x00, 0x00, 0xFF, 0xFF, 0xFF, 0x00, 0x00, 0xF0, 0xFF, 0x00, 0x00, 0x00, 0xF0,
  0xFF, 0x00, 0xFF, 0x0F, 0x00, 0x00, 0x00, 0xFF, 0x0F, 0xF0, 0xFF, 0x00, 0x00, 0x00, 0xF0, 0xFF,
  0x00, 0xFF, 0x0F, 0x00, 0x00, 0x00, 0xFF, 0x0F, 0xF0, 0xFF, 0x00, 0x00, 0x00, 0xF0, 0xFF, 0x00,
  0xFF, 0xFF, 0x00, 0x00, 0xF0, 0xFF, 0x0F, 0xF0, 0xFF, 0xFF, 0xFF, 0xFF, 0xFF, 0xFF, 0x00, 0xFF,
  0xFF, 0xFF, 0xFF, 0xFF, 0xFF, 0x0F, 0xF0, 0xFF, 0x00, 0x00, 0x00, 0xF0, 0xFF, 0x00, 0xFF, 0x0F,
  0x00, 0x00, 0x00, 0xFF, 0x0F, 0xF0, 0xFF, 0x00, 0x00, 0x00, 0xF0, 0xFF, 0x00, 0xFF, 0x0F, 0x00,
  0x00, 0x00, 0xFF, 0x0F, 0xF0, 0xFF, 0x00, 0x00, 0x00, 0xF0, 0xFF, 0x00, 0xFF, 0x0F, 0x00, 0x00,
  0x00, 0xFF, 0x0F, 0xF0, 0xFF, 0x00, 0xF0, 0xFF, 0x00, 0xF0, 0xFF, 0x00, 0xF0, 0xFF, 0x00, 0xF0,
  0xFF, 0x00, 0xF0, 0xFF, 0x00, 0xF0, 0xFF, 0x00, 0xF0, 0xFF, 0x00, 0xF0, 0xFF, 0x00, 0xF0, 0xFF,
  0x00, 0xF0, 0xFF, 0x00, 0xF0, 0xFF, 0x00, 0xF0, 0xFF, 0x00, 0xF0, 0xFF, 0x00, 0x00, 0x00, 0x00,
  0xF0, 0xFF, 0x00, 0x00, 0x00, 0x00, 0xF0, 0xFF, 0x00, 0x00, 0x00, 0x00, 0xF0, 0xFF, 0x00, 0x00,
  0x00, 0x00, 0xF0, 0xFF, 0x00, 0x00, 0x00, 0x00, 0xF0, 0xFF, 0x00, 0x00, 0x00, 0x00, 0xF0, 0xFF,
  0x00, 0x00, 0x00, 0x00, 0xF0, 0xFF, 0x00, 0x00, 0x00, 0x00, 0xF0, 0xFF, 0x00, 0x00, 0x00, 0x00,
  0xF0, 0xFF, 0x00, 0xF0, 0xFF, 0x00, 0xF0, 0xFF, 0x00, 0xF0, 0xFF, 0x00, 0xF0, 0xFF, 0x00, 0xF0,
  0xFF, 0x0F, 0xFF, 0xFF, 0x00, 0x00, 0xFF, 0xFF, 0xFF, 0x0F, 0x00, 0x00, 0xF0, 0xFF, 0xFF, 0x00,
  0x00, 0xF0, 0xFF, 0x00, 0x00, 0x00, 0xFF, 0x0F, 0xF0, 0xFF, 0x00, 0x00, 0xF0, 0xFF, 0x00, 0xF0,
  0xFF, 0x00, 0x00, 0xFF, 0xFF, 0x00, 0xF0, 0xFF, 0x00, 0xF0, 0xFF, 0x0F, 0x00, 0xF0, 0xFF, 0x00,
  0xFF, 0xFF, 0x00, 0x00, 0xF0, 0xFF, 0xF0, 0xFF, 0x0F, 0x00, 0x00, 0xF0, 0xFF, 0xFF, 0xFF, 0x0F,
  0x00, 0x00, 0xF0, 0xFF, 0xFF, 0xFF, 0x0F, 0x00, 0x00, 0xF0, 0xFF, 0xFF, 0xFF, 0xFF, 0x00, 0x00,
  0xF0, 0xFF, 0x0F, 0xF0, 0xFF, 0x0F, 0x00, 0xF0, 0xFF, 0x00, 0x00, 0xFF, 0x0F, 0x00, 0xF0, 0xFF,
  0x00, 0x00, 0xF0, 0xFF, 0x00, 0xF0, 0xFF, 0x00, 0x00, 0xF0, 0xFF, 0x0F, 0xF0, 0xFF, 0x00, 0x00,
  0x00, 0xFF, 0xFF, 0xF0, 0xFF, 0x00, 0x00, 0x00, 0x00, 0xFF, 0x0F, 0x00, 0x00, 0x00, 0xF0, 0xFF,
  0x00, 0x00, 0x00, 0x00, 0xFF, 0x0F, 0x00, 0x00, 0x00, 0xF0, 0xFF, 0x00, 0x00, 0x00, 0x00, 0xFF,
  0x0F, 0x00, 0x00, 0x00, 0xF0, 0xFF, 0x00, 0x00, 0x00, 0x00, 0xFF, 0x0F, 0x00, 0x00, 0x00, 0xF0,
  0xFF, 0x00, 0x00, 0x00, 0x00, 0xFF, 0x0F, 0x00, 0x00, 0x00, 0xF0, 0xFF, 0x00, 0x00, 0x00, 0x00,
  0xFF, 0xFF, 0xFF, 0xFF, 0x0F, 0xF0, 0xFF, 0xFF, 0xFF, 0xFF, 0x0F, 0xFF, 0xFF, 0xFF, 0xFF, 0xFF,
  0xF0, 0xFF, 0xFF, 0x00, 0x00, 0x00, 0xFF, 0xFF, 0x0F, 0x00, 0xFF, 0xFF, 0xFF, 0x00, 0x00, 0xF0,
  0xFF, 0xFF, 0x00, 0xF0, 0xFF, 0xFF, 0x0F, 0x00, 0x00, 0xFF, 0xFF, 0x0F, 0x00, 0xFF, 0xFF, 0xFF,
  0x00, 0x00, 0xFF, 0xFF, 0xFF, 0x00, 0xF0, 0xFF, 0xFF, 0xFF, 0x00, 0xF0, 0xFF, 0xFF, 0x0F, 0x00,
  0xFF, 0x0F, 0xFF, 0x0F, 0x00, 0xFF, 0xFF, 0xFF, 0x00, 0xF0, 0xFF, 0xF0, 0xFF, 0x00, 0xFF, 0x0F,
  0xFF, 0x0F, 0x00, 0xFF, 0x0F, 0xF0, 0xFF, 0xF0, 0xFF, 0xF0, 0xFF, 0x00, 0xF0, 0xFF, 0x00, 0xFF,
  0x0F, 0xFF, 0x0F, 0xFF, 0x0F, 0x00, 0xFF, 0x0F, 0xF0, 0xFF, 0xFF, 0x0F, 0xF0, 0xFF, 0x00, 0xF0,
  0xFF, 0x00, 0xF0, 0xFF, 0xFF, 0x00, 0xFF, 0x0F, 0x00, 0xFF, 0x0F, 0x00, 0xFF, 0xFF, 0x0F, 0xF0,
  0xFF, 0x00, 0xF0, 0xFF, 0x00, 0xF0, 0xFF, 0x0F, 0x00, 0xFF, 0x0F, 0x00, 0xFF, 0x0F, 0x00, 0xF0,
  0xFF, 0x00, 0xF0, 0xFF, 0x00, 0xF0, 0xFF, 0x0F, 0x00, 0x00, 0xF0, 0xFF, 0x00, 0xFF, 0xFF, 0x0F,
  0x00, 0x00, 0xFF, 0x0F, 0xF0, 0xFF, 0xFF, 0x00, 0x00, 0xF0, 0xFF, 0x00, 0xFF, 0xFF, 0xFF, 0x00,
  0x00, 0xFF, 0x0F, 0xF0, 0xFF, 0xFF, 0xFF, 0x00, 0xF0, 0xFF, 0x00, 0xFF, 0x0F, 0xFF, 0x0F, 0x00,
  0xFF, 0x0F, 0xF0, 0xFF, 0x00, 0xFF, 0x0F, 0xF0, 0xFF, 0x00, 0xFF, 0x0F, 0xF0, 0xFF, 0x0F, 0xFF,
  0x0F, 0xF0, 0xFF, 0x00, 0xF0, 0xFF, 0xF0, 0xFF, 0x00, 0xFF, 0x0F, 0x00, 0xF0, 0xFF, 0xFF, 0x0F,
  0xF0, 0xFF, 0x00, 0x00, 0xFF, 0xFF, 0xFF, 0x00, 0xFF, 0x0F, 0x00, 0x00, 0xFF, 0xFF, 0x0F, 0xF0,
  0xFF, 0x00, 0x00, 0x00, 0xFF, 0xFF, 0x00, 0xFF, 0x0F, 0x00, 0x00, 0xF0, 0xFF, 0x0F, 0x00, 0x00,
  0xF0, 0xFF, 0xFF, 0x00, 0x00, 0x00, 0x00, 0xFF, 0xFF, 0xFF, 0xFF, 0x0F, 0x00, 0x00, 0xFF, 0xFF,
  0x0F, 0xF0, 0xFF, 0x0F, 0x00, 0xF0, 0xFF, 0x00, 0x00, 0xF0, 0xFF, 0x0F, 0xF0, 0xFF, 0x00, 0x00,
  0x00, 0xF0, 0xFF, 0x00, 0xFF, 0x0F, 0x00, 0x00, 0x00, 0xFF, 0x0F, 0xF0, 0xFF, 0x00, 0x00, 0x00,
  0xF0, 0xFF, 0x0F, 0xFF, 0x0F, 0x00, 0x00, 0x00, 0xFF, 0xFF, 0xF0, 0xFF, 0x00, 0x00, 0x00, 0xF0,
  0xFF, 0x00, 0xFF, 0x0F, 0x00, 0x00, 0x00, 0xFF, 0x0F, 0x00, 0xFF, 0x0F, 0x00, 0x00, 0xFF, 0xFF,
  0x00, 0xF0, 0xFF, 0xFF, 0x00, 0xFF, 0xFF, 0x00, 0x00, 0xF0, 0xFF, 0xFF, 0xFF, 0xFF, 0x00, 0x00,
  0x00, 0x00, 0xFF, 0xFF, 0xFF, 0x00, 0x00, 0xF0, 0xFF, 0xFF, 0xFF, 0xFF, 0x00, 0x00, 0xFF, 0xFF,
  0xFF, 0xFF, 0xFF, 0x00, 0xF0, 0xFF, 0x0F, 0xF0, 0xFF, 0xFF, 0x00, 0xFF, 0x0F, 0x00, 0x00, 0xFF,
  0x0F, 0xF0, 0xFF, 0x00, 0x00, 0xF0, 0xFF, 0x00, 0xFF, 0x0F, 0x00, 0x00, 0xFF, 0x0F, 0xF0, 0xFF,
  0x00, 0x00, 0xFF, 0xFF, 0x00, 0xFF, 0xFF, 0xFF, 0xFF, 0xFF, 0x00, 0xF0, 0xFF, 0xFF, 0xFF, 0xFF,
  0x00, 0x00, 0xFF, 0xFF, 0x00, 0x00, 0x00, 0x00, 0xF0, 0xFF, 0x00, 0x00, 0x00, 0x00, 0x00, 0xFF,
  0x0F, 0x00, 0x00, 0x00, 0x00, 0xF0, 0xFF, 0x00, 0x00, 0x00, 0x00, 0x00, 0xFF, 0x0F, 0x00, 0x00,
  0x00, 0x00, 0x00, 0x00, 0xF0, 0xFF, 0xFF, 0x00, 0x00, 0x00, 0x00, 0xF0, 0xFF, 0xFF, 0xFF, 0xFF,
  0x00, 0x00, 0x00, 0xFF, 0xFF, 0xFF, 0xFF, 0xFF, 0x0F, 0x00, 0x00, 0xFF, 0x0F, 0x00, 0x00, 0xFF,
  0xFF, 0x00, 0xF0, 0xFF, 0x0F, 0x00, 0x00, 0xF0, 0xFF, 0x00, 0xF0, 0xFF, 0x00, 0x00, 0x00, 0xF0,
  0xFF, 0x00, 0xF0, 0xFF, 0x00, 0x00, 0x00, 0xF0, 0xFF, 0x0F, 0xF0, 0xFF, 0x00, 0x00, 0x00, 0xF0,
  0xFF, 0x0F, 0xF0, 0xFF, 0x00, 0x00, 0x00, 0xF0, 0xFF, 0x00, 0xF0, 0xFF, 0x0F, 0xF0, 0xFF, 0xF0,
  0xFF, 0x00, 0x00, 0xFF, 0x0F, 0x00, 0xFF, 0xFF, 0xFF, 0x00, 0x00, 0xFF, 0xFF, 0xFF, 0xFF, 0xFF,
  0x0F, 0x00, 0x00, 0xF0, 0xFF, 0xFF, 0xFF, 0xFF, 0x0F, 0x00, 0x00, 0x00, 0xF0, 0xFF, 0xFF, 0xFF,
  0x0F, 0x00, 0x00, 0x00, 0x00, 0x00, 0x00, 0xF0, 0xFF, 0x00, 0xF0, 0xFF, 0xFF, 0xFF, 0xFF, 0x00,
  0x00, 0xFF, 0xFF, 0xFF, 0xFF, 0xFF, 0x00, 0xF0, 0xFF, 0x0F, 0xF0, 0xFF, 0xFF, 0x00, 0xFF, 0x0F,
  0x00, 0x00, 0xFF, 0x0F, 0xF0, 0xFF, 0x00, 0x00, 0xF0, 0xFF, 0x00, 0xFF, 0x0F, 0x00, 0x00, 0xFF,
  0x0F, 0xF0, 0xFF, 0x0F, 0xF0, 0xFF, 0xFF, 0x00, 0xFF, 0xFF, 0xFF, 0xFF, 0xFF, 0x00, 0xF0, 0xFF,
  0xFF, 0xFF, 0xFF, 0x00, 0x00, 0xFF, 0x0F, 0x00, 0xFF, 0x0F, 0x00, 0xF0, 0xFF, 0x00, 0xF0, 0xFF,
  0x0F, 0x00, 0xFF, 0x0F, 0x00, 0xF0, 0xFF, 0x00, 0xF0, 0xFF, 0x00, 0x00, 0xF0, 0xFF, 0x00, 0xFF,
  0x0F, 0x00, 0x00, 0xFF, 0x0F, 0x00, 0x00, 0xFF, 0xFF, 0xFF, 0x00, 0x00, 0xF0, 0xFF, 0xFF, 0xFF,
  0xFF, 0x00, 0x00, 0xFF, 0xFF, 0x00, 0xFF, 0xFF, 0x00, 0xFF, 0x0F, 0x00, 0x00, 0xFF, 0x0F, 0xF0,
  0xFF, 0x0F, 0x00, 0x00, 0x00, 0x00, 0xFF, 0xFF, 0x0F, 0x00, 0x00, 0x00, 0x00, 0xFF, 0xFF, 0xFF,
  0xFF, 0x00, 0x00, 0x00, 0xF0, 0xFF, 0xFF, 0xFF, 0x00, 0x00, 0x00, 0x00, 0x00, 0xFF, 0xFF, 0x00,
  0x00, 0x00, 0x00, 0x00, 0xFF, 0x0F, 0xF0, 0xFF, 0x00, 0x00, 0xF0, 0xFF, 0x00, 0xFF, 0xFF, 0x0F,
  0xF0, 0xFF, 0x0F, 0x00, 0xFF, 0xFF, 0xFF, 0xFF, 0x0F, 0x00, 0x00, 0xF0, 0xFF, 0xFF, 0x0F, 0x00,
  0xF0, 0xFF, 0xFF, 0xFF, 0xFF, 0xFF, 0x0F, 0xFF, 0xFF, 0xFF, 0xFF, 0xFF, 0xFF, 0x00, 0x00, 0xF0,
  0xFF, 0x00, 0x00, 0x00, 0x00, 0x00, 0xFF, 0x0F, 0x00, 0x00, 0x00, 0x00, 0xF0, 0xFF, 0x00, 0x00,
  0x00, 0x00, 0x00, 0xFF, 0x0F, 0x00, 0x00, 0x00, 0x00, 0xF0, 0xFF, 0x00, 0x00, 0x00, 0x00, 0x00,
  0xFF, 0x0F, 0x00, 0x00, 0x00, 0x00, 0xF0, 0xFF, 0x00, 0x00, 0x00, 0x00, 0x00, 0xFF, 0x0F, 0x00,
  0x00, 0x00, 0x00, 0xF0, 0xFF, 0x00, 0x00, 0x00, 0x00, 0x00, 0xFF, 0x0F, 0x00, 0x00, 0x00, 0x00,
  0xF0, 0xFF, 0x00, 0x00, 0x00, 0x00, 0x00, 0xFF, 0x0F, 0x00, 0x00, 0xF0, 0xFF, 0x00, 0x00, 0x00,
  0xFF, 0x0F, 0x00, 0xFF, 0x0F, 0x00, 0x00, 0xF0, 0xFF, 0x00, 0xF0, 0xFF, 0x00, 0x00, 0x00, 0xFF,
  0x0F, 0x00, 0xFF, 0x0F, 0x00, 0x00, 0xF0, 0xFF, 0x00, 0xF0, 0xFF, 0x00, 0x00, 0x00, 0xFF, 0x0F,
  0x00, 0xFF, 0x0F, 0x00, 0x00, 0xF0, 0xFF, 0x00, 0xF0, 0xFF, 0x00, 0x00, 0x00, 0xFF, 0x0F, 0x00,
  0xFF, 0x0F, 0x00, 0x00, 0xF0, 0xFF, 0x00, 0xF0, 0xFF, 0x00, 0x00, 0x00, 0xFF, 0x0F, 0x00, 0xFF,
  0x0F, 0x00, 0x00, 0xF0, 0xFF, 0x00, 0x00, 0xFF, 0x0F, 0x00, 0x00, 0xFF, 0x0F, 0x00, 0xF0, 0xFF,
  0xFF, 0xF0, 0xFF, 0xFF, 0x00, 0x00, 0xF0, 0xFF, 0xFF, 0xFF, 0xFF, 0x00, 0x00, 0x00, 0xF0, 0xFF,
  0xFF, 0x0F, 0x00, 0x00, 0xF0, 0xFF, 0x00, 0x00, 0x00, 0xF0, 0xFF, 0x00, 0xFF, 0x0F, 0x00, 0x00,
  0x00, 0xFF, 0x0F, 0xF0, 0xFF, 0x0F, 0x00, 0x00, 0xFF, 0xFF, 0x00, 0xF0, 0xFF, 0x00, 0x00, 0xF0,
  0xFF, 0x00, 0x00, 0xFF, 0x0F, 0x00, 0x00, 0xFF, 0x0F, 0x00, 0xF0, 0xFF, 0x0F, 0x00, 0xFF, 0xFF,
  0x00, 0x00, 0xF0, 0xFF, 0x00, 0xF0, 0xFF, 0x00, 0x00, 0x00, 0xFF, 0x0F, 0x00, 0xFF, 0x0F, 0x00,
  0x00, 0x00, 0xFF, 0x0F, 0xFF, 0x0F, 0x00, 0x00, 0x00, 0xF0, 0xFF, 0xF0, 0xFF, 0x00, 0x00, 0x00,
  0x00, 0xFF, 0x0F, 0xFF, 0x0F, 0x00, 0x00, 0x00, 0x00, 0xFF, 0xFF, 0x0F, 0x00, 0x00, 0x00, 0x00,
  0xF0, 0xFF, 0xFF, 0x00, 0x00, 0x00, 0x00, 0x00, 0xFF, 0xFF, 0x0F, 0x00, 0x00, 0xF0, 0xFF, 0x00,
  0x00, 0xF0, 0xFF, 0x00, 0x00, 0xF0, 0xFF, 0x00, 0xFF, 0x0F, 0x00, 0xF0, 0xFF, 0x0F, 0x00, 0x00,
  0xFF, 0x0F, 0xF0, 0xFF, 0x00, 0x00, 0xFF, 0xFF, 0x0F, 0x00, 0xFF, 0xFF, 0x00, 0xFF, 0xFF, 0x00,
  0xF0, 0xFF, 0xFF, 0x00, 0xF0, 0xFF, 0x00, 0x00, 0xFF, 0x0F, 0x00, 0xFF, 0xFF, 0x0F, 0x00, 0xFF,
  0x0F, 0x00, 0xF0, 0xFF, 0x00, 0xFF, 0x0F, 0xFF, 0x00, 0xF0, 0xFF, 0x00, 0x00, 0xFF, 0x0F, 0xF0,
  0xFF, 0xF0, 0xFF, 0xF0, 0xFF, 0x0F, 0x00, 0x00, 0xFF, 0x0F, 0xFF, 0x0F, 0xFF, 0x0F, 0xFF, 0x0F,
  0x00, 0x00, 0xF0, 0xFF, 0xF0, 0x0F, 0xF0, 0xFF, 0xF0, 0xFF, 0x00, 0x00, 0x00, 0xFF, 0xFF, 0xFF,
  0x00, 0xF0, 0x0F, 0xFF, 0x0F, 0x00, 0x00, 0xF0, 0xFF, 0xFF, 0x0F, 0x00, 0xFF, 0xFF, 0x0F, 0x00,
  0x00, 0x00, 0xF0, 0xFF, 0xFF, 0x00, 0xF0, 0xFF, 0xFF, 0x00, 0x00, 0x00, 0x00, 0xFF, 0xFF, 0x00,
  0x00, 0xFF, 0xFF, 0x0F, 0x00, 0x00, 0x00, 0xF0, 0xFF, 0x0F, 0x00, 0x00, 0xFF, 0xFF, 0x00, 0x00,
  0xF0, 0xFF, 0x0F, 0x00, 0x00, 0xFF, 0xFF, 0x00, 0xF0, 0xFF, 0x00, 0x00, 0xFF, 0xFF, 0x00, 0x00,
  0xF0, 0xFF, 0x00, 0xF0, 0xFF, 0x00, 0x00, 0x00, 0xFF, 0xFF, 0xF0, 0xFF, 0x00, 0x00, 0x00, 0x00,
  0xFF, 0xFF, 0xFF, 0x0F, 0x00, 0x00, 0x00, 0x00, 0xFF, 0xFF, 0x0F, 0x00, 0x00, 0x00, 0x00, 0xF0,
  0xFF, 0x0F, 0x00, 0x00, 0x00, 0x00, 0x00, 0xFF, 0xFF, 0x0F, 0x00, 0x00, 0x00, 0x00, 0xFF, 0xFF,
  0xFF, 0x00, 0x00, 0x00, 0x00, 0xF0, 0xFF, 0xF0, 0xFF, 0x00, 0x00, 0x00, 0xF0, 0xFF, 0x00, 0xFF,
  0xFF, 0x00, 0x00, 0xF0, 0xFF, 0x0F, 0x00, 0xFF, 0xFF, 0x00, 0x00, 0xFF, 0x0F, 0x00, 0x00, 0xFF,
  0x0F, 0x00, 0xFF, 0x0F, 0x00, 0x00, 0xF0, 0xFF, 0x0F, 0xF0, 0xFF, 0x00, 0x00, 0x00, 0xFF, 0xFF,
  0x00, 0xFF, 0xFF, 0x00, 0x00, 0xF0, 0xFF, 0x00, 0x00, 0xFF, 0x0F, 0x00, 0xF0, 0xFF, 0x0F, 0x00,
  0x00, 0xFF, 0x0F, 0x00, 0xFF, 0x0F, 0x00, 0x00, 0xF0, 0xFF, 0x0F, 0xFF, 0x0F, 0x00, 0x00, 0x00,
  0xF0, 0xFF, 0xF0, 0xFF, 0x00, 0x00, 0x00, 0x00, 0xFF, 0xFF, 0xFF, 0x00, 0x00, 0x00, 0x00, 0x00,
  0xFF, 0xFF, 0x0F, 0x00, 0x00, 0x00, 0x00, 0x00, 0xFF, 0x0F, 0x00, 0x00, 0x00, 0x00, 0x00, 0xF0,
  0xFF, 0x00, 0x00, 0x00, 0x00, 0x00, 0x00, 0xFF, 0x0F, 0x00, 0x00, 0x00, 0x00, 0x00, 0xF0, 0xFF,
  0x00, 0x00, 0x00, 0x00, 0x00, 0x00, 0xFF, 0x0F, 0x00, 0x00, 0x00, 0x00, 0x00, 0xF0, 0xFF, 0x00,
  0x00, 0x00, 0xF0, 0xFF, 0xFF, 0xFF, 0xFF, 0xFF, 0x00, 0xFF, 0xFF, 0xFF, 0xFF, 0xFF, 0x0F, 0x00,
  0x00, 0x00, 0x00, 0xFF, 0xFF, 0x00, 0x00, 0x00, 0x00, 0xF0, 0xFF, 0x00, 0x00, 0x00, 0x00, 0xF0,
  0xFF, 0x00, 0x00, 0x00, 0x00, 0xF0, 0xFF, 0x00, 0x00, 0x00, 0x00, 0xF0, 0xFF, 0x0F, 0x00, 0x00,
  0x00, 0x00, 0xFF, 0x0F, 0x00, 0x00, 0x00, 0x00, 0xFF, 0x0F, 0x00, 0x00, 0x00, 0x00, 0xFF, 0xFF,
  0x00, 0x00, 0x00, 0x00, 0xFF, 0xFF, 0x00, 0x00, 0x00, 0x00, 0xF0, 0xFF, 0x00, 0x00, 0x00, 0x00,
  0xF0, 0xFF, 0xFF, 0xFF, 0xFF, 0xFF, 0x00, 0xFF, 0xFF, 0xFF, 0xFF, 0xFF, 0x0F, 0x00, 0xFF, 0xFF,
  0x0F, 0x00, 0xFF, 0xFF, 0x0F, 0x00, 0xFF, 0x0F, 0x00, 0x00, 0xFF, 0x0F, 0x00, 0x00, 0xFF, 0x0F,
  0x00, 0x00, 0xFF, 0x0F, 0x00, 0x00, 0xFF, 0x0F, 0x00, 0x00, 0xFF, 0x0F, 0x00, 0x00, 0xFF, 0x0F,
  0x00, 0x00, 0xFF, 0x0F, 0x00, 0x00, 0xFF, 0x0F, 0x00, 0x00, 0xFF, 0x0F, 0x00, 0x00, 0xFF, 0x0F,
  0x00, 0x00, 0xFF, 0x0F, 0x00, 0x00, 0xFF, 0x0F, 0x00, 0x00, 0xFF, 0x0F, 0x00, 0x00, 0xFF, 0xFF,
  0x0F, 0x00, 0xFF, 0xFF, 0x0F, 0xF0, 0x0F, 0x00, 0x00, 0xFF, 0x0F, 0x00, 0x00, 0xF0, 0x0F, 0x00,
  0x00, 0xF0, 0xFF, 0x00, 0x00, 0xF0, 0xFF, 0x00, 0x00, 0x00, 0xFF, 0x00, 0x00, 0x00, 0xFF, 0x00,
  0x00, 0x00, 0xFF, 0x0F, 0x00, 0x00, 0xFF, 0x0F, 0x00, 0x00, 0xF0, 0x0F, 0x00, 0x00, 0xF0, 0xFF,
  0x00, 0x00, 0xF0, 0xFF, 0x00, 0x00, 0xF0, 0xFF, 0x00, 0x00, 0x00, 0xFF, 0x00, 0x00, 0x00, 0xFF,
  0x0F, 0x00, 0x00, 0xFF, 0x0F, 0x00, 0x00, 0xF0, 0x0F, 0x00, 0x00, 0xF0, 0x0F, 0xF0, 0xFF, 0xFF,
  0x00, 0xF0, 0xFF, 0xFF, 0x00, 0x00, 0xF0, 0xFF, 0x00, 0x00, 0xF0, 0xFF, 0x00, 0x00, 0xF0, 0xFF,
  0x00, 0x00, 0xF0, 0xFF, 0x00, 0x00, 0xF0, 0xFF, 0x00, 0x00, 0xF0, 0xFF, 0x00, 0x00, 0xF0, 0xFF,
  0x00, 0x00, 0xF0, 0xFF, 0x00, 0x00, 0xF0, 0xFF, 0x00, 0x00, 0xF0, 0xFF, 0x00, 0x00, 0xF0, 0xFF,
  0x00, 0x00, 0xF0, 0xFF, 0x00, 0x00, 0xF0, 0xFF, 0x00, 0x00, 0xF0, 0xFF, 0x00, 0xF0, 0xFF, 0xFF,
  0x00, 0xF0, 0xFF, 0xFF, 0x00, 0x00, 0xF0, 0xFF, 0x00, 0x00, 0x00, 0xF0, 0xFF, 0x0F, 0x00, 0x00,
  0xFF, 0xFF, 0x0F, 0x00, 0x00, 0xFF, 0x00, 0xFF, 0x00, 0xF0, 0xFF, 0x00, 0xFF, 0x00, 0xF0, 0x0F,
  0x00, 0xF0, 0x0F, 0x00, 0x00, 0x00, 0x00, 0x00, 0x00, 0x00, 0x00, 0x00, 0x00, 0x00, 0x00, 0x00,
  0x00, 0x00, 0x00, 0x00, 0x00, 0x00, 0x00, 0x00, 0x00, 0x00, 0x00, 0x00, 0x00, 0x00, 0x00, 0x00,
  0x00, 0x00, 0x00, 0x00, 0x00, 0x00, 0x00, 0x00, 0x00, 0x00, 0x00, 0x00, 0x00, 0x00, 0x00, 0x00,
  0xFF, 0xFF, 0xFF, 0xFF, 0xFF, 0xFF, 0xFF, 0xFF, 0xFF, 0xFF, 0x00, 0xFF, 0x0F, 0x00, 0x00, 0xFF,
  0x00, 0x00, 0xF0, 0x0F, 0x00, 0x00, 0x00, 0x00, 0x00, 0x00, 0x00, 0x00, 0x00, 0x00, 0x00, 0x00,
  0x00, 0x00, 0x00, 0x00, 0x00, 0x00, 0x00, 0x00, 0x00, 0x00, 0x00, 0x00, 0x00, 0x00, 0x00, 0x00,
  0x00, 0x00, 0x00, 0x00, 0x00, 0x00, 0x00, 0x00, 0x00, 0x00, 0x00, 0x00, 0x00, 0x00, 0x00, 0x00,
  0xF0, 0xFF, 0xFF, 0x00, 0x00, 0x00, 0xFF, 0xFF, 0xFF, 0xFF, 0x00, 0xF0, 0xFF, 0x0F, 0xFF, 0xFF,
  0x00, 0x00, 0x00, 0x00, 0xF0, 0xFF, 0x00, 0x00, 0x00, 0x00, 0xFF, 0xFF, 0x00, 0x00, 0xFF, 0xFF,
  0xFF, 0xFF, 0x00, 0xF0, 0xFF, 0x00, 0xF0, 0xFF, 0x00, 0xF0, 0xFF, 0x00, 0xF0, 0xFF, 0x00, 0xF0,
  0xFF, 0x00, 0xFF, 0xFF, 0x00, 0xF0, 0xFF, 0xFF, 0xFF, 0xFF, 0x00, 0x00, 0xFF, 0xFF, 0x00, 0xFF,
  0x00, 0xF0, 0xFF, 0x00, 0x00, 0x00, 0x00, 0x00, 0xFF, 0x0F, 0x00, 0x00, 0x00, 0x00, 0xF0, 0xFF,
  0x00, 0x00, 0x00, 0x00, 0x00, 0xFF, 0x0F, 0xF0, 0xFF, 0x00, 0x00, 0xF0, 0xFF, 0xFF, 0xFF, 0xFF,
  0x0F, 0x00, 0xFF, 0xFF, 0x0F, 0xFF, 0xFF, 0x00, 0xF0, 0xFF, 0x0F, 0x00, 0xFF, 0xFF, 0x00, 0xFF,
  0x0F, 0x00, 0x00, 0xFF, 0x0F, 0xF0, 0xFF, 0x00, 0x00, 0xF0, 0xFF, 0x00, 0xFF, 0x0F, 0x00, 0x00,
  0xFF, 0x0F, 0xF0, 0xFF, 0x0F, 0x00, 0xFF, 0xFF, 0x00, 0xFF, 0xFF, 0x0F, 0xFF, 0xFF, 0x00, 0xF0,
  0xFF, 0xFF, 0xFF, 0xFF, 0x0F, 0x00, 0xFF, 0x0F, 0xF0, 0xFF, 0x00, 0x00, 0x00, 0x00, 0xFF, 0xFF,
  0x0F, 0x00, 0x00, 0xFF, 0xFF, 0xFF, 0xFF, 0x00, 0xF0, 0xFF, 0xFF, 0xF0, 0xFF, 0x0F, 0xF0, 0xFF,
  0x00, 0x00, 0xFF, 0x0F, 0xF0, 0xFF, 0x00, 0x00, 0x00, 0x00, 0xF0, 0xFF, 0x00, 0x00, 0x00, 0x00,
  0xF0, 0xFF, 0x00, 0x00, 0x00, 0x00, 0xF0, 0xFF, 0x00, 0x00, 0xFF, 0x0F, 0xF0, 0xFF, 0xFF, 0xF0,
  0xFF, 0x0F, 0x00, 0xFF, 0xFF, 0xFF, 0xFF, 0x00, 0x00, 0x00, 0xFF, 0xFF, 0x0F, 0x00, 0x00, 0x00,
  0x00, 0x00, 0xFF, 0x0F, 0x00, 0x00, 0x00, 0x00, 0xF0, 0xFF, 0x00, 0x00, 0x00, 0x00, 0x00, 0xFF,
  0x0F, 0x00, 0x00, 0xFF, 0xFF, 0xF0, 0xFF, 0x00, 0x00, 0xFF, 0xFF, 0xFF, 0xFF, 0x0F, 0x00, 0xFF,
  0xFF, 0x0F, 0xFF, 0xFF, 0x00, 0xF0, 0xFF, 0x00, 0x00, 0xFF, 0x0F, 0x00, 0xFF, 0x0F, 0x00, 0xF0,
  0xFF, 0x00, 0xF0, 0xFF, 0x00, 0x00, 0xFF, 0x0F, 0x00, 0xFF, 0x0F, 0x00, 0xF0, 0xFF, 0x00, 0xF0,
  0xFF, 0x00, 0x00, 0xFF, 0x0F, 0x00, 0xFF, 0xFF, 0x0F, 0xFF, 0xFF, 0x00, 0x00, 0xFF, 0xFF, 0xFF,
  0xFF, 0x0F, 0x00, 0x00, 0xFF, 0xFF, 0xF0, 0xFF, 0x00, 0x00, 0x00, 0xFF, 0xFF, 0x00, 0x00, 0x00,
  0xFF, 0xFF, 0xFF, 0xFF, 0x00, 0xF0, 0xFF, 0x0F, 0xF0, 0xFF, 0x0F, 0xF0, 0xFF, 0x00, 0x00, 0xFF,
  0x0F, 0xF0, 0xFF, 0xFF, 0xFF, 0xFF, 0x0F, 0xF0, 0xFF, 0xFF, 0xFF, 0xFF, 0x0F, 0xF0, 0xFF, 0x00,
  0x00, 0x00, 0x00, 0xF0, 0xFF, 0x00, 0x00, 0x00, 0x00, 0xF0, 0xFF, 0x0F, 0xF0, 0xFF, 0x0F, 0x00,
  0xFF, 0xFF, 0xFF, 0xFF, 0x00, 0x00, 0x00, 0xFF, 0xFF, 0x0F, 0x00, 0x00, 0xF0, 0xFF, 0xFF, 0x00,
  0xFF, 0xFF, 0xFF, 0x00, 0xFF, 0x0F, 0x00, 0xFF, 0xFF, 0xFF, 0x0F, 0xFF, 0xFF, 0xFF, 0x0F, 0x00,
  0xFF, 0x0F, 0x00, 0x00, 0xFF, 0x0F, 0x00, 0x00, 0xFF, 0x0F, 0x00, 0x00, 0xFF, 0x0F, 0x00, 0x00,
  0xFF, 0x0F, 0x00, 0x00, 0xFF, 0x0F, 0x00, 0x00, 0xFF, 0x0F, 0x00, 0x00, 0xFF, 0x0F, 0x00, 0x00,
  0xFF, 0x0F, 0x00, 0x00, 0xF0, 0xFF, 0x0F, 0xFF, 0x0F, 0x00, 0xF0, 0xFF, 0xFF, 0xFF, 0xFF, 0x00,
  0xF0, 0xFF, 0xFF, 0xF0, 0xFF, 0x0F, 0x00, 0xFF, 0x0F, 0x00, 0xF0, 0xFF, 0x00, 0xF0, 0xFF, 0x00,
  0x00, 0xFF, 0x0F, 0x00, 0xFF, 0x0F, 0x00, 0xF0, 0xFF, 0x00, 0xF0, 0xFF, 0x00, 0x00, 0xFF, 0x0F,
  0x00, 0xFF, 0x0F, 0x00, 0xF0, 0xFF, 0x00, 0xF0, 0xFF, 0xFF, 0xF0, 0xFF, 0x0F, 0x00, 0xF0, 0xFF,
  0xFF, 0xFF, 0xFF, 0x00, 0x00, 0xF0, 0xFF, 0x0F, 0xFF, 0x0F, 0x00, 0x00, 0x00, 0x00, 0xF0, 0xFF,
  0x00, 0xF0, 0xFF, 0x0F, 0xF0, 0xFF, 0x0F, 0x00, 0xF0, 0xFF, 0xFF, 0xFF, 0x0F, 0x00, 0x00, 0xF0,
  0xFF, 0xFF, 0x0F, 0x00, 0x00, 0xF0, 0xFF, 0x00, 0x00, 0x00, 0x00, 0xF0, 0xFF, 0x00, 0x00, 0x00,
  0x00, 0xF0, 0xFF, 0x00, 0x00, 0x00, 0x00, 0xF0, 0xFF, 0xF0, 0xFF, 0x0F, 0x00, 0xF0, 0xFF, 0xFF,
  0xFF, 0xFF, 0x0F, 0xF0, 0xFF, 0xFF, 0xF0, 0xFF, 0x0F, 0xF0, 0xFF, 0x0F, 0x00, 0xFF, 0x0F, 0xF0,
  0xFF, 0x00, 0x00, 0xFF, 0x0F, 0xF0, 0xFF, 0x00, 0x00, 0xFF, 0x0F, 0xF0, 0xFF, 0x00, 0x00, 0xFF,
  0x0F, 0xF0, 0xFF, 0x00, 0x00, 0xFF, 0x0F, 0xF0, 0xFF, 0x00, 0x00, 0xFF, 0x0F, 0xF0, 0xFF, 0x00,
  0x00, 0xFF, 0x0F, 0xF0, 0xFF, 0x00, 0x00, 0xFF, 0x0F, 0x00, 0xFF, 0x00, 0xFF, 0x0F, 0x00, 0xFF,
  0x00, 0x00, 0x00, 0xF0, 0xFF, 0x00, 0xFF, 0x0F, 0xF0, 0xFF, 0x00, 0xFF, 0x0F, 0xF0, 0xFF, 0x00,
  0xFF, 0x0F, 0xF0, 0xFF, 0x00, 0xFF, 0x0F, 0xF0, 0xFF, 0x00, 0xFF, 0x0F, 0xF0, 0xFF, 0x00, 0x00,
  0xF0, 0x0F, 0x00, 0xFF, 0x0F, 0x00, 0xF0, 0x0F, 0x00, 0x00, 0x00, 0x00, 0xFF, 0x0F, 0x00, 0xFF,
  0x0F, 0x00, 0xFF, 0x0F, 0x00, 0xFF, 0x0F, 0x00, 0xFF, 0x0F, 0x00, 0xFF, 0x0F, 0x00, 0xFF, 0x0F,
  0x00, 0xFF, 0x0F, 0x00, 0xFF, 0x0F, 0x00, 0xFF, 0x0F, 0x00, 0xFF, 0x0F, 0x00, 0xFF, 0x0F, 0x00,
  0xFF, 0x0F, 0xFF, 0xFF, 0x0F, 0xFF, 0xFF, 0x00, 0xF0, 0xFF, 0x00, 0x00, 0x00, 0x00, 0xF0, 0xFF,
  0x00, 0x00, 0x00, 0x00, 0xF0, 0xFF, 0x00, 0x00, 0x00, 0x00, 0xF0, 0xFF, 0x00, 0xF0, 0xFF, 0x0F,
  0xF0, 0xFF, 0x00, 0xF0, 0xFF, 0x00, 0xF0, 0xFF, 0x00, 0xFF, 0x0F, 0x00, 0xF0, 0xFF, 0xF0, 0xFF,
  0x00, 0x00, 0xF0, 0xFF, 0xFF, 0xFF, 0x00, 0x00, 0xF0, 0xFF, 0xFF, 0xFF, 0x00, 0x00, 0xF0, 0xFF,
  0xFF, 0xFF, 0x00, 0x00, 0xF0, 0xFF, 0x00, 0xFF, 0x0F, 0x00, 0xF0, 0xFF, 0x00, 0xFF, 0xFF, 0x00,
  0xF0, 0xFF, 0x00, 0xF0, 0xFF, 0x0F, 0xF0, 0xFF, 0x00, 0x00, 0xFF, 0x0F, 0xF0, 0xFF, 0x00, 0xFF,
  0x0F, 0xF0, 0xFF, 0x00, 0xFF, 0x0F, 0xF0, 0xFF, 0x00, 0xFF, 0x0F, 0xF0, 0xFF, 0x00, 0xFF, 0x0F,
  0xF0, 0xFF, 0x00, 0xFF, 0x0F, 0xF0, 0xFF, 0x00, 0xFF, 0x0F, 0xF0, 0xFF, 0x00, 0xFF, 0x0F, 0xF0,
  0xFF, 0xF0, 0xFF, 0x0F, 0x00, 0xFF, 0x0F, 0x00, 0xF0, 0xFF, 0xFF, 0xFF, 0xFF, 0xFF, 0xFF, 0xFF,
  0x00, 0xF0, 0xFF, 0x0F, 0xF0, 0xFF, 0xFF, 0xF0, 0xFF, 0x0F, 0xF0, 0xFF, 0x00, 0x00, 0xFF, 0x0F,
  0x00, 0xFF, 0x0F, 0xF0, 0xFF, 0x00, 0x00, 0xFF, 0x0F, 0x00, 0xFF, 0x0F, 0xF0, 0xFF, 0x00, 0x00,
  0xFF, 0x0F, 0x00, 0xFF, 0x0F, 0xF0, 0xFF, 0x00, 0x00, 0xFF, 0x0F, 0x00, 0xFF, 0x0F, 0xF0, 0xFF,
  0x00, 0x00, 0xFF, 0x0F, 0x00, 0xFF, 0x0F, 0xF0, 0xFF, 0x00, 0x00, 0xFF, 0x0F, 0x00, 0xFF, 0x0F,
  0xF0, 0xFF, 0x00, 0x00, 0xFF, 0x0F, 0x00, 0xFF, 0x0F, 0xF0, 0xFF, 0x00, 0x00, 0xFF, 0x0F, 0x00,
  0xFF, 0x0F, 0xF0, 0xFF, 0xF0, 0xFF, 0x0F, 0x00, 0xF0, 0xFF, 0xFF, 0xFF, 0xFF, 0x0F, 0xF0, 0xFF,
  0xFF, 0xF0, 0xFF, 0x0F, 0xF0, 0xFF, 0x0F, 0x00, 0xFF, 0x0F, 0xF0, 0xFF, 0x00, 0x00, 0xFF, 0x0F,
  0xF0, 0xFF, 0x00, 0x00, 0xFF, 0x0F, 0xF0, 0xFF, 0x00, 0x00, 0xFF, 0x0F, 0xF0, 0xFF, 0x00, 0x00,
  0xFF, 0x0F, 0xF0, 0xFF, 0x00, 0x00, 0xFF, 0x0F, 0xF0, 0xFF, 0x00, 0x00, 0xFF, 0x0F, 0xF0, 0xFF,
  0x00, 0x00, 0xFF, 0x0F, 0x00, 0x00, 0xFF, 0xFF, 0x0F, 0x00, 0x00, 0xFF, 0xFF, 0xFF, 0xFF, 0x00,
  0xF0, 0xFF, 0xFF, 0xF0, 0xFF, 0x0F, 0xF0, 0xFF, 0x00, 0x00, 0xFF, 0x0F, 0xF0, 0xFF, 0x00, 0x00,
  0xFF, 0x0F, 0xF0, 0xFF, 0x00, 0x00, 0xFF, 0xFF, 0xF0, 0xFF, 0x00, 0x00, 0xFF, 0x0F, 0xF0, 0xFF,
  0x00, 0x00, 0xFF, 0x0F, 0xF0, 0xFF, 0xFF, 0xF0, 0xFF, 0x0F, 0x00, 0xFF, 0xFF, 0xFF, 0xFF, 0x00,
  0x00, 0x00, 0xFF, 0xFF, 0x0F, 0x00, 0xF0, 0xFF, 0x00, 0xFF, 0x0F, 0x00, 0x00, 0xFF, 0xFF, 0xFF,
  0xFF, 0xFF, 0x00, 0xF0, 0xFF, 0xFF, 0xF0, 0xFF, 0x0F, 0x00, 0xFF, 0xFF, 0x00, 0xF0, 0xFF, 0x0F,
  0xF0, 0xFF, 0x00, 0x00, 0xF0, 0xFF, 0x00, 0xFF, 0x0F, 0x00, 0x00, 0xFF, 0x0F, 0xF0, 0xFF, 0x00,
  0x00, 0xF0, 0xFF, 0x00, 0xFF, 0xFF, 0x00, 0xF0, 0xFF, 0x0F, 0xF0, 0xFF, 0xFF, 0xF0, 0xFF, 0x0F,
  0x00, 0xFF, 0xFF, 0xFF, 0xFF, 0xFF, 0x00, 0xF0, 0xFF, 0x00, 0xFF, 0x0F, 0x00, 0x00, 0xFF, 0x0F,
  0x00, 0x00, 0x00, 0x00, 0xF0, 0xFF, 0x00, 0x00, 0x00, 0x00, 0x00, 0xFF, 0x0F, 0x00, 0x00, 0x00,
  0x00, 0xF0, 0xFF, 0x00, 0x00, 0x00, 0x00, 0x00, 0x00, 0xF0, 0xFF, 0x0F, 0xFF, 0x0F, 0x00, 0xF0,
  0xFF, 0xFF, 0xFF, 0xFF, 0x00, 0xF0, 0xFF, 0xFF, 0xF0, 0xFF, 0x0F, 0x00, 0xFF, 0x0F, 0x00, 0xF0,
  0xFF, 0x00, 0xF0, 0xFF, 0x00, 0x00, 0xFF, 0x0F, 0x00, 0xFF, 0x0F, 0x00, 0xF0, 0xFF, 0x00, 0xF0,
  0xFF, 0x00, 0x00, 0xFF, 0x0F, 0x00, 0xFF, 0x0F, 0x00, 0xF0, 0xFF, 0x00, 0xF0, 0xFF, 0xFF, 0xF0,
  0xFF, 0x0F, 0x00, 0xF0, 0xFF, 0xFF, 0xFF, 0xFF, 0x00, 0x00, 0xF0, 0xFF, 0x0F, 0xFF, 0x0F, 0x00,
  0x00, 0x00, 0x00, 0xF0, 0xFF, 0x00, 0x00, 0x00, 0x00, 0x00, 0xFF, 0x0F, 0x00, 0x00, 0x00, 0x00,
  0xF0, 0xFF, 0x00, 0x00, 0x00, 0x00, 0x00, 0xFF, 0x0F, 0x00, 0x00, 0x00, 0x00, 0x00, 0xF0, 0xFF,
  0xF0, 0xFF, 0xF0, 0xFF, 0xFF, 0xFF, 0xF0, 0xFF, 0xFF, 0x00, 0xF0, 0xFF, 0x0F, 0x00, 0xF0, 0xFF,
  0x00, 0x00, 0xF0, 0xFF, 0x00, 0x00, 0xF0, 0xFF, 0x00, 0x00, 0xF0, 0xFF, 0x00, 0x00, 0xF0, 0xFF,
  0x00, 0x00, 0xF0, 0xFF, 0x00, 0x00, 0xF0, 0xFF, 0x00, 0x00, 0x00, 0xF0, 0xFF, 0xFF, 0x00, 0x00,
  0xF0, 0xFF, 0xFF, 0xFF, 0x00, 0xF0, 0xFF, 0x0F, 0xFF, 0xFF, 0x00, 0xFF, 0x0F, 0x00, 0x00, 0x00,
  0xF0, 0xFF, 0xFF, 0x00, 0x00, 0x00, 0xF0, 0xFF, 0xFF, 0xFF, 0x00, 0x00, 0x00, 0x00, 0xFF, 0xFF,
  0x00, 0xF0, 0x00, 0x00, 0xFF, 0x0F, 0xF0, 0xFF, 0x0F, 0xFF, 0xFF, 0x00, 0xF0, 0xFF, 0xFF, 0xFF,
  0x0F, 0x00, 0xF0, 0xFF, 0xFF, 0x00, 0x00, 0x00, 0xFF, 0x00, 0x00, 0xF0, 0xFF, 0x00, 0x00, 0xFF,
  0x0F, 0xF0, 0xFF, 0xFF, 0xFF, 0xFF, 0xFF, 0xFF, 0x0F, 0xFF, 0xFF, 0x00, 0x00, 0xFF, 0x0F, 0x00,
  0xF0, 0xFF, 0x00, 0x00, 0xFF, 0x0F, 0x00, 0xF0, 0xFF, 0x00, 0x00, 0xFF, 0x0F, 0x00, 0xF0, 0xFF,
  0x00, 0x00, 0xFF, 0xFF, 0x0F, 0x00, 0xFF, 0xFF, 0xF0, 0xFF, 0x00, 0x00, 0xFF, 0x0F, 0xF0, 0xFF,
  0x00, 0x00, 0xFF, 0x0F, 0xF0, 0xFF, 0x00, 0x00, 0xFF, 0x0F, 0xF0, 0xFF, 0x00, 0x00, 0xFF, 0x0F,
  0xF0, 0xFF, 0x00, 0x00, 0xFF, 0x0F, 0xF0, 0xFF, 0x00, 0x00, 0xFF, 0x0F, 0xF0, 0xFF, 0x00, 0x00,
  0xFF, 0x0F, 0xF0, 0xFF, 0x0F, 0x00, 0xFF, 0x0F, 0xF0, 0xFF, 0xFF, 0xFF, 0xFF, 0x0F, 0x00, 0xFF,
  0xFF, 0xFF, 0xFF, 0x0F, 0x00, 0xF0, 0xFF, 0x0F, 0xFF, 0x0F, 0xFF, 0xFF, 0x00, 0x00, 0xFF, 0xFF,
  0xF0, 0xFF, 0x00, 0x00, 0xFF, 0x0F, 0xF0, 0xFF, 0x00, 0x00, 0xFF, 0x0F, 0x00, 0xFF, 0x0F, 0xF0,
  0xFF, 0x00, 0x00, 0xFF, 0x0F, 0xF0, 0xFF, 0x00, 0x00, 0xFF, 0x0F, 0xF0, 0xFF, 0x00, 0x00, 0xF0,
  0xFF, 0xF0, 0x0F, 0x00, 0x00, 0xF0, 0xFF, 0xFF, 0x0F, 0x00, 0x00, 0xF0, 0xFF, 0xFF, 0x0F, 0x00,
  0x00, 0x00, 0xFF, 0xFF, 0x00, 0x00, 0x00, 0x00, 0xFF, 0xFF, 0x00, 0x00, 0xFF, 0xFF, 0x00, 0xF0,
  0xFF, 0x00, 0xF0, 0xFF, 0x0F, 0xFF, 0x0F, 0x00, 0xFF, 0x0F, 0x00, 0xFF, 0x0F, 0xF0, 0xFF, 0x00,
  0xFF, 0xFF, 0x0F, 0xF0, 0xFF, 0x00, 0xFF, 0x0F, 0xF0, 0xFF, 0xFF, 0x00, 0xFF, 0x0F, 0x00, 0xFF,
  0x00, 0xFF, 0xFF, 0x0F, 0xFF, 0x0F, 0x00, 0xF0, 0xFF, 0xF0, 0x0F, 0xFF, 0xF0, 0xFF, 0x00, 0x00,
  0xFF, 0x0F, 0xFF, 0xF0, 0x0F, 0xFF, 0x0F, 0x00, 0xF0, 0xFF, 0xFF, 0x0F, 0xFF, 0xFF, 0xFF, 0x00,
  0x00, 0xF0, 0xFF, 0x0F, 0x00, 0xFF, 0xFF, 0x00, 0x00, 0x00, 0xFF, 0xFF, 0x00, 0xF0, 0xFF, 0x0F,
  0x00, 0x00, 0xF0, 0xFF, 0x0F, 0x00, 0xFF, 0xFF, 0x00, 0x00, 0xF0, 0xFF, 0x00, 0x00, 0xFF, 0x0F,
  0xF0, 0xFF, 0x0F, 0xF0, 0xFF, 0x00, 0x00, 0xFF, 0x0F, 0xFF, 0xFF, 0x00, 0x00, 0xF0, 0xFF, 0xFF,
  0x0F, 0x00, 0x00, 0xF0, 0xFF, 0xFF, 0x00, 0x00, 0x00, 0x00, 0xFF, 0xFF, 0x00, 0x00, 0x00, 0xF0,
  0xFF, 0xFF, 0x00, 0x00, 0x00, 0xF0, 0xFF, 0xFF, 0x0F, 0x00, 0x00, 0xFF, 0x0F, 0xF0, 0xFF, 0x00,
  0xF0, 0xFF, 0x00, 0xF0, 0xFF, 0x00, 0xF0, 0xFF, 0x00, 0x00, 0xFF, 0x0F, 0xFF, 0xFF, 0x00, 0x00,
  0xFF, 0xFF, 0xF0, 0xFF, 0x00, 0x00, 0xFF, 0x0F, 0xF0, 0xFF, 0x00, 0x00, 0xFF, 0x0F, 0x00, 0xFF,
  0x0F, 0xF0, 0xFF, 0x00, 0x00, 0xFF, 0x0F, 0xF0, 0xFF, 0x00, 0x00, 0xFF, 0x0F, 0xF0, 0xFF, 0x00,
  0x00, 0xF0, 0xFF, 0xFF, 0x0F, 0x00, 0x00, 0xF0, 0xFF, 0xFF, 0x0F, 0x00, 0x00, 0xF0, 0xFF, 0xFF,
  0x0F, 0x00, 0x00, 0x00, 0xFF, 0xFF, 0x00, 0x00, 0x00, 0x00, 0xFF, 0xFF, 0x00, 0x00, 0x00, 0x00,
  0xFF, 0x0F, 0x00, 0x00, 0x00, 0x00, 0xFF, 0x0F, 0x00, 0x00, 0xF0, 0xFF, 0xFF, 0x00, 0x00, 0x00,
  0xF0, 0xFF, 0x0F, 0x00, 0x00, 0x00, 0xF0, 0xFF, 0xFF, 0xFF, 0xFF, 0x00, 0xFF, 0xFF, 0xFF, 0xFF,
  0x0F, 0x00, 0x00, 0x00, 0xFF, 0xFF, 0x00, 0x00, 0x00, 0xF0, 0xFF, 0x00, 0x00, 0x00, 0xF0, 0xFF,
  0x00, 0x00, 0x00, 0xF0, 0xFF, 0x00, 0x00, 0x00, 0xF0, 0xFF, 0x0F, 0x00, 0x00, 0xF0, 0xFF, 0x0F,
  0x00, 0x00, 0x00, 0xFF, 0xFF, 0x00, 0x00, 0x00, 0xFF, 0xFF, 0xFF, 0xFF, 0x0F, 0xF0, 0xFF, 0xFF,
  0xFF, 0xFF, 0x00, 0x00, 0x00, 0xF0, 0xFF, 0x00, 0x00, 0xF0, 0xFF, 0x0F, 0x00, 0x00, 0xFF, 0xFF,
  0x00, 0x00, 0xF0, 0x0F, 0x00, 0x00, 0xF0, 0xFF, 0x00, 0x00, 0x00, 0xFF, 0x0F, 0x00, 0x00, 0xF0,
  0xFF, 0x00, 0x00, 0x00, 0xFF, 0x0F, 0x00, 0xF0, 0xFF, 0x0F, 0x00, 0x00, 0xFF, 0xFF, 0x00, 0x00,
  0x00, 0xFF, 0xFF, 0x00, 0x00, 0x00, 0xFF, 0x0F, 0x00, 0x00, 0xF0, 0xFF, 0x00, 0x00, 0x00, 0xFF,
  0x0F, 0x00, 0x00, 0x00, 0xFF, 0x00, 0x00, 0x00, 0xF0, 0xFF, 0x00, 0x00, 0x00, 0xFF, 0xFF, 0x00,
  0x00, 0x00, 0xFF, 0x0F, 0x00, 0x00, 0x00, 0x00, 0x00, 0x00, 0xFF, 0x0F, 0x00, 0xF0, 0xFF, 0x00,
  0x00, 0xFF, 0x0F, 0x00, 0xF0, 0xFF, 0x00, 0x00, 0xFF, 0x0F, 0x00, 0xF0, 0xFF, 0x00, 0x00, 0xFF,
  0x0F, 0x00, 0xF0, 0xFF, 0x00, 0x00, 0xFF, 0x0F, 0x00, 0xF0, 0xFF, 0x00, 0x00, 0xFF, 0x0F, 0x00,
  0xF0, 0xFF, 0x00, 0x00, 0xFF, 0x0F, 0x00, 0xF0, 0xFF, 0x00, 0x00, 0xFF, 0x0F, 0x00, 0xF0, 0xFF,
  0x00, 0x00, 0xFF, 0x0F, 0x00, 0xF0, 0xFF, 0x00, 0x00, 0xFF, 0x0F, 0x00, 0xF0, 0xFF, 0x00, 0x00,
  0xFF, 0x0F, 0x00, 0xF0, 0xFF, 0x00, 0x00, 0xFF, 0x0F, 0x00, 0xF0, 0xFF, 0x00, 0xF0, 0xFF, 0x00,
  0x00, 0x00, 0xFF, 0xFF, 0x00, 0x00, 0x00, 0xFF, 0xFF, 0x00, 0x00, 0x00, 0xFF, 0x0F, 0x00, 0x00,
  0xF0, 0xFF, 0x00, 0x00, 0x00, 0xFF, 0x0F, 0x00, 0x00, 0xF0, 0xFF, 0x00, 0x00, 0x00, 0xFF, 0xFF,
  0x00, 0x00, 0x00, 0xFF, 0xFF, 0x00, 0x00, 0x00, 0xFF, 0x0F, 0x00, 0xF0, 0xFF, 0x0F, 0x00, 0x00,
  0xFF, 0x0F, 0x00, 0x00, 0xF0, 0xFF, 0x00, 0x00, 0x00, 0xFF, 0x0F, 0x00, 0x00, 0xF0, 0xFF, 0x00,
  0x00, 0xF0, 0xFF, 0x0F, 0x00, 0xF0, 0xFF, 0x0F, 0x00, 0x00, 0xFF, 0xFF, 0x00, 0x00, 0x00, 0x00,
  0x00, 0x00, 0x00, 0x00, 0x00, 0x00, 0x00, 0x00, 0x00, 0x00, 0x00, 0xFF, 0xFF, 0x0F, 0x00, 0xFF,
  0x00, 0x00, 0xFF, 0xFF, 0xFF, 0xFF, 0xFF, 0x00, 0x00, 0xFF, 0x00, 0xFF, 0xFF, 0xFF, 0x00, 0x00,
  0xFF, 0x00, 0xF0, 0xFF, 0x0F, 0x00, 0x00, 0x00, 0x00, 0x00, 0x00, 0x00, 0x00, 0x00, 0x00, 0x00,
  0x00, 0x00, 0x00, 0x00, 0x00, 0x00, 0x00, 0x00, 0x00, 0x00, 0x00, 0x00, 0x00, 0x00, 0x00, 0x00,
  0x00, 0x00,
};
static constexpr Font kQualificationBoldMono{kQualificationBoldMonoGlyphs, kQualificationBoldMonoBitmap, 20, 5, 25};
}  // namespace ui::fonts
